2010-01-01 00:00:00,-2.1,963.5,17,-999,-999
2010-01-01 01:00:00,-0.5,961.2,17,-999,-999
2010-01-01 02:00:00,-1.2,965.7,12,-999,-999
2010-01-01 03:00:00,0.1,966.9,19,-999,-999
2010-01-01 04:00:00,0,969,20,-999,-999
2010-01-01 05:00:00,3.2,966.2,17,-999,-999
2010-01-01 06:00:00,1.4,971.3,22,-999,-999
2010-01-01 07:00:00,2,963.1,14,-999,-999
2010-01-01 08:00:00,-1.2,964.9,20,-999,-999
2010-01-01 09:00:00,2.1,963.3,19,-999,-999
2010-01-01 10:00:00,1,967.2,25,-999,-999
2010-01-01 11:00:00,-2.5,962.8,14,-999,-999
2010-01-01 12:00:00,-0.8,963.8,18,-999,-999
2010-01-01 13:00:00,-3.3,971.5,16,-999,-999
2010-01-01 14:00:00,-5.2,967.4,17,-999,-999
2010-01-01 15:00:00,-6.3,968.2,17,-999,-999
2010-01-01 16:00:00,-5.5,963.8,17,-999,-999
2010-01-01 17:00:00,-4.2,966.7,18,-999,-999
2010-01-01 18:00:00,-5.6,964.6,23,-999,-999
2010-01-01 19:00:00,-5.6,966.9,27,-999,-999
2010-01-01 20:00:00,-7.3,965.8,14,-999,-999
2010-01-01 21:00:00,-5.6,962.9,9,-999,-999
2010-01-01 22:00:00,-4.5,964.6,15,-999,-999
2010-01-01 23:00:00,-2,967.4,14,-999,-999
2010-01-02 00:00:00,-2.3,970.9,15,-999,-999
2010-01-02 01:00:00,-1.4,963.7,16,-999,-999
2010-01-02 02:00:00,-1.6,971.2,20,-999,-999
2010-01-02 03:00:00,0,967.3,14,-999,-999
2010-01-02 04:00:00,1.2,963.3,18,-999,-999
2010-01-02 05:00:00,2.6,972,15,-999,-999
2010-01-02 06:00:00,3.1,968.9,18,-999,-999
2010-01-02 07:00:00,1.2,966.8,17,-999,-999
2010-01-02 08:00:00,2.2,970.6,16,-999,-999
2010-01-02 09:00:00,-0.1,964.5,17,-999,-999
2010-01-02 10:00:00,-0.6,968.6,24,-999,-999
2010-01-02 11:00:00,-0.6,969.5,21,-999,-999
2010-01-02 12:00:00,-2.9,967.4,13,-999,-999
2010-01-02 13:00:00,1.8,968.9,18,-999,-999
2010-01-02 14:00:00,-5,974.3,21,-999,-999
2010-01-02 15:00:00,-3.2,963.5,8,-999,-999
2010-01-02 16:00:00,-4.7,967.9,17,-999,-999
2010-01-02 17:00:00,-6.3,966.5,11,-999,-999
2010-01-02 18:00:00,-6.9,972.5,21,-999,-999
2010-01-02 19:00:00,-7.9,967.5,18,-999,-999
2010-01-02 20:00:00,-4,968.7,21,-999,-999
2010-01-02 21:00:00,-4.5,967.6,21,-999,-999
2010-01-02 22:00:00,-4,969.5,15,-999,-999
2010-01-02 23:00:00,-3.2,965.6,20,-999,-999
2010-01-03 00:00:00,-2.2,967.3,17,-999,-999
2010-01-03 01:00:00,-1.8,966.9,22,-999,-999
2010-01-03 02:00:00,-0.5,970.1,23,-999,-999
2010-01-03 03:00:00,-1.4,965.6,19,-999,-999
2010-01-03 04:00:00,2.9,965.5,21,-999,-999
2010-01-03 05:00:00,0.4,970.3,13,-999,-999
2010-01-03 06:00:00,-0.3,967.1,19,-999,-999
2010-01-03 07:00:00,4.2,970.7,27,-999,-999
2010-01-03 09:00:00,1.2,967.3,23,-999,-999
2010-01-03 10:00:00,-0.8,971.9,25,-999,-999
2010-01-03 11:00:00,0.1,965.5,15,-999,-999
2010-01-03 12:00:00,-1.1,970.7,16,-999,-999
2010-01-03 13:00:00,-3.4,973.6,18,-999,-999
2010-01-03 14:00:00,-3.7,971.5,21,-999,-999
2010-01-03 15:00:00,-3.3,970.1,9,-999,-999
2010-01-03 16:00:00,-5.8,966.3,24,-999,-999
2010-01-03 17:00:00,-5.5,964,5,-999,-999
2010-01-03 18:00:00,-6.1,968.9,16,-999,-999
2010-01-03 19:00:00,-5,965.3,9,-999,-999
2010-01-03 20:00:00,-5.5,968.2,23,-999,-999
2010-01-03 21:00:00,-6.1,975.4,20,-999,-999
2010-01-03 22:00:00,-4.8,966.1,32,-999,-999
2010-01-03 23:00:00,-3.1,970,20,-999,-999
2010-01-04 00:00:00,-1.8,967.1,9,-999,-999
2010-01-04 01:00:00,1.2,974.1,12,-999,-999
2010-01-04 02:00:00,0.7,966.3,22,-999,-999
2010-01-04 03:00:00,0.4,968.5,26,-999,-999
2010-01-04 04:00:00,1,972.9,16,-999,-999
2010-01-04 05:00:00,0.4,965.6,8,-999,-999
2010-01-04 06:00:00,1.5,963.5,16,-999,-999
2010-01-04 07:00:00,5,963.3,12,-999,-999
2010-01-04 08:00:00,0.9,970.6,20,-999,-999
2010-01-04 09:00:00,0.7,970.7,10,-999,-999
2010-01-04 10:00:00,0,964.6,16,-999,-999
2010-01-04 11:00:00,1.2,975,16,-999,-999
2010-01-04 12:00:00,-2.9,966.4,17,-999,-999
2010-01-04 13:00:00,-5.8,958.6,20,-999,-999
2010-01-04 14:00:00,-4.8,968.5,14,-999,-999
2010-01-04 15:00:00,-5.4,969.5,13,-999,-999
2010-01-04 16:00:00,-3.4,965.7,19,-999,-999
2010-01-04 17:00:00,-8.7,968.7,16,-999,-999
2010-01-04 18:00:00,-6.5,968,15,-999,-999
2010-01-04 19:00:00,-6.5,967.3,18,-999,-999
2010-01-04 20:00:00,-7.1,968.6,19,-999,-999
2010-01-04 21:00:00,-3.6,968.2,18,-999,-999
2010-01-04 22:00:00,-4.2,969.1,17,-999,-999
2010-01-04 23:00:00,-4.2,966.4,16,-999,-999
2010-01-05 00:00:00,-0.7,971.7,13,-999,-999
2010-01-05 01:00:00,-2.3,970.7,20,-999,-999
2010-01-05 02:00:00,-0.6,971.5,21,-999,-999
2010-01-05 03:00:00,2,963.3,21,-999,-999
2010-01-05 04:00:00,3.9,973.3,17,-999,-999
2010-01-05 05:00:00,1.6,971.5,20,-999,-999
2010-01-05 06:00:00,2.1,966.5,18,-999,-999
2010-01-05 07:00:00,0.1,968.5,22,-999,-999
2010-01-05 08:00:00,2.7,969.7,10,-999,-999
2010-01-05 09:00:00,0.5,969.8,19,-999,-999
2010-01-05 10:00:00,0.7,968,23,-999,-999
2010-01-05 11:00:00,-1.9,969.2,16,-999,-999
2010-01-05 12:00:00,-1.8,972.2,8,-999,-999
2010-01-05 13:00:00,-2.1,968.3,28,-999,-999
2010-01-05 15:00:00,-3.6,967.3,24,-999,-999
2010-01-05 16:00:00,-7.1,972.2,22,-999,-999
2010-01-05 17:00:00,-2.8,965.5,16,-999,-999
2010-01-05 18:00:00,-6,968.5,28,-999,-999
2010-01-05 19:00:00,-8.2,967.6,20,-999,-999
2010-01-05 20:00:00,-4,966.4,11,-999,-999
2010-01-05 21:00:00,-5.1,971.4,17,-999,-999
2010-01-05 22:00:00,-2.2,969.8,9,-999,-999
2010-01-05 23:00:00,0,971.4,23,-999,-999
2010-01-06 00:00:00,-2,970.2,29,-999,-999
2010-01-06 01:00:00,-1.2,968.4,19,-999,-999
2010-01-06 02:00:00,2.4,964.9,23,-999,-999
2010-01-06 03:00:00,-1,969.1,21,-999,-999
2010-01-06 04:00:00,0.7,969.3,15,-999,-999
2010-01-06 05:00:00,3.1,967,15,-999,-999
2010-01-06 06:00:00,0.4,970.3,2,-999,-999
2010-01-06 07:00:00,3.1,968.1,20,-999,-999
2010-01-06 08:00:00,2,969.6,19,-999,-999
2010-01-06 09:00:00,3.1,965.1,18,-999,-999
2010-01-06 10:00:00,-0.1,970.3,22,-999,-999
2010-01-06 11:00:00,-1.1,968.5,24,-999,-999
2010-01-06 12:00:00,-3.9,964.8,20,-999,-999
2010-01-06 13:00:00,-2.4,967.6,19,-999,-999
2010-01-06 14:00:00,-3.6,970.9,16,-999,-999
2010-01-06 15:00:00,-3,964.5,17,-999,-999
2010-01-06 16:00:00,-7.4,962.3,13,-999,-999
2010-01-06 17:00:00,-5.9,965.1,24,-999,-999
2010-01-06 18:00:00,-4.9,968.3,18,-999,-999
2010-01-06 19:00:00,-5.3,969.8,23,-999,-999
2010-01-06 20:00:00,-6.8,967,28,-999,-999
2010-01-06 21:00:00,-3.4,962.1,20,-999,-999
2010-01-06 22:00:00,-2.5,969,8,-999,-999
2010-01-06 23:00:00,-2.6,968.2,23,-999,-999
2010-01-07 00:00:00,-0.7,968.1,16,-999,-999
2010-01-07 01:00:00,-2.2,966.1,17,-999,-999
2010-01-07 02:00:00,-0.9,972.1,24,-999,-999
2010-01-07 03:00:00,1.3,969.1,15,-999,-999
2010-01-07 04:00:00,-0.8,966.9,20,-999,-999
2010-01-07 06:00:00,5,965.2,22,-999,-999
2010-01-07 07:00:00,3.3,968.9,23,-999,-999
2010-01-07 08:00:00,2,973.9,12,-999,-999
2010-01-07 09:00:00,-1.3,972.1,25,-999,-999
2010-01-07 10:00:00,0.2,972,17,-999,-999
2010-01-07 11:00:00,1.1,966.6,18,-999,-999
2010-01-07 12:00:00,-2.1,971.8,17,-999,-999
2010-01-07 13:00:00,-2.2,972,20,-999,-999
2010-01-07 14:00:00,-1.5,964.4,24,-999,-999
2010-01-07 15:00:00,-4,969.9,21,-999,-999
2010-01-07 16:00:00,-3.8,970,18,-999,-999
2010-01-07 17:00:00,-4.3,964.2,18,-999,-999
2010-01-07 18:00:00,-7.9,972.1,16,-999,-999
2010-01-07 19:00:00,-4.7,972.3,18,-999,-999
2010-01-07 21:00:00,-3.6,961.6,16,-999,-999
2010-01-07 22:00:00,-2.9,970.8,11,-999,-999
2010-01-07 23:00:00,-2.5,966.6,28,-999,-999
2010-01-08 00:00:00,-1.1,966.2,10,-999,-999
2010-01-08 01:00:00,-1.9,968.3,19,-999,-999
2010-01-08 02:00:00,-0.8,967.4,19,-999,-999
2010-01-08 03:00:00,0.3,972.6,27,-999,-999
2010-01-08 04:00:00,0.6,972.6,18,-999,-999
2010-01-08 05:00:00,0.3,970.2,12,-999,-999
2010-01-08 06:00:00,2.7,973.3,15,-999,-999
2010-01-08 07:00:00,1.3,972.1,20,-999,-999
2010-01-08 08:00:00,3.4,970.2,26,-999,-999
2010-01-08 09:00:00,3.3,961.1,14,-999,-999
2010-01-08 10:00:00,1.7,968.1,18,-999,-999
2010-01-08 11:00:00,-2.7,969,11,-999,-999
2010-01-08 12:00:00,-2.9,965.4,13,-999,-999
2010-01-08 13:00:00,-1.5,969.3,26,-999,-999
2010-01-08 14:00:00,-4,969.3,19,-999,-999
2010-01-08 15:00:00,-4.2,969.2,20,-999,-999
2010-01-08 16:00:00,-5.3,971.8,18,-999,-999
2010-01-08 17:00:00,-3.1,971.2,10,-999,-999
2010-01-08 18:00:00,-5.8,968.4,18,-999,-999
2010-01-08 19:00:00,-6.7,969.9,25,-999,-999
2010-01-08 20:00:00,-3.1,963.5,12,-999,-999
2010-01-08 21:00:00,-2.3,970.4,22,-999,-999
2010-01-08 22:00:00,-3.7,974.1,23,-999,-999
2010-01-08 23:00:00,-2.3,970.5,12,-999,-999
2010-01-09 00:00:00,-1,972.4,18,-999,-999
2010-01-09 01:00:00,0.9,971.7,28,-999,-999
2010-01-09 02:00:00,-0.9,967.4,17,-999,-999
2010-01-09 03:00:00,1.5,967.2,16,-999,-999
2010-01-09 04:00:00,1.2,969.4,22,-999,-999
2010-01-09 05:00:00,0.5,966.4,16,-999,-999
2010-01-09 06:00:00,3.9,963.7,8,-999,-999
2010-01-09 07:00:00,2.6,969.7,25,-999,-999
2010-01-09 08:00:00,1.2,969,20,-999,-999
2010-01-09 09:00:00,-0.5,968.5,19,-999,-999
2010-01-09 10:00:00,1,965.5,22,-999,-999
2010-01-09 11:00:00,-2.4,966,20,-999,-999
2010-01-09 12:00:00,-1.2,969.8,14,-999,-999
2010-01-09 13:00:00,-2.4,970.3,22,-999,-999
2010-01-09 14:00:00,-4.3,972.8,22,-999,-999
2010-01-09 15:00:00,-3.5,973,23,-999,-999
2010-01-09 16:00:00,-4.3,969.4,28,-999,-999
2010-01-09 17:00:00,-5,972,12,-999,-999
2010-01-09 18:00:00,-6,968,20,-999,-999
2010-01-09 19:00:00,-6.3,968.5,17,-999,-999
2010-01-09 20:00:00,-6.1,973.7,21,-999,-999
2010-01-09 21:00:00,-2.8,967.4,27,-999,-999
2010-01-09 22:00:00,-3.5,970.6,21,-999,-999
2010-01-09 23:00:00,-1.5,966.9,10,-999,-999
2010-01-10 00:00:00,-2.7,967.2,16,-999,-999
2010-01-10 01:00:00,0.1,976.5,15,-999,-999
2010-01-10 02:00:00,0.1,964.5,9,-999,-999
2010-01-10 03:00:00,0.9,971.3,22,-999,-999
2010-01-10 04:00:00,1.8,966.7,12,-999,-999
2010-01-10 05:00:00,2.6,969.4,12,-999,-999
2010-01-10 06:00:00,4.3,967.1,14,-999,-999
2010-01-10 07:00:00,2.3,974.2,17,-999,-999
2010-01-10 08:00:00,3.2,962.8,19,-999,-999
2010-01-10 09:00:00,0.3,969.3,20,-999,-999
2010-01-10 10:00:00,1.3,969.7,18,-999,-999
2010-01-10 11:00:00,0.5,966.1,18,-999,-999
2010-01-10 12:00:00,-0.2,971.8,9,-999,-999
2010-01-10 13:00:00,-2.3,971.5,22,-999,-999
2010-01-10 14:00:00,-2,967.9,19,-999,-999
2010-01-10 15:00:00,-6.7,975.4,17,-999,-999
2010-01-10 16:00:00,-3.3,969,19,-999,-999
2010-01-10 17:00:00,-4.1,967.4,21,-999,-999
2010-01-10 18:00:00,-6.2,965.1,13,-999,-999
2010-01-10 19:00:00,-4.8,965.9,17,-999,-999
2010-01-10 20:00:00,-6.9,968.4,12,-999,-999
2010-01-10 21:00:00,-5.4,972.9,15,-999,-999
2010-01-10 22:00:00,-2.1,964,25,-999,-999
2010-01-10 23:00:00,-5,968.6,19,-999,-999
2010-01-11 00:00:00,-1.8,964.5,16,-999,-999
2010-01-11 01:00:00,0.1,972.3,17,-999,-999
2010-01-11 02:00:00,0.8,967.9,21,-999,-999
2010-01-11 03:00:00,1.5,966.2,22,-999,-999
2010-01-11 04:00:00,1.7,970.5,25,-999,-999
2010-01-11 05:00:00,0.4,965.6,16,-999,-999
2010-01-11 06:00:00,4.1,968.4,16,-999,-999
2010-01-11 07:00:00,2.5,968.1,26,-999,-999
2010-01-11 08:00:00,3.5,975.9,23,-999,-999
2010-01-11 09:00:00,0.5,973.1,12,-999,-999
2010-01-11 10:00:00,-1.9,974.2,19,-999,-999
2010-01-11 11:00:00,-1,974.5,23,-999,-999
2010-01-11 12:00:00,-2.3,970.7,19,-999,-999
2010-01-11 13:00:00,-3,973.3,16,-999,-999
2010-01-11 14:00:00,-3.7,971.6,19,-999,-999
2010-01-11 15:00:00,-3.3,972,7,-999,-999
2010-01-11 16:00:00,-7.6,967.9,12,-999,-999
2010-01-11 17:00:00,-4.7,963.4,15,-999,-999
2010-01-11 18:00:00,-6.3,972.8,20,-999,-999
2010-01-11 19:00:00,-4.4,970.9,22,-999,-999
2010-01-11 20:00:00,-4.6,968.3,22,-999,-999
2010-01-11 21:00:00,-3,966.1,19,-999,-999
2010-01-11 22:00:00,-1.8,972.8,28,-999,-999
2010-01-11 23:00:00,-3.8,972.2,14,-999,-999
2010-01-12 00:00:00,-2.9,967.7,11,-999,-999
2010-01-12 01:00:00,-0.3,968.1,10,-999,-999
2010-01-12 02:00:00,0.1,965.7,11,-999,-999
2010-01-12 03:00:00,2.5,969.8,13,-999,-999
2010-01-12 04:00:00,2.1,967.8,22,-999,-999
2010-01-12 05:00:00,0.6,964.8,17,-999,-999
2010-01-12 06:00:00,2.3,972.5,11,-999,-999
2010-01-12 07:00:00,1.5,964.6,16,-999,-999
2010-01-12 08:00:00,0.2,961.7,27,-999,-999
2010-01-12 09:00:00,-1.4,965.2,29,-999,-999
2010-01-12 10:00:00,-1.9,970.5,17,-999,-999
2010-01-12 11:00:00,-0.9,967.9,13,-999,-999
2010-01-12 12:00:00,-3,968.8,15,-999,-999
2010-01-12 13:00:00,-0.9,969.6,23,-999,-999
2010-01-12 14:00:00,-5.7,971.5,22,-999,-999
2010-01-12 15:00:00,-3.9,967.4,20,-999,-999
2010-01-12 16:00:00,-7.1,969.9,9,-999,-999
2010-01-12 17:00:00,-6.2,976.9,11,-999,-999
2010-01-12 18:00:00,-7.6,973.8,17,-999,-999
2010-01-12 19:00:00,-3.8,971.2,16,-999,-999
2010-01-12 20:00:00,-4.2,974.9,14,-999,-999
2010-01-12 21:00:00,-5.7,968.9,23,-999,-999
2010-01-12 22:00:00,-5.2,972.5,14,-999,-999
2010-01-12 23:00:00,-3.6,972.1,20,-999,-999
2010-01-13 00:00:00,-2.5,972.6,15,-999,-999
2010-01-13 01:00:00,-1,968,15,-999,-999
2010-01-13 02:00:00,-1,970,24,-999,-999
2010-01-13 03:00:00,1.8,963.8,10,-999,-999
2010-01-13 04:00:00,0.4,968.8,18,-999,-999
2010-01-13 05:00:00,4,970.2,24,-999,-999
2010-01-13 06:00:00,2.4,966.2,18,-999,-999
2010-01-13 07:00:00,5.1,966.8,14,-999,-999
2010-01-13 08:00:00,3.9,974.1,13,-999,-999
2010-01-13 09:00:00,1.8,966.2,16,-999,-999
2010-01-13 10:00:00,0.5,970.3,15,-999,-999
2010-01-13 11:00:00,-2.1,971.3,20,-999,-999
2010-01-13 12:00:00,0.3,969.7,21,-999,-999
2010-01-13 13:00:00,-1.5,967.2,15,-999,-999
2010-01-13 14:00:00,-3.3,965.3,13,-999,-999
2010-01-13 15:00:00,-6.1,970.8,13,-999,-999
2010-01-13 16:00:00,-5,967.4,25,-999,-999
2010-01-13 17:00:00,-7.5,971.2,21,-999,-999
2010-01-13 18:00:00,-6.5,964.8,14,-999,-999
2010-01-13 20:00:00,-3.2,966.9,20,-999,-999
2010-01-13 21:00:00,-6.9,971.3,15,-999,-999
2010-01-13 22:00:00,-2.7,964.1,16,-999,-999
2010-01-13 23:00:00,-3.7,970.3,23,-999,-999
2010-01-14 00:00:00,-2,971.4,14,-999,-999
2010-01-14 01:00:00,0.7,973.2,20,-999,-999
2010-01-14 02:00:00,-1.2,967.4,11,-999,-999
2010-01-14 03:00:00,-0.4,969.1,24,-999,-999
2010-01-14 04:00:00,3.9,967.7,18,-999,-999
2010-01-14 05:00:00,4.1,971.5,20,-999,-999
2010-01-14 06:00:00,3.9,969,14,-999,-999
2010-01-14 07:00:00,0.8,966.3,16,-999,-999
2010-01-14 08:00:00,2.2,971.9,26,-999,-999
2010-01-14 09:00:00,2.6,975.7,13,-999,-999
2010-01-14 10:00:00,0.7,976.2,20,-999,-999
2010-01-14 11:00:00,-0.6,967.8,18,-999,-999
2010-01-14 12:00:00,-2.8,966.8,24,-999,-999
2010-01-14 13:00:00,-2.1,973.1,19,-999,-999
2010-01-14 14:00:00,-2,970,13,-999,-999
2010-01-14 15:00:00,-3.5,968.7,18,-999,-999
2010-01-14 16:00:00,-3.4,968.6,19,-999,-999
2010-01-14 17:00:00,-6,961,20,-999,-999
2010-01-14 18:00:00,-8.1,966.7,21,-999,-999
2010-01-14 19:00:00,-5.7,968.8,22,-999,-999
2010-01-14 20:00:00,-6.4,973.6,22,-999,-999
2010-01-14 21:00:00,-5.7,967.8,8,-999,-999
2010-01-14 22:00:00,-6,972.2,7,-999,-999
2010-01-14 23:00:00,-3,970.4,22,-999,-999
2010-01-15 00:00:00,-0.5,970.6,21,-999,-999
2010-01-15 01:00:00,-1.4,967.9,15,-999,-999
2010-01-15 02:00:00,-2.6,968.7,17,-999,-999
2010-01-15 03:00:00,1.8,968.4,11,-999,-999
2010-01-15 04:00:00,2.4,972.7,17,-999,-999
2010-01-15 05:00:00,4.3,970.1,19,-999,-999
2010-01-15 07:00:00,2.7,971.9,19,-999,-999
2010-01-15 08:00:00,1.5,971,17,-999,-999
2010-01-15 09:00:00,2.9,968,8,-999,-999
2010-01-15 10:00:00,-0.3,969.3,20,-999,-999
2010-01-15 11:00:00,-0.5,977.2,17,-999,-999
2010-01-15 12:00:00,-0.7,974.1,16,-999,-999
2010-01-15 13:00:00,-3.6,967.1,22,-999,-999
2010-01-15 14:00:00,-2.8,970.4,21,-999,-999
2010-01-15 15:00:00,-3.4,969.4,23,-999,-999
2010-01-15 16:00:00,-2.5,969.2,17,-999,-999
2010-01-15 17:00:00,-7.6,970.2,27,-999,-999
2010-01-15 18:00:00,-7,969.3,21,-999,-999
2010-01-15 19:00:00,-3.1,967.3,16,-999,-999
2010-01-15 20:00:00,-3.7,969.8,23,-999,-999
2010-01-15 21:00:00,-5.9,963.5,19,-999,-999
2010-01-15 22:00:00,-4.6,970.6,16,-999,-999
2010-01-15 23:00:00,-1.2,971,13,-999,-999
2010-01-16 00:00:00,-4.4,974.9,14,-999,-999
2010-01-16 01:00:00,-2,972,14,-999,-999
2010-01-16 02:00:00,1,971.4,20,-999,-999
2010-01-16 03:00:00,2.3,973.2,14,-999,-999
2010-01-16 04:00:00,0.5,964.3,18,-999,-999
2010-01-16 05:00:00,-0.3,969.3,17,-999,-999
2010-01-16 06:00:00,1.8,972.9,23,-999,-999
2010-01-16 07:00:00,2.5,976.6,17,-999,-999
2010-01-16 08:00:00,1.4,969.1,27,-999,-999
2010-01-16 09:00:00,2.4,970.3,21,-999,-999
2010-01-16 10:00:00,-0.6,975.1,18,-999,-999
2010-01-16 11:00:00,-2.2,968.6,21,-999,-999
2010-01-16 12:00:00,2,967.9,15,-999,-999
2010-01-16 13:00:00,-3.3,967.9,20,-999,-999
2010-01-16 14:00:00,-5.8,972.7,26,-999,-999
2010-01-16 15:00:00,-4.3,969.5,15,-999,-999
2010-01-16 16:00:00,-5.6,969.7,14,-999,-999
2010-01-16 17:00:00,-2.1,969.8,18,-999,-999
2010-01-16 18:00:00,-6,966,28,-999,-999
2010-01-16 19:00:00,-5.9,971.7,13,-999,-999
2010-01-16 21:00:00,-3.7,965.8,15,-999,-999
2010-01-16 22:00:00,-5.3,964.2,18,-999,-999
2010-01-16 23:00:00,-0.9,970.8,9,-999,-999
2010-01-17 00:00:00,-1,975.1,20,-999,-999
2010-01-17 01:00:00,0.1,968.4,17,-999,-999
2010-01-17 02:00:00,0.7,966.2,18,-999,-999
2010-01-17 03:00:00,-2.8,970.4,16,-999,-999
2010-01-17 04:00:00,2.1,968,15,-999,-999
2010-01-17 05:00:00,1.6,972.6,17,-999,-999
2010-01-17 06:00:00,3,970.6,16,-999,-999
2010-01-17 07:00:00,3.8,972.8,18,-999,-999
2010-01-17 08:00:00,2.4,967.8,8,-999,-999
2010-01-17 09:00:00,1.7,974.9,16,-999,-999
2010-01-17 10:00:00,1.8,970.4,11,-999,-999
2010-01-17 11:00:00,1.8,971.8,12,-999,-999
2010-01-17 12:00:00,0.6,971.5,23,-999,-999
2010-01-17 13:00:00,-5.4,964.1,22,-999,-999
2010-01-17 14:00:00,-2.8,974.3,18,-999,-999
2010-01-17 15:00:00,-5.9,970.3,19,-999,-999
2010-01-17 16:00:00,-5.3,968.4,16,-999,-999
2010-01-17 17:00:00,-7.1,972.8,17,-999,-999
2010-01-17 18:00:00,-7.2,971.9,13,-999,-999
2010-01-17 19:00:00,-4.8,971.7,18,-999,-999
2010-01-17 20:00:00,-5.7,972.4,6,-999,-999
2010-01-17 21:00:00,-4.8,973.7,12,-999,-999
2010-01-17 22:00:00,-3.4,972.1,14,-999,-999
2010-01-17 23:00:00,-2.2,969.4,17,-999,-999
2010-01-18 00:00:00,-1.7,970.6,24,-999,-999
2010-01-18 01:00:00,0.6,975,24,-999,-999
2010-01-18 02:00:00,4.6,972.6,19,-999,-999
2010-01-18 03:00:00,2.3,972.5,17,-999,-999
2010-01-18 04:00:00,3.2,969.4,27,-999,-999
2010-01-18 05:00:00,2.7,976.1,18,-999,-999
2010-01-18 06:00:00,3,967.3,12,-999,-999
2010-01-18 07:00:00,2.5,971.9,26,-999,-999
2010-01-18 08:00:00,-0.7,967.9,21,-999,-999
2010-01-18 09:00:00,3.6,971.6,17,-999,-999
2010-01-18 10:00:00,2,969.2,28,-999,-999
2010-01-18 11:00:00,1.3,974.1,24,-999,-999
2010-01-18 12:00:00,-0.7,973.5,24,-999,-999
2010-01-18 13:00:00,-1,974.5,16,-999,-999
2010-01-18 14:00:00,-3.7,967.8,17,-999,-999
2010-01-18 15:00:00,-6,970.5,14,-999,-999
2010-01-18 16:00:00,-6.2,972.9,7,-999,-999
2010-01-18 17:00:00,-6.1,969.5,17,-999,-999
2010-01-18 18:00:00,-3.3,972.1,21,-999,-999
2010-01-18 19:00:00,-2.9,975.2,24,-999,-999
2010-01-18 20:00:00,-2.7,974.9,23,-999,-999
2010-01-18 21:00:00,-4.7,973.9,20,-999,-999
2010-01-18 22:00:00,-1.9,973.4,21,-999,-999
2010-01-18 23:00:00,-2.7,971.9,15,-999,-999
2010-01-19 00:00:00,-1.7,971.5,25,-999,-999
2010-01-19 01:00:00,1.1,979.2,23,-999,-999
2010-01-19 02:00:00,2.4,965.5,17,-999,-999
2010-01-19 03:00:00,1.5,969.3,21,-999,-999
2010-01-19 04:00:00,-0.3,971.9,17,-999,-999
2010-01-19 05:00:00,1.4,971,18,-999,-999
2010-01-19 06:00:00,4.4,970.6,17,-999,-999
2010-01-19 07:00:00,4.4,974.5,17,-999,-999
2010-01-19 08:00:00,2.9,970.3,15,-999,-999
2010-01-19 09:00:00,1.6,969.9,15,-999,-999
2010-01-19 10:00:00,-2.6,972.1,22,-999,-999
2010-01-19 11:00:00,-0.6,964.8,23,-999,-999
2010-01-19 12:00:00,-0.8,967.6,18,-999,-999
2010-01-19 13:00:00,-0.2,967.3,16,-999,-999
2010-01-19 14:00:00,-4.4,971.6,16,-999,-999
2010-01-19 15:00:00,-3.8,973.3,22,-999,-999
2010-01-19 16:00:00,-4.7,972,11,-999,-999
2010-01-19 17:00:00,-5.5,972.1,22,-999,-999
2010-01-19 18:00:00,-5.3,973,17,-999,-999
2010-01-19 19:00:00,-7.5,973.8,18,-999,-999
2010-01-19 20:00:00,-4.8,972.6,18,-999,-999
2010-01-19 21:00:00,-3.3,971.9,14,-999,-999
2010-01-19 22:00:00,-4.5,973,19,-999,-999
2010-01-19 23:00:00,-4.3,969.6,20,-999,-999
2010-01-20 00:00:00,-2.3,972.5,22,-999,-999
2010-01-20 01:00:00,-0.2,971,17,-999,-999
2010-01-20 02:00:00,1.3,975.8,22,-999,-999
2010-01-20 03:00:00,3.5,973,23,-999,-999
2010-01-20 04:00:00,4.4,974.2,25,-999,-999
2010-01-20 05:00:00,3.1,977.3,13,-999,-999
2010-01-20 06:00:00,3,968.4,13,-999,-999
2010-01-20 07:00:00,1.6,980,14,-999,-999
2010-01-20 08:00:00,2.8,975.2,12,-999,-999
2010-01-20 09:00:00,1.4,969.3,12,-999,-999
2010-01-20 10:00:00,0.8,972.8,14,-999,-999
2010-01-20 11:00:00,-1.4,968.2,15,-999,-999
2010-01-20 12:00:00,2.1,968.1,27,-999,-999
2010-01-20 13:00:00,-1.4,970.9,16,-999,-999
2010-01-20 14:00:00,-4.3,976.7,23,-999,-999
2010-01-20 15:00:00,-4.9,974.1,19,-999,-999
2010-01-20 16:00:00,-5.7,969.6,27,-999,-999
2010-01-20 17:00:00,-3.9,974.8,8,-999,-999
2010-01-20 18:00:00,-5.2,972.2,25,-999,-999
2010-01-20 19:00:00,-3.9,970.9,11,-999,-999
2010-01-20 20:00:00,-2.1,975.1,21,-999,-999
2010-01-20 21:00:00,-7.2,970.7,17,-999,-999
2010-01-20 22:00:00,-1,965.7,17,-999,-999
2010-01-20 23:00:00,-2.6,968.9,16,-999,-999
2010-01-21 00:00:00,-1.8,969.3,18,-999,-999
2010-01-21 01:00:00,0.4,972.1,18,-999,-999
2010-01-21 02:00:00,3.6,972.2,16,-999,-999
2010-01-21 03:00:00,1.2,967.5,20,-999,-999
2010-01-21 04:00:00,4.1,964.3,18,-999,-999
2010-01-21 05:00:00,3.1,973.9,25,-999,-999
2010-01-21 06:00:00,1.8,966.3,11,-999,-999
2010-01-21 07:00:00,4.1,970.6,21,-999,-999
2010-01-21 08:00:00,3.5,970.4,19,-999,-999
2010-01-21 09:00:00,1.4,971,11,-999,-999
2010-01-21 10:00:00,0,972.6,21,-999,-999
2010-01-21 11:00:00,0,969.2,21,-999,-999
2010-01-21 12:00:00,-2.2,971.2,19,-999,-999
2010-01-21 13:00:00,-1.3,971.6,20,-999,-999
2010-01-21 14:00:00,-0.7,971.8,23,-999,-999
2010-01-21 15:00:00,-3.3,975.2,21,-999,-999
2010-01-21 16:00:00,-4.5,973.5,25,-999,-999
2010-01-21 17:00:00,-3.5,972.2,11,-999,-999
2010-01-21 18:00:00,-6.2,974.2,6,-999,-999
2010-01-21 19:00:00,-4.5,974.4,12,-999,-999
2010-01-21 20:00:00,-6,972.4,12,-999,-999
2010-01-21 21:00:00,-5.1,967.4,9,-999,-999
2010-01-21 22:00:00,-1.4,973.2,19,-999,-999
2010-01-21 23:00:00,-4.7,968.4,20,-999,-999
2010-01-22 00:00:00,-2.9,971.8,14,-999,-999
2010-01-22 01:00:00,0.3,969.7,18,-999,-999
2010-01-22 02:00:00,0.8,971.7,22,-999,-999
2010-01-22 03:00:00,-0.8,971.8,15,-999,-999
2010-01-22 04:00:00,2.2,970.1,14,-999,-999
2010-01-22 05:00:00,1.9,967.6,20,-999,-999
2010-01-22 06:00:00,2.8,980.2,16,-999,-999
2010-01-22 07:00:00,-0.2,975.4,19,-999,-999
2010-01-22 09:00:00,1.3,976.9,22,-999,-999
2010-01-22 10:00:00,-0.2,970.1,16,-999,-999
2010-01-22 11:00:00,0.1,974.4,13,-999,-999
2010-01-22 12:00:00,-0.4,972.8,21,-999,-999
2010-01-22 13:00:00,-2,972.7,18,-999,-999
2010-01-22 14:00:00,-2.1,973.6,12,-999,-999
2010-01-22 15:00:00,-5.9,972.7,20,-999,-999
2010-01-22 16:00:00,-3.9,972.1,8,-999,-999
2010-01-22 17:00:00,-4.2,977.5,23,-999,-999
2010-01-22 18:00:00,-4.1,964.8,12,-999,-999
2010-01-22 19:00:00,-5.7,966.7,10,-999,-999
2010-01-22 20:00:00,-2.6,974,8,-999,-999
2010-01-22 21:00:00,-4.3,972.4,20,-999,-999
2010-01-22 22:00:00,-4,966.2,12,-999,-999
2010-01-22 23:00:00,-1.8,968.4,20,-999,-999
2010-01-23 00:00:00,0,970.4,12,-999,-999
2010-01-23 01:00:00,-1.3,974.1,18,-999,-999
2010-01-23 02:00:00,1.4,971.1,8,-999,-999
2010-01-23 04:00:00,4.6,966.6,24,-999,-999
2010-01-23 05:00:00,4.5,974.7,11,-999,-999
2010-01-23 06:00:00,2.5,975,15,-999,-999
2010-01-23 07:00:00,2.2,974,10,-999,-999
2010-01-23 08:00:00,3.8,974,26,-999,-999
2010-01-23 09:00:00,3.5,970.2,13,-999,-999
2010-01-23 10:00:00,-0.7,971.1,19,-999,-999
2010-01-23 11:00:00,-1.1,968,13,-999,-999
2010-01-23 12:00:00,-2.2,970.9,17,-999,-999
2010-01-23 13:00:00,-1.3,971.3,14,-999,-999
2010-01-23 14:00:00,-3.7,968.9,19,-999,-999
2010-01-23 15:00:00,-5,972,20,-999,-999
2010-01-23 16:00:00,-3.6,976.2,16,-999,-999
2010-01-23 17:00:00,-5.1,970.2,13,-999,-999
2010-01-23 18:00:00,-3.3,971.7,24,-999,-999
2010-01-23 19:00:00,-5.8,972.5,21,-999,-999
2010-01-23 20:00:00,-4.6,965.1,19,-999,-999
2010-01-23 21:00:00,-2.6,968.5,21,-999,-999
2010-01-23 22:00:00,-1.8,971,21,-999,-999
2010-01-23 23:00:00,0.3,965.3,20,-999,-999
2010-01-24 00:00:00,-1.1,973.6,21,-999,-999
2010-01-24 01:00:00,0.8,968.3,17,-999,-999
2010-01-24 02:00:00,2.4,972.9,18,-999,-999
2010-01-24 03:00:00,3.7,969.2,13,-999,-999
2010-01-24 04:00:00,1.7,969.6,17,-999,-999
2010-01-24 05:00:00,4.1,970.1,11,-999,-999
2010-01-24 06:00:00,6.6,968,22,-999,-999
2010-01-24 08:00:00,4,977.5,19,-999,-999
2010-01-24 09:00:00,5.1,965.2,21,-999,-999
2010-01-24 10:00:00,0.9,971.4,20,-999,-999
2010-01-24 11:00:00,-2.1,970,14,-999,-999
2010-01-24 12:00:00,-0.9,974.5,22,-999,-999
2010-01-24 13:00:00,-2.5,975.2,23,-999,-999
2010-01-24 14:00:00,-3.6,972.4,23,-999,-999
2010-01-24 15:00:00,0,973.8,15,-999,-999
2010-01-24 16:00:00,-4.8,973.3,27,-999,-999
2010-01-24 18:00:00,-4.6,969.2,22,-999,-999
2010-01-24 19:00:00,-5.9,973.3,17,-999,-999
2010-01-24 20:00:00,-2.9,964.6,12,-999,-999
2010-01-24 21:00:00,-3.4,978.5,17,-999,-999
2010-01-24 22:00:00,-3.8,971.7,19,-999,-999
2010-01-24 23:00:00,-0.7,971.7,17,-999,-999
2010-01-25 00:00:00,1,970.4,20,-999,-999
2010-01-25 01:00:00,2.5,972.8,17,-999,-999
2010-01-25 02:00:00,0.5,971.9,19,-999,-999
2010-01-25 03:00:00,2.9,972.2,19,-999,-999
2010-01-25 04:00:00,3,967.8,15,-999,-999
2010-01-25 05:00:00,3.8,976.8,11,-999,-999
2010-01-25 06:00:00,2.6,970.6,25,-999,-999
2010-01-25 07:00:00,4.4,968.7,14,-999,-999
2010-01-25 08:00:00,6.2,972.5,18,-999,-999
2010-01-25 09:00:00,-0.6,974.6,27,-999,-999
2010-01-25 10:00:00,2,976.7,12,-999,-999
2010-01-25 11:00:00,-2.2,977.5,19,-999,-999
2010-01-25 12:00:00,-0.2,972.6,22,-999,-999
2010-01-25 13:00:00,-1.4,972.6,24,-999,-999
2010-01-25 14:00:00,-3,974.8,17,-999,-999
2010-01-25 15:00:00,-2.9,972.9,12,-999,-999
2010-01-25 16:00:00,-3.6,971.5,27,-999,-999
2010-01-25 17:00:00,-4.9,970.5,17,-999,-999
2010-01-25 18:00:00,-8.2,969.8,25,-999,-999
2010-01-25 19:00:00,-4,973.9,13,-999,-999
2010-01-25 20:00:00,-2,969.8,13,-999,-999
2010-01-25 21:00:00,-5.1,971.2,23,-999,-999
2010-01-25 22:00:00,-3.3,973.6,15,-999,-999
2010-01-25 23:00:00,-2.1,971.3,12,-999,-999
2010-01-26 00:00:00,-1.7,976.5,24,-999,-999
2010-01-26 01:00:00,0.4,972.1,13,-999,-999
2010-01-26 02:00:00,2.6,973.4,13,-999,-999
2010-01-26 03:00:00,2.5,973,17,-999,-999
2010-01-26 04:00:00,2.4,967.5,19,-999,-999
2010-01-26 05:00:00,4.1,972.7,8,-999,-999
2010-01-26 06:00:00,2.7,967.1,13,-999,-999
2010-01-26 07:00:00,2.7,968.5,5,-999,-999
2010-01-26 08:00:00,4.1,969,21,-999,-999
2010-01-26 09:00:00,0.2,971.9,11,-999,-999
2010-01-26 10:00:00,-1.1,974.9,15,-999,-999
2010-01-26 11:00:00,-0.9,971.2,13,-999,-999
2010-01-26 12:00:00,1.7,975.7,30,-999,-999
2010-01-26 13:00:00,0.5,977.1,23,-999,-999
2010-01-26 14:00:00,-0.2,974.4,24,-999,-999
2010-01-26 15:00:00,-4.5,974.4,17,-999,-999
2010-01-26 16:00:00,-4,969,28,-999,-999
2010-01-26 17:00:00,-6.7,968.9,18,-999,-999
2010-01-26 19:00:00,-4.3,969.4,7,-999,-999
2010-01-26 20:00:00,-3.7,973.5,16,-999,-999
2010-01-26 21:00:00,-2.3,971.9,22,-999,-999
2010-01-26 22:00:00,-5,975.7,23,-999,-999
2010-01-26 23:00:00,-4.3,973.9,15,-999,-999
2010-01-27 00:00:00,-1.2,969.4,18,-999,-999
2010-01-27 01:00:00,0.8,971.8,23,-999,-999
2010-01-27 02:00:00,2.1,976.1,7,-999,-999
2010-01-27 03:00:00,2.2,969.3,21,-999,-999
2010-01-27 04:00:00,1.3,970.1,15,-999,-999
2010-01-27 06:00:00,2.4,973.7,12,-999,-999
2010-01-27 07:00:00,4.5,971.7,16,-999,-999
2010-01-27 08:00:00,0.5,970.1,18,-999,-999
2010-01-27 09:00:00,1.2,969,19,-999,-999
2010-01-27 10:00:00,1.1,975.6,17,-999,-999
2010-01-27 11:00:00,-0.1,974.6,14,-999,-999
2010-01-27 12:00:00,0,970.2,22,-999,-999
2010-01-27 13:00:00,0.2,972.1,20,-999,-999
2010-01-27 14:00:00,-3.1,972.9,20,-999,-999
2010-01-27 15:00:00,-1,969.6,19,-999,-999
2010-01-27 16:00:00,-6.6,965.3,15,-999,-999
2010-01-27 17:00:00,-2,969.6,13,-999,-999
2010-01-27 18:00:00,-7.4,974.5,22,-999,-999
2010-01-27 19:00:00,-4.3,965.6,27,-999,-999
2010-01-27 20:00:00,-3.8,975.4,21,-999,-999
2010-01-27 21:00:00,-6.6,967.1,21,-999,-999
2010-01-27 22:00:00,-0.9,971.3,9,-999,-999
2010-01-27 23:00:00,-1.4,970.9,22,-999,-999
2010-01-28 00:00:00,-1.1,975,23,-999,-999
2010-01-28 01:00:00,-0.7,974.6,13,-999,-999
2010-01-28 02:00:00,0.3,973.2,20,-999,-999
2010-01-28 03:00:00,2.6,969.5,19,-999,-999
2010-01-28 04:00:00,2.2,971.6,18,-999,-999
2010-01-28 05:00:00,2.4,972,16,-999,-999
2010-01-28 06:00:00,2.3,970.7,10,-999,-999
2010-01-28 07:00:00,3.6,970.5,26,-999,-999
2010-01-28 08:00:00,5.1,971.8,15,-999,-999
2010-01-28 09:00:00,0.3,974.8,16,-999,-999
2010-01-28 10:00:00,1.9,974.1,15,-999,-999
2010-01-28 11:00:00,0,973.3,15,-999,-999
2010-01-28 12:00:00,-3.4,971.4,29,-999,-999
2010-01-28 13:00:00,-1.7,970.7,26,-999,-999
2010-01-28 14:00:00,-3.2,971.7,5,-999,-999
2010-01-28 15:00:00,-3.1,971.2,20,-999,-999
2010-01-28 16:00:00,-2.8,972.2,17,-999,-999
2010-01-28 17:00:00,-4.5,971.3,19,-999,-999
2010-01-28 19:00:00,-5,970.5,21,-999,-999
2010-01-28 20:00:00,-3.2,979.9,21,-999,-999
2010-01-28 21:00:00,-1.3,971.8,14,-999,-999
2010-01-28 22:00:00,-2.5,964.4,13,-999,-999
2010-01-28 23:00:00,1.6,970.7,20,-999,-999
2010-01-29 00:00:00,-1.3,970.9,5,-999,-999
2010-01-29 01:00:00,-0.3,976.2,15,-999,-999
2010-01-29 02:00:00,0.6,974.1,22,-999,-999
2010-01-29 03:00:00,1.6,974.8,3,-999,-999
2010-01-29 04:00:00,3.8,970.4,28,-999,-999
2010-01-29 05:00:00,3.4,973,23,-999,-999
2010-01-29 06:00:00,3.7,966.2,27,-999,-999
2010-01-29 07:00:00,2.5,972,22,-999,-999
2010-01-29 08:00:00,4.8,964.6,8,-999,-999
2010-01-29 09:00:00,6,969.4,15,-999,-999
2010-01-29 10:00:00,-0.1,974.8,22,-999,-999
2010-01-29 11:00:00,1.5,971,21,-999,-999
2010-01-29 12:00:00,-1.6,969,15,-999,-999
2010-01-29 13:00:00,-0.7,972.9,21,-999,-999
2010-01-29 14:00:00,-3.5,977.3,19,-999,-999
2010-01-29 15:00:00,-6.1,972.7,11,-999,-999
2010-01-29 16:00:00,-4.8,974.4,16,-999,-999
2010-01-29 17:00:00,-1.7,972,22,-999,-999
2010-01-29 18:00:00,-3.9,972.1,28,-999,-999
2010-01-29 19:00:00,-2.8,973.3,14,-999,-999
2010-01-29 20:00:00,-3.6,975.5,25,-999,-999
2010-01-29 21:00:00,-2.9,970.5,20,-999,-999
2010-01-29 22:00:00,-4.1,970.9,23,-999,-999
2010-01-29 23:00:00,-1.8,978,21,-999,-999
2010-01-30 00:00:00,-0.7,978.2,26,-999,-999
2010-01-30 01:00:00,0.6,973.7,11,-999,-999
2010-01-30 02:00:00,0.2,973.6,21,-999,-999
2010-01-30 03:00:00,0.8,971.1,24,-999,-999
2010-01-30 04:00:00,2.2,969.7,19,-999,-999
2010-01-30 05:00:00,3.9,968.8,13,-999,-999
2010-01-30 06:00:00,0.4,972.9,14,-999,-999
2010-01-30 07:00:00,5.1,972.4,19,-999,-999
2010-01-30 08:00:00,1.4,975.2,25,-999,-999
2010-01-30 10:00:00,1.6,972.8,17,-999,-999
2010-01-30 11:00:00,0.2,975.1,13,-999,-999
2010-01-30 12:00:00,0.8,966.5,25,-999,-999
2010-01-30 13:00:00,-2.1,976.9,18,-999,-999
2010-01-30 14:00:00,-3,979.4,16,-999,-999
2010-01-30 15:00:00,-2.3,979.2,12,-999,-999
2010-01-30 16:00:00,-3.4,971.9,16,-999,-999
2010-01-30 17:00:00,-4.4,971.4,13,-999,-999
2010-01-30 18:00:00,-5.2,969.2,21,-999,-999
2010-01-30 19:00:00,-5.1,968.6,21,-999,-999
2010-01-30 20:00:00,-2.8,973.7,22,-999,-999
2010-01-30 21:00:00,-6.4,974.2,14,-999,-999
2010-01-30 22:00:00,-3.1,967.9,9,-999,-999
2010-01-30 23:00:00,-1.4,967.6,18,-999,-999
2010-01-31 00:00:00,-2.8,974.7,15,-999,-999
2010-01-31 01:00:00,0.7,973.2,15,-999,-999
2010-01-31 02:00:00,3.2,973.8,15,-999,-999
2010-01-31 03:00:00,2.8,972.3,15,-999,-999
2010-01-31 04:00:00,0.9,969.4,23,-999,-999
2010-01-31 05:00:00,2.6,975.2,20,-999,-999
2010-01-31 06:00:00,3.9,974,18,-999,-999
2010-01-31 07:00:00,2.3,976.3,18,-999,-999
2010-01-31 08:00:00,0.8,967.3,7,-999,-999
2010-01-31 09:00:00,2.8,973.5,22,-999,-999
2010-01-31 10:00:00,2.1,970.1,31,-999,-999
2010-01-31 11:00:00,1.4,972,27,-999,-999
2010-01-31 12:00:00,1.2,972.1,16,-999,-999
2010-01-31 13:00:00,0,975.1,18,-999,-999
2010-01-31 14:00:00,-4.5,974.8,9,-999,-999
2010-01-31 15:00:00,-4.5,971.3,25,-999,-999
2010-01-31 16:00:00,-5.3,974.3,16,-999,-999
2010-01-31 17:00:00,-2.3,967.3,25,-999,-999
2010-01-31 18:00:00,-3.5,970.7,16,-999,-999
2010-01-31 19:00:00,-4.5,973.4,11,-999,-999
2010-01-31 20:00:00,-1.8,972.6,16,-999,-999
2010-01-31 21:00:00,-4,975,18,-999,-999
2010-01-31 22:00:00,-2,971.5,16,-999,-999
2010-01-31 23:00:00,-2.9,969.3,11,-999,-999
2010-02-01 00:00:00,-0.6,976.2,21,-999,-999
2010-02-01 01:00:00,2.5,976.6,16,-999,-999
2010-02-01 02:00:00,0.4,972.3,20,-999,-999
2010-02-01 03:00:00,2.4,973.5,14,-999,-999
2010-02-01 04:00:00,4,974.2,14,-999,-999
2010-02-01 05:00:00,1.5,979.8,12,-999,-999
2010-02-01 06:00:00,4.1,975.9,14,-999,-999
2010-02-01 07:00:00,0.4,970.7,14,-999,-999
2010-02-01 08:00:00,-1.3,977.4,10,-999,-999
2010-02-01 09:00:00,0.5,973.3,22,-999,-999
2010-02-01 10:00:00,3.6,974.7,20,-999,-999
2010-02-01 11:00:00,2.9,975.4,4,-999,-999
2010-02-01 12:00:00,0.3,972.3,12,-999,-999
2010-02-01 13:00:00,-0.6,975.4,19,-999,-999
2010-02-01 14:00:00,-3.3,968.3,22,-999,-999
2010-02-01 15:00:00,-3.8,973.6,25,-999,-999
2010-02-01 16:00:00,-3.5,975.1,25,-999,-999
2010-02-01 17:00:00,-3.1,978.4,19,-999,-999
2010-02-01 18:00:00,-2.5,972.7,15,-999,-999
2010-02-01 19:00:00,-5.8,975.3,14,-999,-999
2010-02-01 20:00:00,-3.4,972.7,18,-999,-999
2010-02-01 21:00:00,-2.4,975.9,14,-999,-999
2010-02-01 22:00:00,-3.1,970.5,17,-999,-999
2010-02-01 23:00:00,-0.2,970.8,19,-999,-999
2010-02-02 00:00:00,1.2,974.2,24,-999,-999
2010-02-02 01:00:00,-0.9,974.9,26,-999,-999
2010-02-02 02:00:00,2.7,976.3,16,-999,-999
2010-02-02 03:00:00,4.2,973,10,-999,-999
2010-02-02 04:00:00,2.9,968.8,13,-999,-999
2010-02-02 05:00:00,2.6,976.6,25,-999,-999
2010-02-02 06:00:00,5.7,971.7,21,-999,-999
2010-02-02 07:00:00,5,976.4,25,-999,-999
2010-02-02 08:00:00,4,977,15,-999,-999
2010-02-02 09:00:00,3.4,973,21,-999,-999
2010-02-02 10:00:00,0,973.9,16,-999,-999
2010-02-02 11:00:00,1.4,972.3,13,-999,-999
2010-02-02 12:00:00,0.1,977,20,-999,-999
2010-02-02 13:00:00,2.2,974.5,19,-999,-999
2010-02-02 14:00:00,-0.1,970.3,23,-999,-999
2010-02-02 15:00:00,-1,981,26,-999,-999
2010-02-02 16:00:00,-4.1,971.2,24,-999,-999
2010-02-02 17:00:00,-3.9,973.8,11,-999,-999
2010-02-02 18:00:00,-3,971.1,1,-999,-999
2010-02-02 19:00:00,-4.1,976.2,17,-999,-999
2010-02-02 20:00:00,-3.7,975.6,11,-999,-999
2010-02-02 21:00:00,-3.4,969.1,17,-999,-999
2010-02-02 22:00:00,1,975.6,13,-999,-999
2010-02-02 23:00:00,-2.7,978.1,21,-999,-999
2010-02-03 00:00:00,-0.5,972.1,13,-999,-999
2010-02-03 01:00:00,1.7,970.8,17,-999,-999
2010-02-03 02:00:00,2.3,972.4,17,-999,-999
2010-02-03 03:00:00,1.5,975.5,26,-999,-999
2010-02-03 04:00:00,1.7,970.5,14,-999,-999
2010-02-03 05:00:00,4.9,975.4,6,-999,-999
2010-02-03 06:00:00,3.6,969,19,-999,-999
2010-02-03 07:00:00,3.5,972.1,11,-999,-999
2010-02-03 08:00:00,3.1,975.7,19,-999,-999
2010-02-03 09:00:00,1.9,971.2,17,-999,-999
2010-02-03 10:00:00,0.3,977.3,20,-999,-999
2010-02-03 11:00:00,1.8,975.7,15,-999,-999
2010-02-03 12:00:00,-2.7,975.5,23,-999,-999
2010-02-03 13:00:00,0.4,969.3,15,-999,-999
2010-02-03 14:00:00,-0.9,972.6,16,-999,-999
2010-02-03 15:00:00,-7.3,972.5,9,-999,-999
2010-02-03 16:00:00,-1.1,978.1,14,-999,-999
2010-02-03 17:00:00,-4.3,970.2,16,-999,-999
2010-02-03 18:00:00,-3.8,970.2,12,-999,-999
2010-02-03 19:00:00,-4.1,971.1,19,-999,-999
2010-02-03 20:00:00,-1.8,977.5,11,-999,-999
2010-02-03 21:00:00,-1.8,969.8,18,-999,-999
2010-02-03 22:00:00,-1.8,971.2,10,-999,-999
2010-02-03 23:00:00,-1.4,966.7,33,-999,-999
2010-02-04 00:00:00,1.9,975.5,22,-999,-999
2010-02-04 01:00:00,3.1,974,19,-999,-999
2010-02-04 02:00:00,0.6,972.7,15,-999,-999
2010-02-04 03:00:00,3,972.3,23,-999,-999
2010-02-04 04:00:00,5.2,974.4,13,-999,-999
2010-02-04 06:00:00,4.9,971.7,13,-999,-999
2010-02-04 07:00:00,4,971.6,19,-999,-999
2010-02-04 08:00:00,4.1,975.1,14,-999,-999
2010-02-04 09:00:00,3.3,974.1,19,-999,-999
2010-02-04 10:00:00,4.5,975.5,9,-999,-999
2010-02-04 11:00:00,2.4,971.3,17,-999,-999
2010-02-04 12:00:00,0.9,976.6,16,-999,-999
2010-02-04 13:00:00,-3.3,972.1,20,-999,-999
2010-02-04 14:00:00,-1.6,972.4,23,-999,-999
2010-02-04 15:00:00,-5.9,974.4,20,-999,-999
2010-02-04 16:00:00,-4,977.1,19,-999,-999
2010-02-04 17:00:00,-0.3,973.4,14,-999,-999
2010-02-04 18:00:00,-4.3,974.8,20,-999,-999
2010-02-04 19:00:00,-4.3,971.2,13,-999,-999
2010-02-04 20:00:00,-3.2,968.2,20,-999,-999
2010-02-04 21:00:00,-5.6,969.3,13,-999,-999
2010-02-04 22:00:00,-4.3,972.2,17,-999,-999
2010-02-04 23:00:00,-1.4,974.7,20,-999,-999
2010-02-05 00:00:00,-0.6,969.2,15,-999,-999
2010-02-05 01:00:00,0.2,971,21,-999,-999
2010-02-05 02:00:00,2.1,974.1,17,-999,-999
2010-02-05 03:00:00,5.1,976.4,15,-999,-999
2010-02-05 04:00:00,2.8,971.8,7,-999,-999
2010-02-05 05:00:00,5.1,973.6,18,-999,-999
2010-02-05 06:00:00,5.1,975.6,12,-999,-999
2010-02-05 07:00:00,3.5,977,20,-999,-999
2010-02-05 08:00:00,5.4,966.3,24,-999,-999
2010-02-05 10:00:00,2.2,971.9,19,-999,-999
2010-02-05 11:00:00,1.8,972.2,14,-999,-999
2010-02-05 12:00:00,2.2,972.5,14,-999,-999
2010-02-05 13:00:00,-1.7,982,8,-999,-999
2010-02-05 14:00:00,-2.4,976.9,23,-999,-999
2010-02-05 15:00:00,-4.9,973.5,21,-999,-999
2010-02-05 16:00:00,-3.7,976.9,16,-999,-999
2010-02-05 17:00:00,-0.7,979.4,6,-999,-999
2010-02-05 18:00:00,-3.4,974.3,12,-999,-999
2010-02-05 19:00:00,-6.4,978.8,16,-999,-999
2010-02-05 20:00:00,-1.9,972.1,12,-999,-999
2010-02-05 21:00:00,-0.1,979.6,21,-999,-999
2010-02-05 22:00:00,0.5,976,21,-999,-999
2010-02-05 23:00:00,-1.2,971.6,23,-999,-999
2010-02-06 00:00:00,-0.7,968.3,12,-999,-999
2010-02-06 01:00:00,2.7,972.1,22,-999,-999
2010-02-06 02:00:00,2.5,977.7,20,-999,-999
2010-02-06 03:00:00,1.7,968,16,-999,-999
2010-02-06 04:00:00,4.9,973.8,16,-999,-999
2010-02-06 05:00:00,5.7,978.6,16,-999,-999
2010-02-06 06:00:00,6.7,976.7,12,-999,-999
2010-02-06 07:00:00,3.7,978.3,18,-999,-999
2010-02-06 08:00:00,3.8,972,23,-999,-999
2010-02-06 09:00:00,1.1,970.7,17,-999,-999
2010-02-06 10:00:00,0.8,977.3,26,-999,-999
2010-02-06 11:00:00,0,972.1,6,-999,-999
2010-02-06 12:00:00,-0.8,975.1,14,-999,-999
2010-02-06 13:00:00,-1.9,977.9,10,-999,-999
2010-02-06 14:00:00,1,971.5,22,-999,-999
2010-02-06 15:00:00,-0.4,972.2,24,-999,-999
2010-02-06 16:00:00,-4.8,975.1,21,-999,-999
2010-02-06 17:00:00,-0.4,970.1,15,-999,-999
2010-02-06 18:00:00,-2.4,977.4,16,-999,-999
2010-02-06 19:00:00,-3.1,969.4,11,-999,-999
2010-02-06 20:00:00,-0.8,975.8,15,-999,-999
2010-02-06 21:00:00,-1.3,972.5,17,-999,-999
2010-02-06 22:00:00,-1.7,973,18,-999,-999
2010-02-06 23:00:00,-1.7,977.9,11,-999,-999
2010-02-07 00:00:00,-2.2,972,12,-999,-999
2010-02-07 01:00:00,2.1,974,19,-999,-999
2010-02-07 02:00:00,1.5,973.3,24,-999,-999
2010-02-07 03:00:00,2.1,979,22,-999,-999
2010-02-07 04:00:00,0.6,973.2,17,-999,-999
2010-02-07 05:00:00,2.8,978.6,17,-999,-999
2010-02-07 06:00:00,4.2,975,9,-999,-999
2010-02-07 07:00:00,4.9,974.7,16,-999,-999
2010-02-07 08:00:00,6.8,969.7,22,-999,-999
2010-02-07 09:00:00,2.7,972.6,13,-999,-999
2010-02-07 10:00:00,2.7,970.7,23,-999,-999
2010-02-07 11:00:00,2.7,974.6,20,-999,-999
2010-02-07 12:00:00,0.3,971.7,18,-999,-999
2010-02-07 13:00:00,-2.1,974.1,21,-999,-999
2010-02-07 14:00:00,1.2,972.6,24,-999,-999
2010-02-07 15:00:00,-2.5,980.1,9,-999,-999
2010-02-07 16:00:00,-3.5,969.7,2,-999,-999
2010-02-07 17:00:00,1.5,975.1,21,-999,-999
2010-02-07 18:00:00,-2.9,975.2,25,-999,-999
2010-02-07 19:00:00,-1.1,973.4,23,-999,-999
2010-02-07 20:00:00,-4.8,972.1,11,-999,-999
2010-02-07 21:00:00,-4.6,968.4,18,-999,-999
2010-02-07 22:00:00,-0.7,971.2,28,-999,-999
2010-02-07 23:00:00,-1.3,980,18,-999,-999
2010-02-08 00:00:00,-0.3,972.5,22,-999,-999
2010-02-08 01:00:00,1.8,977.8,25,-999,-999
2010-02-08 02:00:00,2.6,973,15,-999,-999
2010-02-08 03:00:00,6,968.8,18,-999,-999
2010-02-08 04:00:00,4.1,974.4,27,-999,-999
2010-02-08 05:00:00,6.1,979.6,22,-999,-999
2010-02-08 06:00:00,1.8,976.2,15,-999,-999
2010-02-08 07:00:00,6.2,971.9,21,-999,-999
2010-02-08 08:00:00,2.6,971.1,16,-999,-999
2010-02-08 09:00:00,2.2,970.7,2,-999,-999
2010-02-08 10:00:00,-1.3,972.6,17,-999,-999
2010-02-08 11:00:00,2.5,975.1,21,-999,-999
2010-02-08 12:00:00,3,979,19,-999,-999
2010-02-08 13:00:00,-0.9,969.3,16,-999,-999
2010-02-08 14:00:00,-1.4,976.5,12,-999,-999
2010-02-08 15:00:00,-1.4,971.1,13,-999,-999
2010-02-08 16:00:00,-5.5,976.9,19,-999,-999
2010-02-08 17:00:00,-3.3,969.1,16,-999,-999
2010-02-08 18:00:00,-2.3,974.3,21,-999,-999
2010-02-08 19:00:00,-3.6,974.1,19,-999,-999
2010-02-08 20:00:00,-2.5,977.6,19,-999,-999
2010-02-08 21:00:00,-1.1,972.7,24,-999,-999
2010-02-08 22:00:00,-0.9,974.6,5,-999,-999
2010-02-08 23:00:00,-0.8,972.7,13,-999,-999
2010-02-09 00:00:00,-1.9,972.4,16,-999,-999
2010-02-09 01:00:00,2.5,975.6,19,-999,-999
2010-02-09 02:00:00,1.9,973.3,22,-999,-999
2010-02-09 03:00:00,3.6,972.3,21,-999,-999
2010-02-09 04:00:00,5.5,971.9,17,-999,-999
2010-02-09 05:00:00,4.2,974.5,22,-999,-999
2010-02-09 06:00:00,5.4,973.8,21,-999,-999
2010-02-09 07:00:00,2.9,978.5,15,-999,-999
2010-02-09 08:00:00,2.2,973.9,10,-999,-999
2010-02-09 09:00:00,3.4,970.6,17,-999,-999
2010-02-09 10:00:00,2.4,974.1,16,-999,-999
2010-02-09 11:00:00,2.2,973.8,12,-999,-999
2010-02-09 12:00:00,1.4,973.4,13,-999,-999
2010-02-09 13:00:00,1.2,973.1,22,-999,-999
2010-02-09 14:00:00,-2.2,972.1,23,-999,-999
2010-02-09 15:00:00,-1,972.8,16,-999,-999
2010-02-09 16:00:00,-4.7,972.8,26,-999,-999
2010-02-09 17:00:00,-4.5,973.1,22,-999,-999
2010-02-09 18:00:00,-0.3,975.6,21,-999,-999
2010-02-09 19:00:00,-3.9,975,18,-999,-999
2010-02-09 20:00:00,-5.3,977.5,17,-999,-999
2010-02-09 21:00:00,-4.7,978.8,13,-999,-999
2010-02-09 22:00:00,-2.1,974,16,-999,-999
2010-02-09 23:00:00,-2.1,975.3,13,-999,-999
2010-02-10 00:00:00,0.2,974.7,17,-999,-999
2010-02-10 01:00:00,0.8,976.1,21,-999,-999
2010-02-10 02:00:00,2.4,971.4,12,-999,-999
2010-02-10 03:00:00,1.8,977.5,20,-999,-999
2010-02-10 04:00:00,2.6,973.5,27,-999,-999
2010-02-10 05:00:00,3.6,971.4,12,-999,-999
2010-02-10 06:00:00,0.9,969,20,-999,-999
2010-02-10 07:00:00,2.8,969.8,13,-999,-999
2010-02-10 08:00:00,6,975,26,-999,-999
2010-02-10 09:00:00,4,973.5,19,-999,-999
2010-02-10 10:00:00,2.5,977.5,11,-999,-999
2010-02-10 11:00:00,2.3,976.6,10,-999,-999
2010-02-10 12:00:00,-0.2,975.7,21,-999,-999
2010-02-10 13:00:00,-1.2,971.5,18,-999,-999
2010-02-10 14:00:00,-2.3,972,19,-999,-999
2010-02-10 15:00:00,-3.9,976,14,-999,-999
2010-02-10 16:00:00,-4.5,977.7,23,-999,-999
2010-02-10 17:00:00,-3.2,970.3,9,-999,-999
2010-02-10 18:00:00,-2.1,979.2,19,-999,-999
2010-02-10 19:00:00,-0.6,971.8,19,-999,-999
2010-02-10 20:00:00,-1.9,975.6,24,-999,-999
2010-02-10 21:00:00,-1.9,972.5,14,-999,-999
2010-02-10 22:00:00,-3.2,978.8,16,-999,-999
2010-02-10 23:00:00,1.6,974.6,22,-999,-999
2010-02-11 00:00:00,0.2,974.2,17,-999,-999
2010-02-11 01:00:00,3.4,967.5,19,-999,-999
2010-02-11 02:00:00,2.4,974.1,27,-999,-999
2010-02-11 03:00:00,5.6,970.3,16,-999,-999
2010-02-11 04:00:00,2.7,974.2,18,-999,-999
2010-02-11 05:00:00,4.3,971.9,11,-999,-999
2010-02-11 06:00:00,2.7,973.4,25,-999,-999
2010-02-11 07:00:00,6.4,975.8,17,-999,-999
2010-02-11 08:00:00,4.2,971.8,18,-999,-999
2010-02-11 09:00:00,3.3,972,14,-999,-999
2010-02-11 10:00:00,3.9,972.3,16,-999,-999
2010-02-11 11:00:00,1.2,972.8,14,-999,-999
2010-02-11 12:00:00,-1.6,973.8,15,-999,-999
2010-02-11 13:00:00,0.2,975.1,20,-999,-999
2010-02-11 14:00:00,1,968,16,-999,-999
2010-02-11 15:00:00,-1.3,977.5,26,-999,-999
2010-02-11 16:00:00,-1.9,976.2,19,-999,-999
2010-02-11 17:00:00,-2.3,975.5,13,-999,-999
2010-02-11 18:00:00,-2.7,975.8,21,-999,-999
2010-02-11 19:00:00,-1.3,977.5,16,-999,-999
2010-02-11 20:00:00,-1.8,976.8,21,-999,-999
2010-02-11 22:00:00,-0.7,971.6,23,-999,-999
2010-02-11 23:00:00,0.9,976.4,21,-999,-999
2010-02-12 00:00:00,0,967.5,12,-999,-999
2010-02-12 01:00:00,-0.5,973.5,15,-999,-999
2010-02-12 02:00:00,1.2,972.9,20,-999,-999
2010-02-12 03:00:00,4.9,974.1,24,-999,-999
2010-02-12 04:00:00,5.1,975.2,20,-999,-999
2010-02-12 05:00:00,4.4,973.7,23,-999,-999
2010-02-12 07:00:00,4.6,968.4,15,-999,-999
2010-02-12 08:00:00,5.5,974.3,16,-999,-999
2010-02-12 09:00:00,6.8,970.1,16,-999,-999
2010-02-12 10:00:00,5.4,975.8,21,-999,-999
2010-02-12 12:00:00,-0.7,979.6,23,-999,-999
2010-02-12 13:00:00,1,970.9,14,-999,-999
2010-02-12 14:00:00,-1,970.7,14,-999,-999
2010-02-12 15:00:00,-3.6,978.3,16,-999,-999
2010-02-12 16:00:00,-2.3,975.7,16,-999,-999
2010-02-12 17:00:00,-4.6,971.8,22,-999,-999
2010-02-12 18:00:00,-3.2,973,17,-999,-999
2010-02-12 19:00:00,-3.3,973.7,20,-999,-999
2010-02-12 20:00:00,-1.4,976.8,15,-999,-999
2010-02-12 21:00:00,-4.8,980.8,19,-999,-999
2010-02-12 22:00:00,-0.5,982.3,18,-999,-999
2010-02-12 23:00:00,-0.6,981,24,-999,-999
2010-02-13 00:00:00,4,970.6,26,-999,-999
2010-02-13 01:00:00,0.8,975.9,11,-999,-999
2010-02-13 02:00:00,-0.9,970.5,25,-999,-999
2010-02-13 03:00:00,5.5,971.9,13,-999,-999
2010-02-13 04:00:00,4.6,977.4,17,-999,-999
2010-02-13 05:00:00,5.5,979.3,24,-999,-999
2010-02-13 06:00:00,6.2,979,20,-999,-999
2010-02-13 07:00:00,6.9,974.6,18,-999,-999
2010-02-13 08:00:00,5.3,976.5,23,-999,-999
2010-02-13 09:00:00,3.8,974.8,29,-999,-999
2010-02-13 10:00:00,2.9,976,15,-999,-999
2010-02-13 11:00:00,1.2,981,20,-999,-999
2010-02-13 12:00:00,2.8,971.5,26,-999,-999
2010-02-13 13:00:00,-1,972.6,15,-999,-999
2010-02-13 14:00:00,0.2,973.2,17,-999,-999
2010-02-13 15:00:00,-1.3,970.1,16,-999,-999
2010-02-13 16:00:00,-0.8,972.6,14,-999,-999
2010-02-13 17:00:00,-2.4,969.3,16,-999,-999
2010-02-13 18:00:00,-3.6,976.7,18,-999,-999
2010-02-13 19:00:00,-2.8,974.2,21,-999,-999
2010-02-13 20:00:00,-4.5,972.6,20,-999,-999
2010-02-13 21:00:00,-2.4,972.9,8,-999,-999
2010-02-13 22:00:00,-0.6,974.2,11,-999,-999
2010-02-13 23:00:00,0.5,977.5,15,-999,-999
2010-02-14 00:00:00,-1,977.2,15,-999,-999
2010-02-14 01:00:00,0.8,973.8,20,-999,-999
2010-02-14 02:00:00,4,971.4,14,-999,-999
2010-02-14 03:00:00,1.4,977.4,16,-999,-999
2010-02-14 04:00:00,2.8,977.7,8,-999,-999
2010-02-14 05:00:00,5.5,976.4,15,-999,-999
2010-02-14 06:00:00,4.4,975.5,22,-999,-999
2010-02-14 07:00:00,2.7,974.2,18,-999,-999
2010-02-14 08:00:00,5,975.6,22,-999,-999
2010-02-14 09:00:00,1.3,974.6,17,-999,-999
2010-02-14 10:00:00,1.2,973.2,23,-999,-999
2010-02-14 11:00:00,2.1,971.7,18,-999,-999
2010-02-14 12:00:00,4.1,968.9,17,-999,-999
2010-02-14 13:00:00,0.6,973.9,12,-999,-999
2010-02-14 14:00:00,0.5,969.4,17,-999,-999
2010-02-14 15:00:00,-2.4,974.5,18,-999,-999
2010-02-14 16:00:00,-0.1,973.7,21,-999,-999
2010-02-14 17:00:00,-5.1,974.9,19,-999,-999
2010-02-14 18:00:00,-2.5,971.1,24,-999,-999
2010-02-14 19:00:00,-2.1,975,12,-999,-999
2010-02-14 20:00:00,-3.2,973.4,14,-999,-999
2010-02-14 21:00:00,-0.6,970.6,12,-999,-999
2010-02-14 22:00:00,-0.5,970.3,13,-999,-999
2010-02-14 23:00:00,3.6,972.1,14,-999,-999
2010-02-15 00:00:00,3.8,969.6,16,-999,-999
2010-02-15 01:00:00,4.5,975.6,23,-999,-999
2010-02-15 02:00:00,4.3,974.4,14,-999,-999
2010-02-15 03:00:00,6.9,974.9,13,-999,-999
2010-02-15 04:00:00,5.7,970,19,-999,-999
2010-02-15 05:00:00,7,972.7,19,-999,-999
2010-02-15 06:00:00,6.5,973,21,-999,-999
2010-02-15 07:00:00,5.5,979.5,19,-999,-999
2010-02-15 08:00:00,4.8,975.1,12,-999,-999
2010-02-15 09:00:00,2.4,975.3,18,-999,-999
2010-02-15 10:00:00,1.6,970.2,21,-999,-999
2010-02-15 11:00:00,2.4,979.3,5,-999,-999
2010-02-15 12:00:00,5.5,979.4,17,-999,-999
2010-02-15 13:00:00,0.8,974,13,-999,-999
2010-02-15 14:00:00,-1.5,974.8,17,-999,-999
2010-02-15 15:00:00,-3.4,970.7,20,-999,-999
2010-02-15 16:00:00,-4.3,973.4,26,-999,-999
2010-02-15 17:00:00,-1.6,979.8,19,-999,-999
2010-02-15 18:00:00,-3,972.7,24,-999,-999
2010-02-15 19:00:00,-1.5,970.9,23,-999,-999
2010-02-15 20:00:00,-2.2,978.4,18,-999,-999
2010-02-15 21:00:00,-3.2,970.2,13,-999,-999
2010-02-15 22:00:00,-0.7,974.9,11,-999,-999
2010-02-15 23:00:00,0.8,975.2,19,-999,-999
2010-02-16 00:00:00,0.4,972.7,19,-999,-999
2010-02-16 01:00:00,3.5,978.3,31,-999,-999
2010-02-16 02:00:00,2.4,966.9,18,-999,-999
2010-02-16 03:00:00,1.1,978.1,24,-999,-999
2010-02-16 04:00:00,4.4,980.8,9,-999,-999
2010-02-16 05:00:00,6.1,974.1,24,-999,-999
2010-02-16 06:00:00,7,975.8,16,-999,-999
2010-02-16 07:00:00,5.2,971.3,22,-999,-999
2010-02-16 08:00:00,3.7,976.6,21,-999,-999
2010-02-16 09:00:00,2.2,976.3,7,-999,-999
2010-02-16 10:00:00,4.5,974.7,20,-999,-999
2010-02-16 11:00:00,4.3,970.4,14,-999,-999
2010-02-16 12:00:00,2.2,974.6,15,-999,-999
2010-02-16 13:00:00,2,975.3,9,-999,-999
2010-02-16 14:00:00,-2.8,972,20,-999,-999
2010-02-16 15:00:00,-0.6,973.4,15,-999,-999
2010-02-16 16:00:00,-3.6,971.6,15,-999,-999
2010-02-16 17:00:00,-4.1,975.8,18,-999,-999
2010-02-16 19:00:00,-3.3,972.8,17,-999,-999
2010-02-16 20:00:00,1.7,971.7,17,-999,-999
2010-02-16 21:00:00,-1,974.1,12,-999,-999
2010-02-16 22:00:00,-1.5,972.2,20,-999,-999
2010-02-17 00:00:00,0.8,973.7,21,-999,-999
2010-02-17 01:00:00,1.5,974.7,23,-999,-999
2010-02-17 02:00:00,3.2,976.8,14,-999,-999
2010-02-17 03:00:00,3.8,970,16,-999,-999
2010-02-17 04:00:00,2.7,971.8,20,-999,-999
2010-02-17 05:00:00,8.9,972.4,18,-999,-999
2010-02-17 06:00:00,6.6,969.3,12,-999,-999
2010-02-17 07:00:00,5.6,972.7,27,-999,-999
2010-02-17 08:00:00,3.1,978.7,19,-999,-999
2010-02-17 09:00:00,2.9,975.9,20,-999,-999
2010-02-17 10:00:00,4.2,973.9,17,-999,-999
2010-02-17 11:00:00,2.2,976.7,18,-999,-999
2010-02-17 12:00:00,3.1,974.2,18,-999,-999
2010-02-17 13:00:00,3.9,978.6,24,-999,-999
2010-02-17 14:00:00,0.7,970.4,5,-999,-999
2010-02-17 16:00:00,-1.5,973.7,10,-999,-999
2010-02-17 17:00:00,0.7,974.8,19,-999,-999
2010-02-17 18:00:00,-1.3,982.6,11,-999,-999
2010-02-17 19:00:00,-1.5,972.1,16,-999,-999
2010-02-17 20:00:00,0.6,981.9,20,-999,-999
2010-02-17 21:00:00,2.4,978.1,17,-999,-999
2010-02-17 22:00:00,1.8,980.1,16,-999,-999
2010-02-17 23:00:00,1.4,976.2,15,-999,-999
2010-02-18 00:00:00,1.1,977.3,29,-999,-999
2010-02-18 01:00:00,2.8,978.2,10,-999,-999
2010-02-18 02:00:00,4.5,973.1,16,-999,-999
2010-02-18 03:00:00,6.1,977.7,16,-999,-999
2010-02-18 04:00:00,3.4,975.5,23,-999,-999
2010-02-18 05:00:00,5.6,975.6,19,-999,-999
2010-02-18 06:00:00,4.2,976.1,23,-999,-999
2010-02-18 07:00:00,3.8,973.3,22,-999,-999
2010-02-18 08:00:00,5.7,977.4,23,-999,-999
2010-02-18 09:00:00,5.7,971.8,16,-999,-999
2010-02-18 10:00:00,5.2,975.6,15,-999,-999
2010-02-18 11:00:00,1.9,973.4,23,-999,-999
2010-02-18 12:00:00,3.3,973.7,14,-999,-999
2010-02-18 13:00:00,0.3,972.4,21,-999,-999
2010-02-18 14:00:00,-2.2,973.9,19,-999,-999
2010-02-18 15:00:00,-2.1,975.7,24,-999,-999
2010-02-18 16:00:00,-1.9,977.2,19,-999,-999
2010-02-18 17:00:00,-3.2,972.7,14,-999,-999
2010-02-18 18:00:00,-1.4,972.1,11,-999,-999
2010-02-18 19:00:00,-2.9,972.9,21,-999,-999
2010-02-18 20:00:00,-0.3,972.3,15,-999,-999
2010-02-18 21:00:00,2.2,977.1,16,-999,-999
2010-02-18 22:00:00,0.9,977.8,15,-999,-999
2010-02-18 23:00:00,0.5,971,18,-999,-999
2010-02-19 00:00:00,0,973.7,8,-999,-999
2010-02-19 01:00:00,6.4,970.5,4,-999,-999
2010-02-19 02:00:00,4.4,975.1,13,-999,-999
2010-02-19 03:00:00,6.7,977.1,16,-999,-999
2010-02-19 04:00:00,7,970.4,16,-999,-999
2010-02-19 05:00:00,6.2,973.6,19,-999,-999
2010-02-19 06:00:00,3.3,968,30,-999,-999
2010-02-19 07:00:00,7.9,976.4,24,-999,-999
2010-02-19 08:00:00,5.1,978.4,22,-999,-999
2010-02-19 09:00:00,4.7,978.6,15,-999,-999
2010-02-19 10:00:00,5.5,981.2,23,-999,-999
2010-02-19 11:00:00,2.7,973.3,27,-999,-999
2010-02-19 12:00:00,2.5,977.5,26,-999,-999
2010-02-19 13:00:00,3.4,977.5,13,-999,-999
2010-02-19 14:00:00,1.1,971.2,23,-999,-999
2010-02-19 15:00:00,2,975.8,20,-999,-999
2010-02-19 16:00:00,-2.2,973.6,16,-999,-999
2010-02-19 17:00:00,-0.6,975.2,13,-999,-999
2010-02-19 18:00:00,-0.9,969.6,14,-999,-999
2010-02-19 19:00:00,-2,973.5,21,-999,-999
2010-02-19 20:00:00,-1.1,975.5,21,-999,-999
2010-02-19 21:00:00,-2,971.7,4,-999,-999
2010-02-19 22:00:00,-0.7,972.7,13,-999,-999
2010-02-19 23:00:00,2.8,973.8,25,-999,-999
2010-02-20 00:00:00,4.3,974.7,17,-999,-999
2010-02-20 01:00:00,3.1,982.5,17,-999,-999
2010-02-20 02:00:00,3.1,978.9,15,-999,-999
2010-02-20 03:00:00,3.6,973.8,20,-999,-999
2010-02-20 04:00:00,6,973.9,8,-999,-999
2010-02-20 05:00:00,8,966.6,18,-999,-999
2010-02-20 06:00:00,7.2,979.3,10,-999,-999
2010-02-20 07:00:00,7.2,976.3,24,-999,-999
2010-02-20 08:00:00,7.5,975.8,11,-999,-999
2010-02-20 09:00:00,2.4,974.8,27,-999,-999
2010-02-20 10:00:00,2.9,971.5,12,-999,-999
2010-02-20 11:00:00,4.8,972.4,20,-999,-999
2010-02-20 12:00:00,1.4,974.8,17,-999,-999
2010-02-20 13:00:00,2.4,977.2,20,-999,-999
2010-02-20 14:00:00,-0.1,973.8,16,-999,-999
2010-02-20 15:00:00,-3.2,977.6,22,-999,-999
2010-02-20 17:00:00,-1,975,17,-999,-999
2010-02-20 18:00:00,0.1,977.8,11,-999,-999
2010-02-20 19:00:00,0.8,977.6,21,-999,-999
2010-02-20 20:00:00,1,972.5,19,-999,-999
2010-02-20 21:00:00,-1.6,971.4,17,-999,-999
2010-02-20 22:00:00,1.4,976.8,20,-999,-999
2010-02-20 23:00:00,3.1,974.9,12,-999,-999
2010-02-21 00:00:00,2.8,975.5,9,-999,-999
2010-02-21 01:00:00,4.2,978.2,16,-999,-999
2010-02-21 02:00:00,2.6,979.9,20,-999,-999
2010-02-21 03:00:00,5.2,974.6,16,-999,-999
2010-02-21 04:00:00,6.1,970.7,15,-999,-999
2010-02-21 05:00:00,6.5,972.9,22,-999,-999
2010-02-21 06:00:00,7.5,972.5,25,-999,-999
2010-02-21 07:00:00,9.1,968.4,21,-999,-999
2010-02-21 08:00:00,4.6,977.5,19,-999,-999
2010-02-21 09:00:00,6.1,972.5,22,-999,-999
2010-02-21 10:00:00,4.2,972.4,18,-999,-999
2010-02-21 11:00:00,5.3,975.5,17,-999,-999
2010-02-21 12:00:00,5.3,973.8,16,-999,-999
2010-02-21 13:00:00,2.8,976.9,16,-999,-999
2010-02-21 14:00:00,1.7,975.6,8,-999,-999
2010-02-21 15:00:00,0.6,972,10,-999,-999
2010-02-21 16:00:00,-1.2,979.9,26,-999,-999
2010-02-21 17:00:00,-1,974.1,17,-999,-999
2010-02-21 18:00:00,-1.3,975.6,12,-999,-999
2010-02-21 19:00:00,0.2,976.3,23,-999,-999
2010-02-21 20:00:00,2.3,977.9,25,-999,-999
2010-02-21 21:00:00,0.6,978.1,11,-999,-999
2010-02-21 22:00:00,2.1,974.3,18,-999,-999
2010-02-21 23:00:00,1.1,973.5,17,-999,-999
2010-02-22 00:00:00,3.9,980.6,11,-999,-999
2010-02-22 01:00:00,5.8,971.8,15,-999,-999
2010-02-22 02:00:00,4.2,969.2,11,-999,-999
2010-02-22 03:00:00,5.2,976.7,17,-999,-999
2010-02-22 04:00:00,4.7,971.8,16,-999,-999
2010-02-22 05:00:00,5.5,971,11,-999,-999
2010-02-22 06:00:00,6.7,977.4,12,-999,-999
2010-02-22 07:00:00,7.5,972.7,21,-999,-999
2010-02-22 08:00:00,5.8,975.3,12,-999,-999
2010-02-22 09:00:00,7.3,977.5,11,-999,-999
2010-02-22 10:00:00,4.8,976.2,28,-999,-999
2010-02-22 11:00:00,3.7,975.9,15,-999,-999
2010-02-22 12:00:00,1.3,976.5,12,-999,-999
2010-02-22 13:00:00,1.8,975.2,9,-999,-999
2010-02-22 14:00:00,0.8,975.6,13,-999,-999
2010-02-22 15:00:00,-2.9,975.6,20,-999,-999
2010-02-22 16:00:00,-3.7,974.3,16,-999,-999
2010-02-22 17:00:00,-1.7,973.8,30,-999,-999
2010-02-22 18:00:00,-1.5,974.6,22,-999,-999
2010-02-22 19:00:00,-4.1,973.5,20,-999,-999
2010-02-22 20:00:00,-2,972.1,22,-999,-999
2010-02-22 21:00:00,-2.4,972.6,22,-999,-999
2010-02-22 22:00:00,1.3,978.7,16,-999,-999
2010-02-22 23:00:00,0.3,974.1,22,-999,-999
2010-02-23 00:00:00,4.2,977,9,-999,-999
2010-02-23 01:00:00,6.4,968.9,27,-999,-999
2010-02-23 02:00:00,4.2,977.2,24,-999,-999
2010-02-23 03:00:00,6.7,980.4,1,-999,-999
2010-02-23 04:00:00,5.9,973.1,13,-999,-999
2010-02-23 05:00:00,7.3,975.9,19,-999,-999
2010-02-23 06:00:00,6.9,977.8,7,-999,-999
2010-02-23 07:00:00,5.8,972,22,-999,-999
2010-02-23 08:00:00,4.1,974.2,17,-999,-999
2010-02-23 09:00:00,4.7,977.7,15,-999,-999
2010-02-23 10:00:00,6.3,973.8,24,-999,-999
2010-02-23 11:00:00,2.9,976.7,22,-999,-999
2010-02-23 12:00:00,1.5,975.7,10,-999,-999
2010-02-23 13:00:00,1.6,976.3,12,-999,-999
2010-02-23 14:00:00,3.3,974.7,11,-999,-999
2010-02-23 15:00:00,0.5,972.4,9,-999,-999
2010-02-23 16:00:00,-3.8,978.3,15,-999,-999
2010-02-23 17:00:00,-2,978.5,12,-999,-999
2010-02-23 18:00:00,-0.7,974.8,18,-999,-999
2010-02-23 19:00:00,-4,971.5,7,-999,-999
2010-02-23 20:00:00,0.6,976.8,23,-999,-999
2010-02-23 21:00:00,-1,972.5,27,-999,-999
2010-02-23 22:00:00,0.2,974.8,20,-999,-999
2010-02-23 23:00:00,1.1,972.3,9,-999,-999
2010-02-24 00:00:00,2.7,970.8,13,-999,-999
2010-02-24 01:00:00,5.6,970.2,15,-999,-999
2010-02-24 02:00:00,2.1,977.4,17,-999,-999
2010-02-24 03:00:00,4.9,978.9,19,-999,-999
2010-02-24 04:00:00,9,974.8,12,-999,-999
2010-02-24 05:00:00,10.5,973.2,19,-999,-999
2010-02-24 06:00:00,4.8,977.1,18,-999,-999
2010-02-24 07:00:00,6.3,976.7,25,-999,-999
2010-02-24 08:00:00,7.3,977.8,17,-999,-999
2010-02-24 09:00:00,4.9,977.4,22,-999,-999
2010-02-24 10:00:00,6.2,973.5,14,-999,-999
2010-02-24 11:00:00,4.3,975,12,-999,-999
2010-02-24 12:00:00,1.1,979.3,18,-999,-999
2010-02-24 13:00:00,-0.3,971.4,14,-999,-999
2010-02-24 14:00:00,1.8,976.5,15,-999,-999
2010-02-24 15:00:00,-3.6,974.4,7,-999,-999
2010-02-24 16:00:00,-2.3,966.2,14,-999,-999
2010-02-24 17:00:00,-3.7,975.4,13,-999,-999
2010-02-24 18:00:00,-1.2,976.8,16,-999,-999
2010-02-24 19:00:00,-1.5,971.7,22,-999,-999
2010-02-24 20:00:00,-0.4,974.9,22,-999,-999
2010-02-24 21:00:00,3.8,972.4,2,-999,-999
2010-02-24 22:00:00,2.5,974.6,14,-999,-999
2010-02-24 23:00:00,5.1,969.3,19,-999,-999
2010-02-25 00:00:00,2.6,975.8,11,-999,-999
2010-02-25 01:00:00,0.3,974.8,17,-999,-999
2010-02-25 02:00:00,6.6,978.2,25,-999,-999
2010-02-25 03:00:00,7,974.8,15,-999,-999
2010-02-25 04:00:00,5.1,976.3,9,-999,-999
2010-02-25 05:00:00,4.4,970.2,13,-999,-999
2010-02-25 06:00:00,6.6,976.5,10,-999,-999
2010-02-25 07:00:00,4.8,971.5,16,-999,-999
2010-02-25 08:00:00,6.1,974,15,-999,-999
2010-02-25 09:00:00,3.5,976.2,27,-999,-999
2010-02-25 10:00:00,5.6,972.7,23,-999,-999
2010-02-25 11:00:00,3.1,976.5,21,-999,-999
2010-02-25 12:00:00,0.9,973.6,15,-999,-999
2010-02-25 13:00:00,3.5,973.7,15,-999,-999
2010-02-25 14:00:00,0.9,974.4,19,-999,-999
2010-02-25 15:00:00,-0.4,974.5,15,-999,-999
2010-02-25 16:00:00,-0.4,974.8,20,-999,-999
2010-02-25 17:00:00,-2.3,981.3,21,-999,-999
2010-02-25 18:00:00,-1.9,971,15,-999,-999
2010-02-25 19:00:00,1.1,976.8,20,-999,-999
2010-02-25 20:00:00,0,975.8,5,-999,-999
2010-02-25 21:00:00,0.1,974.5,12,-999,-999
2010-02-25 22:00:00,1,976.6,14,-999,-999
2010-02-25 23:00:00,2.1,979.5,10,-999,-999
2010-02-26 00:00:00,3.7,977.7,20,-999,-999
2010-02-26 01:00:00,5.3,973.5,13,-999,-999
2010-02-26 02:00:00,6,977.4,17,-999,-999
2010-02-26 03:00:00,5.6,975.3,15,-999,-999
2010-02-26 04:00:00,7.9,978.2,18,-999,-999
2010-02-26 05:00:00,8.2,976.7,21,-999,-999
2010-02-26 06:00:00,4.2,972.7,28,-999,-999
2010-02-26 07:00:00,9.1,972.8,15,-999,-999
2010-02-26 08:00:00,7,979.5,9,-999,-999
2010-02-26 09:00:00,4.5,970.9,22,-999,-999
2010-02-26 10:00:00,5,980.6,20,-999,-999
2010-02-26 11:00:00,4.9,969,11,-999,-999
2010-02-26 13:00:00,2.5,974.4,20,-999,-999
2010-02-26 14:00:00,-0.7,971.8,22,-999,-999
2010-02-26 15:00:00,-0.1,980.6,16,-999,-999
2010-02-26 16:00:00,0.3,976.3,12,-999,-999
2010-02-26 17:00:00,-1.6,972.9,13,-999,-999
2010-02-26 18:00:00,-1.8,972.2,19,-999,-999
2010-02-26 19:00:00,-1.4,979.5,22,-999,-999
2010-02-26 20:00:00,-2.8,975.9,23,-999,-999
2010-02-26 21:00:00,0.1,974.9,24,-999,-999
2010-02-26 22:00:00,3.4,974.8,15,-999,-999
2010-02-26 23:00:00,2.8,971.3,11,-999,-999
2010-02-27 00:00:00,4.5,971.2,10,-999,-999
2010-02-27 01:00:00,4.7,971.6,16,-999,-999
2010-02-27 02:00:00,6.1,976,10,-999,-999
2010-02-27 03:00:00,7.4,975.9,17,-999,-999
2010-02-27 04:00:00,7.1,968.5,22,-999,-999
2010-02-27 05:00:00,6.4,981.7,17,-999,-999
2010-02-27 07:00:00,8,974.4,13,-999,-999
2010-02-27 08:00:00,9.8,973.4,21,-999,-999
2010-02-27 09:00:00,6.6,973.6,18,-999,-999
2010-02-27 10:00:00,3.9,976,18,-999,-999
2010-02-27 11:00:00,4.7,975.4,23,-999,-999
2010-02-27 12:00:00,3.1,978.6,18,-999,-999
2010-02-27 13:00:00,1.1,975.2,19,-999,-999
2010-02-27 14:00:00,1.3,977.5,26,-999,-999
2010-02-27 15:00:00,0.8,977.2,19,-999,-999
2010-02-27 16:00:00,2.7,974.6,20,-999,-999
2010-02-27 17:00:00,-0.1,977.8,12,-999,-999
2010-02-27 18:00:00,0,971.6,15,-999,-999
2010-02-27 19:00:00,-2.2,973.4,10,-999,-999
2010-02-27 20:00:00,-0.9,976.5,17,-999,-999
2010-02-27 21:00:00,0.8,975.7,10,-999,-999
2010-02-27 22:00:00,-0.6,973.8,13,-999,-999
2010-02-27 23:00:00,1.3,975.3,22,-999,-999
2010-02-28 00:00:00,2.1,972.6,15,-999,-999
2010-02-28 01:00:00,3.4,970.7,18,-999,-999
2010-02-28 02:00:00,4.3,975.2,12,-999,-999
2010-02-28 03:00:00,5.9,970.5,26,-999,-999
2010-02-28 04:00:00,9.8,973.8,5,-999,-999
2010-02-28 05:00:00,9.1,975.6,21,-999,-999
2010-02-28 06:00:00,9.2,977,20,-999,-999
2010-02-28 07:00:00,9,979.6,13,-999,-999
2010-02-28 08:00:00,7.3,976.8,16,-999,-999
2010-02-28 09:00:00,6,974.6,12,-999,-999
2010-02-28 10:00:00,6.6,972.8,10,-999,-999
2010-02-28 11:00:00,4.4,975.6,10,-999,-999
2010-02-28 12:00:00,4.5,980.7,22,-999,-999
2010-02-28 13:00:00,3.7,979.9,8,-999,-999
2010-02-28 14:00:00,2.8,973.1,11,-999,-999
2010-02-28 15:00:00,2.2,972.7,7,-999,-999
2010-02-28 16:00:00,1.4,977.7,12,-999,-999
2010-02-28 17:00:00,-1.1,971.2,13,-999,-999
2010-02-28 18:00:00,-0.9,972.6,12,-999,-999
2010-02-28 19:00:00,-2.9,971.2,8,-999,-999
2010-02-28 20:00:00,1.2,976.5,26,-999,-999
2010-02-28 21:00:00,2.8,974.7,21,-999,-999
2010-02-28 22:00:00,1.3,972.5,12,-999,-999
2010-02-28 23:00:00,1.2,973.9,17,-999,-999
2010-03-01 00:00:00,0.5,973.7,14,-999,-999
2010-03-01 01:00:00,3.6,973.6,22,-999,-999
2010-03-01 02:00:00,4.5,973.3,7,-999,-999
2010-03-01 03:00:00,7.3,980.8,14,-999,-999
2010-03-01 04:00:00,6.4,972.3,12,-999,-999
2010-03-01 05:00:00,7.1,974.8,15,-999,-999
2010-03-01 06:00:00,5.5,975.6,18,-999,-999
2010-03-01 07:00:00,8.2,979.4,14,-999,-999
2010-03-01 08:00:00,5.2,975.3,27,-999,-999
2010-03-01 09:00:00,4.2,978,21,-999,-999
2010-03-01 10:00:00,8.7,973.8,16,-999,-999
2010-03-01 11:00:00,8.4,973.6,23,-999,-999
2010-03-01 12:00:00,4.1,981.2,21,-999,-999
2010-03-01 13:00:00,4,975,13,-999,-999
2010-03-01 14:00:00,3.5,968.5,24,-999,-999
2010-03-01 15:00:00,4.2,973.6,20,-999,-999
2010-03-01 16:00:00,0.3,980,21,-999,-999
2010-03-01 17:00:00,-1.1,973,19,-999,-999
2010-03-01 18:00:00,-0.4,973.7,15,-999,-999
2010-03-01 19:00:00,-0.5,977.2,22,-999,-999
2010-03-01 20:00:00,-1,976.6,21,-999,-999
2010-03-01 21:00:00,0.8,976.3,8,-999,-999
2010-03-01 22:00:00,1.8,980.8,14,-999,-999
2010-03-01 23:00:00,4.4,976.1,19,-999,-999
2010-03-02 00:00:00,2.8,974.4,13,-999,-999
2010-03-02 01:00:00,3.6,979,21,-999,-999
2010-03-02 02:00:00,6.9,973.9,18,-999,-999
2010-03-02 03:00:00,5.5,977,14,-999,-999
2010-03-02 04:00:00,7.7,978.2,17,-999,-999
2010-03-02 05:00:00,6.9,976.5,24,-999,-999
2010-03-02 06:00:00,6.5,971.6,17,-999,-999
2010-03-02 07:00:00,6.9,973.9,12,-999,-999
2010-03-02 08:00:00,7.5,978.4,22,-999,-999
2010-03-02 09:00:00,5.5,977.4,26,-999,-999
2010-03-02 10:00:00,5.4,972.3,8,-999,-999
2010-03-02 11:00:00,3.5,978.7,23,-999,-999
2010-03-02 12:00:00,5.2,978,16,-999,-999
2010-03-02 13:00:00,1.8,975.4,15,-999,-999
2010-03-02 14:00:00,0.8,970,10,-999,-999
2010-03-02 15:00:00,1.8,971.3,16,-999,-999
2010-03-02 16:00:00,0.2,975.2,13,-999,-999
2010-03-02 18:00:00,-1,973.5,18,-999,-999
2010-03-02 19:00:00,0.7,975.9,20,-999,-999
2010-03-02 20:00:00,-3.3,972.4,18,-999,-999
2010-03-02 21:00:00,0.4,974,26,-999,-999
2010-03-02 22:00:00,2.2,977,23,-999,-999
2010-03-02 23:00:00,1.6,978.6,8,-999,-999
2010-03-03 00:00:00,3.8,973,13,-999,-999
2010-03-03 01:00:00,6.5,977.5,18,-999,-999
2010-03-03 02:00:00,3.6,978.7,14,-999,-999
2010-03-03 03:00:00,6.4,975.2,12,-999,-999
2010-03-03 04:00:00,7.5,976.4,13,-999,-999
2010-03-03 05:00:00,5.8,976.4,11,-999,-999
2010-03-03 06:00:00,7.7,976.4,21,-999,-999
2010-03-03 07:00:00,9.2,971.8,15,-999,-999
2010-03-03 08:00:00,6,972.6,6,-999,-999
2010-03-03 09:00:00,6.3,975.2,16,-999,-999
2010-03-03 10:00:00,5.6,971.7,25,-999,-999
2010-03-03 11:00:00,4.6,976.4,17,-999,-999
2010-03-03 12:00:00,4,974.5,26,-999,-999
2010-03-03 13:00:00,1.8,972.6,10,-999,-999
2010-03-03 15:00:00,3.2,974.8,23,-999,-999
2010-03-03 16:00:00,3.1,975.6,22,-999,-999
2010-03-03 17:00:00,-1.5,969,8,-999,-999
2010-03-03 18:00:00,0.8,968.8,20,-999,-999
2010-03-03 19:00:00,1.9,975,19,-999,-999
2010-03-03 20:00:00,2.5,971.6,15,-999,-999
2010-03-03 21:00:00,1.8,973.5,14,-999,-999
2010-03-03 22:00:00,2,977,22,-999,-999
2010-03-03 23:00:00,2,973.7,21,-999,-999
2010-03-04 00:00:00,4.5,972.4,18,-999,-999
2010-03-04 01:00:00,3.8,976.3,11,-999,-999
2010-03-04 02:00:00,6.4,975.3,10,-999,-999
2010-03-04 03:00:00,5.4,973.5,18,-999,-999
2010-03-04 04:00:00,7.7,976.2,16,-999,-999
2010-03-04 05:00:00,8,972.2,13,-999,-999
2010-03-04 06:00:00,6.4,967.4,20,-999,-999
2010-03-04 07:00:00,6.5,981.5,11,-999,-999
2010-03-04 08:00:00,10.4,977.1,20,-999,-999
2010-03-04 09:00:00,11,976.8,17,-999,-999
2010-03-04 10:00:00,5.4,977.2,11,-999,-999
2010-03-04 11:00:00,7.1,977.3,13,-999,-999
2010-03-04 12:00:00,3.1,972.1,16,-999,-999
2010-03-04 13:00:00,1.7,974.6,6,-999,-999
2010-03-04 14:00:00,2.7,970.4,20,-999,-999
2010-03-04 15:00:00,0.2,976.7,14,-999,-999
2010-03-04 16:00:00,0.3,975.9,24,-999,-999
2010-03-04 17:00:00,1.6,977.4,16,-999,-999
2010-03-04 18:00:00,1,974.1,28,-999,-999
2010-03-04 19:00:00,0.2,975.9,15,-999,-999
2010-03-04 20:00:00,5.1,972.4,21,-999,-999
2010-03-04 21:00:00,2.3,975.7,19,-999,-999
2010-03-04 22:00:00,3,975.8,6,-999,-999
2010-03-04 23:00:00,3,975.7,7,-999,-999
2010-03-05 00:00:00,4.7,974.6,23,-999,-999
2010-03-05 01:00:00,7.9,969.2,21,-999,-999
2010-03-05 02:00:00,5.4,973.1,29,-999,-999
2010-03-05 03:00:00,7.7,976.9,17,-999,-999
2010-03-05 04:00:00,8,974.4,21,-999,-999
2010-03-05 05:00:00,6.9,980.8,11,-999,-999
2010-03-05 07:00:00,7.9,975.8,10,-999,-999
2010-03-05 08:00:00,9.7,973.9,14,-999,-999
2010-03-05 09:00:00,8.2,972.8,7,-999,-999
2010-03-05 10:00:00,11,971.6,12,-999,-999
2010-03-05 11:00:00,5.8,976.5,10,-999,-999
2010-03-05 12:00:00,5.8,971.6,7,-999,-999
2010-03-05 13:00:00,4.9,977.7,15,-999,-999
2010-03-05 14:00:00,1.2,976.8,15,-999,-999
2010-03-05 15:00:00,3.6,973,12,-999,-999
2010-03-05 16:00:00,1.5,979.1,11,-999,-999
2010-03-05 17:00:00,1,976.6,18,-999,-999
2010-03-05 18:00:00,-1.7,973.6,20,-999,-999
2010-03-05 19:00:00,-0.6,977.2,23,-999,-999
2010-03-05 20:00:00,2.6,974.3,15,-999,-999
2010-03-05 21:00:00,3.6,974.8,22,-999,-999
2010-03-05 22:00:00,1,978.6,7,-999,-999
2010-03-05 23:00:00,4,981.2,20,-999,-999
2010-03-06 00:00:00,3.4,979.8,21,-999,-999
2010-03-06 01:00:00,6.5,975.9,14,-999,-999
2010-03-06 02:00:00,4.7,977.5,10,-999,-999
2010-03-06 03:00:00,6.5,969.2,17,-999,-999
2010-03-06 04:00:00,7,975.5,15,-999,-999
2010-03-06 05:00:00,7.8,976.5,17,-999,-999
2010-03-06 06:00:00,10.9,969.8,31,-999,-999
2010-03-06 07:00:00,8.5,975.6,18,-999,-999
2010-03-06 08:00:00,10.4,971.4,13,-999,-999
2010-03-06 09:00:00,5.9,973.9,17,-999,-999
2010-03-06 10:00:00,6.1,975.1,23,-999,-999
2010-03-06 11:00:00,6.7,970,23,-999,-999
2010-03-06 12:00:00,5.8,974.9,11,-999,-999
2010-03-06 13:00:00,4.9,976.2,25,-999,-999
2010-03-06 14:00:00,3,980.9,7,-999,-999
2010-03-06 15:00:00,2,968.7,16,-999,-999
2010-03-06 16:00:00,3.8,974.8,23,-999,-999
2010-03-06 17:00:00,0.5,974.2,4,-999,-999
2010-03-06 18:00:00,2.2,974.3,16,-999,-999
2010-03-06 19:00:00,1,974.2,19,-999,-999
2010-03-06 20:00:00,0.7,969.7,20,-999,-999
2010-03-06 21:00:00,1.7,980.8,14,-999,-999
2010-03-06 22:00:00,3.7,970.5,21,-999,-999
2010-03-06 23:00:00,3.6,977.3,9,-999,-999
2010-03-07 00:00:00,0.9,978.3,20,-999,-999
2010-03-07 01:00:00,3.9,973.6,14,-999,-999
2010-03-07 02:00:00,5.2,973.8,23,-999,-999
2010-03-07 03:00:00,6.1,974.3,18,-999,-999
2010-03-07 04:00:00,6.5,970.7,19,-999,-999
2010-03-07 05:00:00,7,976.9,18,-999,-999
2010-03-07 06:00:00,10.9,972.1,9,-999,-999
2010-03-07 07:00:00,10,975.4,19,-999,-999
2010-03-07 08:00:00,9.8,974.7,16,-999,-999
2010-03-07 09:00:00,6.4,973.9,14,-999,-999
2010-03-07 10:00:00,6.2,968.3,9,-999,-999
2010-03-07 11:00:00,5.9,976.8,11,-999,-999
2010-03-07 12:00:00,6.3,977.2,12,-999,-999
2010-03-07 13:00:00,5,979.3,9,-999,-999
2010-03-07 14:00:00,2.7,975.6,18,-999,-999
2010-03-07 15:00:00,3.6,972.5,28,-999,-999
2010-03-07 16:00:00,1,971.5,9,-999,-999
2010-03-07 17:00:00,1.3,973.7,16,-999,-999
2010-03-07 18:00:00,1.3,969.3,11,-999,-999
2010-03-07 19:00:00,-0.7,976.9,20,-999,-999
2010-03-07 20:00:00,0.1,976.5,20,-999,-999
2010-03-07 21:00:00,1.9,975.3,20,-999,-999
2010-03-07 22:00:00,6.3,976.7,10,-999,-999
2010-03-07 23:00:00,5.6,974.6,18,-999,-999
2010-03-08 00:00:00,5.8,977.1,14,-999,-999
2010-03-08 01:00:00,7.7,976.3,18,-999,-999
2010-03-08 02:00:00,7,974,24,-999,-999
2010-03-08 03:00:00,10,974.7,13,-999,-999
2010-03-08 04:00:00,7.4,971.5,13,-999,-999
2010-03-08 05:00:00,8.1,978.1,17,-999,-999
2010-03-08 06:00:00,6.2,979.9,26,-999,-999
2010-03-08 07:00:00,7,975.2,6,-999,-999
2010-03-08 08:00:00,9.8,972.1,14,-999,-999
2010-03-08 09:00:00,8.5,974.2,10,-999,-999
2010-03-08 10:00:00,8.6,972.8,22,-999,-999
2010-03-08 11:00:00,4.6,975.3,20,-999,-999
2010-03-08 12:00:00,8.4,977.7,13,-999,-999
2010-03-08 13:00:00,5,974,10,-999,-999
2010-03-08 14:00:00,3.2,974,14,-999,-999
2010-03-08 15:00:00,0.4,975,10,-999,-999
2010-03-08 16:00:00,-0.4,977.7,16,-999,-999
2010-03-08 17:00:00,2,972.3,16,-999,-999
2010-03-08 18:00:00,4.2,976.3,10,-999,-999
2010-03-08 19:00:00,2.5,975.2,17,-999,-999
2010-03-08 20:00:00,4.8,976.3,16,-999,-999
2010-03-08 21:00:00,1.5,981.3,14,-999,-999
2010-03-08 22:00:00,3.3,979.2,11,-999,-999
2010-03-08 23:00:00,6,975.2,17,-999,-999
2010-03-09 00:00:00,5.6,978.2,20,-999,-999
2010-03-09 01:00:00,6.3,971.5,19,-999,-999
2010-03-09 02:00:00,8.9,978.8,7,-999,-999
2010-03-09 03:00:00,8.4,980.7,14,-999,-999
2010-03-09 04:00:00,8.3,969.5,18,-999,-999
2010-03-09 05:00:00,7.9,975.2,16,-999,-999
2010-03-09 06:00:00,7.5,974.7,15,-999,-999
2010-03-09 07:00:00,10,977.3,17,-999,-999
2010-03-09 08:00:00,9.8,977.2,14,-999,-999
2010-03-09 09:00:00,7.5,974,9,-999,-999
2010-03-09 10:00:00,6.1,975.6,11,-999,-999
2010-03-09 11:00:00,8.1,972.9,29,-999,-999
2010-03-09 12:00:00,4.9,978.6,16,-999,-999
2010-03-09 13:00:00,2.9,974.6,22,-999,-999
2010-03-09 14:00:00,1.2,976.2,18,-999,-999
2010-03-09 16:00:00,0.4,972.7,11,-999,-999
2010-03-09 17:00:00,2.5,973.3,21,-999,-999
2010-03-09 18:00:00,1.4,979,16,-999,-999
2010-03-09 19:00:00,-0.3,975.9,25,-999,-999
2010-03-09 20:00:00,1.4,971.4,23,-999,-999
2010-03-09 21:00:00,4.1,973.6,16,-999,-999
2010-03-09 22:00:00,3.7,975.5,10,-999,-999
2010-03-09 23:00:00,3.8,979.2,24,-999,-999
2010-03-10 00:00:00,6.9,975.5,21,-999,-999
2010-03-10 01:00:00,5.2,974.2,19,-999,-999
2010-03-10 02:00:00,7.8,971.3,13,-999,-999
2010-03-10 03:00:00,8.7,970.3,15,-999,-999
2010-03-10 04:00:00,7.4,974.4,17,-999,-999
2010-03-10 06:00:00,8,976.5,21,-999,-999
2010-03-10 07:00:00,10.1,975.7,15,-999,-999
2010-03-10 08:00:00,9,975.5,13,-999,-999
2010-03-10 09:00:00,7,978.9,15,-999,-999
2010-03-10 10:00:00,6.8,975.9,16,-999,-999
2010-03-10 11:00:00,6.8,977.6,17,-999,-999
2010-03-10 12:00:00,5.7,975.8,18,-999,-999
2010-03-10 13:00:00,5.6,978.3,9,-999,-999
2010-03-10 14:00:00,6.4,972.3,13,-999,-999
2010-03-10 15:00:00,2.4,974.5,10,-999,-999
2010-03-10 16:00:00,1.2,980.7,11,-999,-999
2010-03-10 17:00:00,-1.7,980,14,-999,-999
2010-03-10 18:00:00,0.1,979.1,18,-999,-999
2010-03-10 19:00:00,2.3,970.9,21,-999,-999
2010-03-10 20:00:00,0.7,972.5,12,-999,-999
2010-03-10 21:00:00,0.2,974.6,5,-999,-999
2010-03-10 22:00:00,3.8,974.8,15,-999,-999
2010-03-10 23:00:00,2.8,974.2,19,-999,-999
2010-03-11 00:00:00,6.2,970.1,23,-999,-999
2010-03-11 01:00:00,5.5,974,18,-999,-999
2010-03-11 02:00:00,9.4,976.9,20,-999,-999
2010-03-11 03:00:00,7.9,972,20,-999,-999
2010-03-11 04:00:00,7.4,979.8,20,-999,-999
2010-03-11 05:00:00,9.9,973.3,11,-999,-999
2010-03-11 06:00:00,10.5,975.1,17,-999,-999
2010-03-11 07:00:00,9.3,977.5,20,-999,-999
2010-03-11 08:00:00,8.2,976.6,12,-999,-999
2010-03-11 09:00:00,8.5,974.9,1,-999,-999
2010-03-11 10:00:00,8.7,973.1,19,-999,-999
2010-03-11 11:00:00,6.6,982,15,-999,-999
2010-03-11 12:00:00,4.8,975.5,4,-999,-999
2010-03-11 13:00:00,5.9,976.2,9,-999,-999
2010-03-11 14:00:00,5.3,977.6,7,-999,-999
2010-03-11 15:00:00,4.3,976.9,13,-999,-999
2010-03-11 16:00:00,2.8,973,11,-999,-999
2010-03-11 17:00:00,2,977.9,17,-999,-999
2010-03-11 18:00:00,0.2,979,18,-999,-999
2010-03-11 19:00:00,2.7,976.1,9,-999,-999
2010-03-11 20:00:00,4,977.6,16,-999,-999
2010-03-11 21:00:00,2.3,973.6,14,-999,-999
2010-03-11 22:00:00,5.2,975.3,11,-999,-999
2010-03-11 23:00:00,5.7,974.7,11,-999,-999
2010-03-12 00:00:00,4.2,972.8,12,-999,-999
2010-03-12 01:00:00,4,976.5,23,-999,-999
2010-03-12 02:00:00,7.1,974.9,16,-999,-999
2010-03-12 03:00:00,9.9,977.3,17,-999,-999
2010-03-12 04:00:00,8.2,976.7,12,-999,-999
2010-03-12 05:00:00,9.1,977.5,13,-999,-999
2010-03-12 06:00:00,10.2,972.2,16,-999,-999
2010-03-12 07:00:00,14.7,976.9,22,-999,-999
2010-03-12 08:00:00,6.5,978.6,12,-999,-999
2010-03-12 09:00:00,10.7,974,24,-999,-999
2010-03-12 10:00:00,7.6,974.1,19,-999,-999
2010-03-12 11:00:00,8.4,977,8,-999,-999
2010-03-12 12:00:00,4.8,979,21,-999,-999
2010-03-12 13:00:00,6.7,974.4,9,-999,-999
2010-03-12 14:00:00,1.3,975.3,13,-999,-999
2010-03-12 15:00:00,0,975.7,14,-999,-999
2010-03-12 16:00:00,2.9,974.8,12,-999,-999
2010-03-12 17:00:00,4.5,980.3,26,-999,-999
2010-03-12 18:00:00,1.7,978.6,12,-999,-999
2010-03-12 19:00:00,2,977,17,-999,-999
2010-03-12 20:00:00,2.5,979.5,13,-999,-999
2010-03-12 21:00:00,2.4,972.8,20,-999,-999
2010-03-12 22:00:00,4.2,975,12,-999,-999
2010-03-12 23:00:00,7.4,975.1,20,-999,-999
2010-03-13 00:00:00,5.5,975.1,16,-999,-999
2010-03-13 01:00:00,9.8,974.7,14,-999,-999
2010-03-13 03:00:00,7.9,975.2,17,-999,-999
2010-03-13 04:00:00,10,976.2,22,-999,-999
2010-03-13 05:00:00,12.1,974.9,15,-999,-999
2010-03-13 06:00:00,11.5,973.9,11,-999,-999
2010-03-13 07:00:00,10.3,973.4,20,-999,-999
2010-03-13 08:00:00,10.6,977.9,17,-999,-999
2010-03-13 09:00:00,9.2,978.1,17,-999,-999
2010-03-13 10:00:00,9.8,979.1,14,-999,-999
2010-03-13 11:00:00,7.6,972.1,19,-999,-999
2010-03-13 12:00:00,5.1,974.8,6,-999,-999
2010-03-13 13:00:00,4.4,975.1,20,-999,-999
2010-03-13 14:00:00,2.5,979.2,4,-999,-999
2010-03-13 16:00:00,3,973.6,13,-999,-999
2010-03-13 17:00:00,3.5,976.2,15,-999,-999
2010-03-13 18:00:00,-0.9,973.8,14,-999,-999
2010-03-13 19:00:00,1.2,971.4,18,-999,-999
2010-03-13 20:00:00,5.8,978.6,25,-999,-999
2010-03-13 21:00:00,3.9,968.9,18,-999,-999
2010-03-13 22:00:00,2.8,975,12,-999,-999
2010-03-13 23:00:00,4.7,978.1,14,-999,-999
2010-03-14 00:00:00,7.6,969.5,10,-999,-999
2010-03-14 01:00:00,3.8,970,10,-999,-999
2010-03-14 02:00:00,7.9,974.3,16,-999,-999
2010-03-14 03:00:00,10.4,975.1,11,-999,-999
2010-03-14 04:00:00,7.9,977.8,11,-999,-999
2010-03-14 05:00:00,8.5,977.3,5,-999,-999
2010-03-14 06:00:00,11.6,977.9,15,-999,-999
2010-03-14 07:00:00,11.2,977.4,15,-999,-999
2010-03-14 08:00:00,7,978.2,13,-999,-999
2010-03-14 09:00:00,7.1,979.2,16,-999,-999
2010-03-14 10:00:00,9.8,970.3,20,-999,-999
2010-03-14 11:00:00,8.4,979.1,17,-999,-999
2010-03-14 12:00:00,5.6,973.6,19,-999,-999
2010-03-14 13:00:00,3.7,978.4,17,-999,-999
2010-03-14 14:00:00,6.3,978.4,11,-999,-999
2010-03-14 15:00:00,-0.2,981.7,18,-999,-999
2010-03-14 16:00:00,2.5,972.8,9,-999,-999
2010-03-14 17:00:00,1.7,974,11,-999,-999
2010-03-14 18:00:00,2.4,980.2,20,-999,-999
2010-03-14 19:00:00,0.1,975.3,10,-999,-999
2010-03-14 20:00:00,3.1,979.7,21,-999,-999
2010-03-14 21:00:00,5.3,979.5,15,-999,-999
2010-03-14 22:00:00,2.9,977,4,-999,-999
2010-03-14 23:00:00,5.4,980.1,26,-999,-999
2010-03-15 01:00:00,4.9,970.3,18,-999,-999
2010-03-15 02:00:00,6.9,972.7,19,-999,-999
2010-03-15 03:00:00,10.2,973.9,22,-999,-999
2010-03-15 04:00:00,8.4,974.3,4,-999,-999
2010-03-15 05:00:00,11.8,975.2,27,-999,-999
2010-03-15 06:00:00,9.9,974.5,24,-999,-999
2010-03-15 07:00:00,11.9,977.4,5,-999,-999
2010-03-15 09:00:00,9,971.5,10,-999,-999
2010-03-15 10:00:00,9.8,980.7,9,-999,-999
2010-03-15 11:00:00,5.1,973.7,12,-999,-999
2010-03-15 12:00:00,6.3,976.5,10,-999,-999
2010-03-15 13:00:00,7.5,976.7,12,-999,-999
2010-03-15 14:00:00,4.3,967.7,16,-999,-999
2010-03-15 15:00:00,3.6,969.8,17,-999,-999
2010-03-15 16:00:00,4.7,978.7,12,-999,-999
2010-03-15 17:00:00,3.7,977.7,20,-999,-999
2010-03-15 18:00:00,1.2,973.4,13,-999,-999
2010-03-15 19:00:00,2,972.5,18,-999,-999
2010-03-15 20:00:00,1.9,978.6,9,-999,-999
2010-03-15 21:00:00,1.4,970.3,15,-999,-999
2010-03-15 22:00:00,3.9,973.9,7,-999,-999
2010-03-15 23:00:00,4.1,973.1,26,-999,-999
2010-03-16 00:00:00,9.7,974,16,-999,-999
2010-03-16 01:00:00,7.6,976.2,29,-999,-999
2010-03-16 02:00:00,8.6,977.3,13,-999,-999
2010-03-16 03:00:00,10.3,978.8,14,-999,-999
2010-03-16 04:00:00,8.7,976.1,14,-999,-999
2010-03-16 05:00:00,8.8,974.5,25,-999,-999
2010-03-16 06:00:00,10.6,980.8,13,-999,-999
2010-03-16 07:00:00,10.1,977.6,15,-999,-999
2010-03-16 08:00:00,12,975.8,12,-999,-999
2010-03-16 09:00:00,8.6,970.2,16,-999,-999
2010-03-16 10:00:00,6.8,972.9,13,-999,-999
2010-03-16 11:00:00,8.6,968.1,18,-999,-999
2010-03-16 12:00:00,6.4,978,16,-999,-999
2010-03-16 13:00:00,5.9,975.7,16,-999,-999
2010-03-16 14:00:00,5.2,971.1,13,-999,-999
2010-03-16 15:00:00,4.5,971.3,24,-999,-999
2010-03-16 16:00:00,2.7,976.5,3,-999,-999
2010-03-16 17:00:00,2.7,973.6,13,-999,-999
2010-03-16 18:00:00,2.2,973.2,17,-999,-999
2010-03-16 19:00:00,2.3,970.7,17,-999,-999
2010-03-16 20:00:00,4.3,972.2,15,-999,-999
2010-03-16 21:00:00,4.3,976.7,14,-999,-999
2010-03-16 22:00:00,2.7,974.5,18,-999,-999
2010-03-16 23:00:00,4.4,975.8,16,-999,-999
2010-03-17 00:00:00,5.5,973.1,16,-999,-999
2010-03-17 01:00:00,6.9,967.6,21,-999,-999
2010-03-17 02:00:00,9.6,972.7,17,-999,-999
2010-03-17 03:00:00,10,971.8,15,-999,-999
2010-03-17 04:00:00,8.9,973.6,19,-999,-999
2010-03-17 05:00:00,10.1,979.4,22,-999,-999
2010-03-17 06:00:00,9.5,980.3,17,-999,-999
2010-03-17 07:00:00,9.5,978.3,12,-999,-999
2010-03-17 08:00:00,8.7,975.2,21,-999,-999
2010-03-17 09:00:00,10.3,973.1,17,-999,-999
2010-03-17 10:00:00,9.4,974.9,16,-999,-999
2010-03-17 11:00:00,7.1,969.7,13,-999,-999
2010-03-17 12:00:00,7,978.1,15,-999,-999
2010-03-17 14:00:00,5.5,976.5,19,-999,-999
2010-03-17 15:00:00,3.2,971.1,12,-999,-999
2010-03-17 16:00:00,4.3,973.7,17,-999,-999
2010-03-17 17:00:00,3.5,970.5,19,-999,-999
2010-03-17 18:00:00,1.1,974.7,13,-999,-999
2010-03-17 19:00:00,3.5,968.2,13,-999,-999
2010-03-17 20:00:00,2.3,977.5,9,-999,-999
2010-03-17 21:00:00,4,973.2,21,-999,-999
2010-03-17 22:00:00,5.6,977.6,12,-999,-999
2010-03-17 23:00:00,3.2,976.4,14,-999,-999
2010-03-18 00:00:00,5.6,973.5,9,-999,-999
2010-03-18 01:00:00,6.6,974,18,-999,-999
2010-03-18 02:00:00,6.8,976,25,-999,-999
2010-03-18 03:00:00,11.8,976.9,14,-999,-999
2010-03-18 04:00:00,11.2,978.3,12,-999,-999
2010-03-18 05:00:00,11.7,970.1,12,-999,-999
2010-03-18 06:00:00,13,981.2,12,-999,-999
2010-03-18 07:00:00,9.3,978,15,-999,-999
2010-03-18 08:00:00,10.1,974.8,17,-999,-999
2010-03-18 09:00:00,8.6,980.5,15,-999,-999
2010-03-18 10:00:00,8.4,977.3,9,-999,-999
2010-03-18 11:00:00,7.5,972.3,19,-999,-999
2010-03-18 12:00:00,7.2,976.4,9,-999,-999
2010-03-18 13:00:00,8.9,969.3,21,-999,-999
2010-03-18 15:00:00,5.7,972.2,29,-999,-999
2010-03-18 16:00:00,3.2,969.8,11,-999,-999
2010-03-18 17:00:00,1.6,972.9,19,-999,-999
2010-03-18 18:00:00,4.7,974.1,16,-999,-999
2010-03-18 19:00:00,2.1,974.6,18,-999,-999
2010-03-18 20:00:00,5.8,976.5,11,-999,-999
2010-03-18 21:00:00,1.4,978.5,11,-999,-999
2010-03-18 22:00:00,4.1,974.5,25,-999,-999
2010-03-18 23:00:00,4,976.9,8,-999,-999
2010-03-19 00:00:00,6.7,973.8,13,-999,-999
2010-03-19 01:00:00,8.3,975.6,12,-999,-999
2010-03-19 02:00:00,8.9,976.1,6,-999,-999
2010-03-19 03:00:00,10.6,976.3,15,-999,-999
2010-03-19 04:00:00,9.8,972,13,-999,-999
2010-03-19 05:00:00,10.2,975,10,-999,-999
2010-03-19 06:00:00,8.9,977.7,13,-999,-999
2010-03-19 07:00:00,10,975.1,10,-999,-999
2010-03-19 08:00:00,12.7,972.6,12,-999,-999
2010-03-19 09:00:00,8.2,976.1,16,-999,-999
2010-03-19 10:00:00,9.5,971.3,7,-999,-999
2010-03-19 11:00:00,11,979.1,14,-999,-999
2010-03-19 12:00:00,3.7,975.6,20,-999,-999
2010-03-19 13:00:00,4.6,971.5,18,-999,-999
2010-03-19 14:00:00,9.4,973.5,10,-999,-999
2010-03-19 15:00:00,4.5,972.7,18,-999,-999
2010-03-19 16:00:00,4.7,967,18,-999,-999
2010-03-19 17:00:00,4.8,973.2,14,-999,-999
2010-03-19 18:00:00,2.4,968,16,-999,-999
2010-03-19 19:00:00,6.2,975.5,14,-999,-999
2010-03-19 20:00:00,4.8,973.5,10,-999,-999
2010-03-19 21:00:00,4.5,976.6,15,-999,-999
2010-03-19 22:00:00,5.2,972.1,13,-999,-999
2010-03-19 23:00:00,7.3,971.7,15,-999,-999
2010-03-20 00:00:00,9.5,974.5,17,-999,-999
2010-03-20 01:00:00,10.5,975.9,8,-999,-999
2010-03-20 02:00:00,9.4,976.4,18,-999,-999
2010-03-20 03:00:00,8.3,979,11,-999,-999
2010-03-20 04:00:00,8.9,976.6,14,-999,-999
2010-03-20 05:00:00,10.2,977.2,10,-999,-999
2010-03-20 06:00:00,11.8,968.8,6,-999,-999
2010-03-20 07:00:00,10.4,981.5,18,-999,-999
2010-03-20 08:00:00,11.8,975.9,10,-999,-999
2010-03-20 09:00:00,8.8,970,18,-999,-999
2010-03-20 10:00:00,10,973.3,17,-999,-999
2010-03-20 11:00:00,7.8,971,8,-999,-999
2010-03-20 12:00:00,6.8,976.1,15,-999,-999
2010-03-20 13:00:00,3.3,973,14,-999,-999
2010-03-20 14:00:00,3.7,971.1,15,-999,-999
2010-03-20 15:00:00,6.7,976.8,12,-999,-999
2010-03-20 16:00:00,4.9,969.3,9,-999,-999
2010-03-20 17:00:00,1.2,972.5,10,-999,-999
2010-03-20 18:00:00,4.6,973.3,2,-999,-999
2010-03-20 19:00:00,6.6,974,5,-999,-999
2010-03-20 20:00:00,6.5,971.9,16,-999,-999
2010-03-20 21:00:00,5.1,973.4,20,-999,-999
2010-03-20 22:00:00,6.2,971.4,17,-999,-999
2010-03-20 23:00:00,5.6,972.8,15,-999,-999
2010-03-21 00:00:00,5.6,975.8,12,-999,-999
2010-03-21 01:00:00,10.9,973.3,10,-999,-999
2010-03-21 02:00:00,9.5,976.1,10,-999,-999
2010-03-21 03:00:00,9.1,973,9,-999,-999
2010-03-21 04:00:00,11.1,970.9,13,-999,-999
2010-03-21 05:00:00,8.6,975.7,15,-999,-999
2010-03-21 06:00:00,11.5,970.1,11,-999,-999
2010-03-21 07:00:00,12.4,979.6,8,-999,-999
2010-03-21 08:00:00,12.3,972.6,18,-999,-999
2010-03-21 09:00:00,8.8,972.8,15,-999,-999
2010-03-21 10:00:00,10.5,976.8,18,-999,-999
2010-03-21 11:00:00,11.7,973.9,9,-999,-999
2010-03-21 12:00:00,7.8,973.5,6,-999,-999
2010-03-21 13:00:00,7.2,969.9,22,-999,-999
2010-03-21 14:00:00,6.4,973.3,20,-999,-999
2010-03-21 15:00:00,3,977.3,17,-999,-999
2010-03-21 16:00:00,2.2,977.4,10,-999,-999
2010-03-21 17:00:00,3,968.1,20,-999,-999
2010-03-21 18:00:00,3.7,982.6,17,-999,-999
2010-03-21 19:00:00,3.2,969.7,13,-999,-999
2010-03-21 20:00:00,3.6,971.6,12,-999,-999
2010-03-21 21:00:00,5.9,971.6,14,-999,-999
2010-03-21 22:00:00,7.3,972.4,12,-999,-999
2010-03-21 23:00:00,4.2,973.2,12,-999,-999
2010-03-22 00:00:00,5.6,972.1,11,-999,-999
2010-03-22 01:00:00,8.6,977.1,16,-999,-999
2010-03-22 02:00:00,9.5,974.2,13,-999,-999
2010-03-22 03:00:00,12.1,973.3,21,-999,-999
2010-03-22 04:00:00,13,970,12,-999,-999
2010-03-22 05:00:00,10.5,978.4,16,-999,-999
2010-03-22 06:00:00,14.2,970.9,16,-999,-999
2010-03-22 07:00:00,13.4,976.7,18,-999,-999
2010-03-22 08:00:00,10.6,977.8,8,-999,-999
2010-03-22 09:00:00,12,972.2,11,-999,-999
2010-03-22 10:00:00,9.4,976.8,13,-999,-999
2010-03-22 11:00:00,7.5,977.2,15,-999,-999
2010-03-22 12:00:00,8.8,970.9,19,-999,-999
2010-03-22 13:00:00,6.4,972.8,10,-999,-999
2010-03-22 14:00:00,7.3,969.3,16,-999,-999
2010-03-22 15:00:00,4.5,979.3,11,-999,-999
2010-03-22 16:00:00,6.1,974.8,12,-999,-999
2010-03-22 17:00:00,2.4,975.1,19,-999,-999
2010-03-22 18:00:00,2.4,973.2,13,-999,-999
2010-03-22 19:00:00,3.7,969.4,7,-999,-999
2010-03-22 20:00:00,4,976.8,17,-999,-999
2010-03-22 21:00:00,4.1,973.3,11,-999,-999
2010-03-22 22:00:00,5.2,979.9,16,-999,-999
2010-03-22 23:00:00,7.1,973.3,16,-999,-999
2010-03-23 00:00:00,7.2,972.3,20,-999,-999
2010-03-23 01:00:00,10.6,972,24,-999,-999
2010-03-23 02:00:00,12.1,970.1,19,-999,-999
2010-03-23 03:00:00,12.9,970.4,20,-999,-999
2010-03-23 04:00:00,13.1,975.8,17,-999,-999
2010-03-23 05:00:00,10.5,978.1,9,-999,-999
2010-03-23 06:00:00,11.5,974.9,11,-999,-999
2010-03-23 07:00:00,10.4,975,11,-999,-999
2010-03-23 08:00:00,10.2,972.6,18,-999,-999
2010-03-23 09:00:00,10.6,976.7,19,-999,-999
2010-03-23 10:00:00,11.4,973.9,24,-999,-999
2010-03-23 11:00:00,6.3,977.1,19,-999,-999
2010-03-23 12:00:00,7.6,975.9,24,-999,-999
2010-03-23 13:00:00,6.5,968.5,15,-999,-999
2010-03-23 14:00:00,4.9,973.1,13,-999,-999
2010-03-23 15:00:00,7.4,973.2,10,-999,-999
2010-03-23 16:00:00,4.3,969.3,13,-999,-999
2010-03-23 17:00:00,1.6,978.4,15,-999,-999
2010-03-23 18:00:00,3.5,978.7,24,-999,-999
2010-03-23 19:00:00,3.7,974.8,8,-999,-999
2010-03-23 20:00:00,3.1,969.9,12,-999,-999
2010-03-23 21:00:00,5.1,970.9,11,-999,-999
2010-03-23 22:00:00,6.5,968.1,12,-999,-999
2010-03-23 23:00:00,5.1,973.9,12,-999,-999
2010-03-24 00:00:00,8.7,973.3,16,-999,-999
2010-03-24 01:00:00,6.1,970.8,17,-999,-999
2010-03-24 02:00:00,8.3,973.6,7,-999,-999
2010-03-24 03:00:00,8.1,975.5,3,-999,-999
2010-03-24 04:00:00,12.1,972.4,17,-999,-999
2010-03-24 05:00:00,11.7,975.2,16,-999,-999
2010-03-24 06:00:00,13.9,971.8,14,-999,-999
2010-03-24 07:00:00,11.8,976.2,13,-999,-999
2010-03-24 08:00:00,10.9,974.7,15,-999,-999
2010-03-24 09:00:00,10,979.5,21,-999,-999
2010-03-24 10:00:00,6.7,972,11,-999,-999
2010-03-24 11:00:00,7.6,972.6,8,-999,-999
2010-03-24 12:00:00,5.8,974.7,9,-999,-999
2010-03-24 14:00:00,4.4,973,6,-999,-999
2010-03-24 15:00:00,5.2,979.9,14,-999,-999
2010-03-24 16:00:00,5.7,972.3,11,-999,-999
2010-03-24 17:00:00,6.5,974.3,8,-999,-999
2010-03-24 18:00:00,5.7,975.8,14,-999,-999
2010-03-24 19:00:00,5.2,974.9,20,-999,-999
2010-03-24 20:00:00,3.8,974.4,15,-999,-999
2010-03-24 21:00:00,4.3,974,11,-999,-999
2010-03-24 23:00:00,7.4,972.6,9,-999,-999
2010-03-25 00:00:00,7.7,966.3,18,-999,-999
2010-03-25 01:00:00,9.9,972.4,4,-999,-999
2010-03-25 02:00:00,13.9,975.2,11,-999,-999
2010-03-25 03:00:00,13.9,974.9,10,-999,-999
2010-03-25 04:00:00,12.5,973,17,-999,-999
2010-03-25 05:00:00,11.9,972.9,18,-999,-999
2010-03-25 06:00:00,13.1,976.7,10,-999,-999
2010-03-25 07:00:00,12.2,983.7,18,-999,-999
2010-03-25 08:00:00,12.6,972.8,15,-999,-999
2010-03-25 09:00:00,11.9,975.9,15,-999,-999
2010-03-25 10:00:00,11,974,16,-999,-999
2010-03-25 11:00:00,7.1,978.1,22,-999,-999
2010-03-25 12:00:00,8.2,975.6,8,-999,-999
2010-03-25 13:00:00,9.6,976.9,16,-999,-999
2010-03-25 14:00:00,5.4,976.4,18,-999,-999
2010-03-25 15:00:00,4,972.8,11,-999,-999
2010-03-25 16:00:00,6.5,974.9,17,-999,-999
2010-03-25 17:00:00,3.7,974.5,9,-999,-999
2010-03-25 18:00:00,5.5,977,14,-999,-999
2010-03-25 19:00:00,5.3,968.1,12,-999,-999
2010-03-25 20:00:00,5,971.2,12,-999,-999
2010-03-25 21:00:00,7.1,975.3,18,-999,-999
2010-03-25 22:00:00,6,970.1,9,-999,-999
2010-03-25 23:00:00,7.5,973.8,14,-999,-999
2010-03-26 00:00:00,8.3,975.3,20,-999,-999
2010-03-26 01:00:00,9.5,972.2,14,-999,-999
2010-03-26 02:00:00,10,973.5,8,-999,-999
2010-03-26 03:00:00,11.8,973.8,10,-999,-999
2010-03-26 04:00:00,12.6,977.1,11,-999,-999
2010-03-26 05:00:00,9.6,979.7,9,-999,-999
2010-03-26 06:00:00,15.2,978.6,8,-999,-999
2010-03-26 07:00:00,10.7,974.3,17,-999,-999
2010-03-26 08:00:00,12.5,976.4,11,-999,-999
2010-03-26 09:00:00,9.7,974.4,11,-999,-999
2010-03-26 10:00:00,10.1,970.3,18,-999,-999
2010-03-26 11:00:00,9.3,972.2,16,-999,-999
2010-03-26 12:00:00,9.1,969.4,21,-999,-999
2010-03-26 13:00:00,6.2,975.1,13,-999,-999
2010-03-26 14:00:00,6.8,975.7,5,-999,-999
2010-03-26 16:00:00,4.3,973.4,17,-999,-999
2010-03-26 17:00:00,8.3,976.8,23,-999,-999
2010-03-26 18:00:00,4,968,11,-999,-999
2010-03-26 19:00:00,3.9,969.3,16,-999,-999
2010-03-26 20:00:00,6.6,978.5,21,-999,-999
2010-03-26 21:00:00,4.8,974.7,10,-999,-999
2010-03-26 22:00:00,5.2,974.6,11,-999,-999
2010-03-26 23:00:00,6.8,975.2,12,-999,-999
2010-03-27 00:00:00,7.7,972.5,18,-999,-999
2010-03-27 01:00:00,7,969.9,12,-999,-999
2010-03-27 02:00:00,10.7,970.4,15,-999,-999
2010-03-27 03:00:00,9.6,976,12,-999,-999
2010-03-27 04:00:00,10.7,975.8,17,-999,-999
2010-03-27 05:00:00,14.2,973.8,14,-999,-999
2010-03-27 06:00:00,11.3,973.8,23,-999,-999
2010-03-27 07:00:00,11.8,976.1,18,-999,-999
2010-03-27 08:00:00,11.1,980.6,15,-999,-999
2010-03-27 09:00:00,6.7,979,16,-999,-999
2010-03-27 10:00:00,13.3,975.9,13,-999,-999
2010-03-27 11:00:00,10.9,975.8,15,-999,-999
2010-03-27 12:00:00,8.2,972.3,21,-999,-999
2010-03-27 13:00:00,6.6,974.3,19,-999,-999
2010-03-27 14:00:00,5.7,969.6,13,-999,-999
2010-03-27 15:00:00,5,971,7,-999,-999
2010-03-27 16:00:00,6.3,970.9,16,-999,-999
2010-03-27 17:00:00,5.1,977.3,12,-999,-999
2010-03-27 18:00:00,6,970.4,14,-999,-999
2010-03-27 19:00:00,4.1,974.5,15,-999,-999
2010-03-27 20:00:00,3.5,972.4,6,-999,-999
2010-03-27 21:00:00,5.4,973.8,26,-999,-999
2010-03-27 22:00:00,7,971,18,-999,-999
2010-03-27 23:00:00,8.6,971.5,4,-999,-999
2010-03-28 00:00:00,11.3,971.9,5,-999,-999
2010-03-28 01:00:00,8.6,977.8,14,-999,-999
2010-03-28 02:00:00,9.3,973.7,5,-999,-999
2010-03-28 03:00:00,10.6,975.5,19,-999,-999
2010-03-28 04:00:00,8.8,980,17,-999,-999
2010-03-28 05:00:00,14.4,968.7,19,-999,-999
2010-03-28 06:00:00,12.3,973.9,9,-999,-999
2010-03-28 07:00:00,11.1,972.2,10,-999,-999
2010-03-28 08:00:00,11.5,974.7,9,-999,-999
2010-03-28 09:00:00,9.5,973.9,15,-999,-999
2010-03-28 11:00:00,9.4,975.4,5,-999,-999
2010-03-28 12:00:00,9.4,970.7,10,-999,-999
2010-03-28 13:00:00,9.7,971.2,7,-999,-999
2010-03-28 14:00:00,8.9,970.2,12,-999,-999
2010-03-28 15:00:00,3.8,974.3,10,-999,-999
2010-03-28 16:00:00,7.6,972.3,20,-999,-999
2010-03-28 17:00:00,7.8,972.9,6,-999,-999
2010-03-28 18:00:00,5.6,976.4,10,-999,-999
2010-03-28 19:00:00,7.1,977.2,15,-999,-999
2010-03-28 20:00:00,4.7,972.7,8,-999,-999
2010-03-28 21:00:00,5.5,974.4,18,-999,-999
2010-03-28 22:00:00,8.2,974.5,13,-999,-999
2010-03-28 23:00:00,7.1,969.9,14,-999,-999
2010-03-29 00:00:00,10.4,972,9,-999,-999
2010-03-29 01:00:00,13.1,974.1,6,-999,-999
2010-03-29 02:00:00,12.1,978.7,12,-999,-999
2010-03-29 03:00:00,12.3,971.5,8,-999,-999
2010-03-29 04:00:00,12.8,974.7,17,-999,-999
2010-03-29 05:00:00,15.3,972.9,14,-999,-999
2010-03-29 06:00:00,11.9,974.4,20,-999,-999
2010-03-29 07:00:00,12.8,973.4,21,-999,-999
2010-03-29 08:00:00,11,974.3,11,-999,-999
2010-03-29 09:00:00,11.7,971.7,10,-999,-999
2010-03-29 10:00:00,10.2,977,19,-999,-999
2010-03-29 11:00:00,11.2,970.3,24,-999,-999
2010-03-29 12:00:00,9.6,976,17,-999,-999
2010-03-29 13:00:00,8.6,975.5,11,-999,-999
2010-03-29 14:00:00,6.6,975.9,8,-999,-999
2010-03-29 15:00:00,6.9,973.2,19,-999,-999
2010-03-29 16:00:00,5.6,973.9,19,-999,-999
2010-03-29 17:00:00,6,972.1,9,-999,-999
2010-03-29 18:00:00,4.2,969.3,15,-999,-999
2010-03-29 19:00:00,6.4,972.8,10,-999,-999
2010-03-29 20:00:00,6.9,974.2,22,-999,-999
2010-03-29 21:00:00,5,977.5,12,-999,-999
2010-03-29 22:00:00,8.5,973.5,15,-999,-999
2010-03-29 23:00:00,10.9,974.4,12,-999,-999
2010-03-30 00:00:00,9,967.7,13,-999,-999
2010-03-30 01:00:00,11.7,972.6,9,-999,-999
2010-03-30 02:00:00,10.3,967,8,-999,-999
2010-03-30 03:00:00,9.2,970.8,6,-999,-999
2010-03-30 04:00:00,11.5,970.3,10,-999,-999
2010-03-30 05:00:00,12.9,976.6,15,-999,-999
2010-03-30 06:00:00,15.1,980.1,15,-999,-999
2010-03-30 07:00:00,16.2,977.8,12,-999,-999
2010-03-30 08:00:00,13.5,976.1,16,-999,-999
2010-03-30 09:00:00,10.1,972.9,5,-999,-999
2010-03-30 10:00:00,10.5,974.7,11,-999,-999
2010-03-30 11:00:00,9.5,974.8,21,-999,-999
2010-03-30 12:00:00,8.8,978.4,1,-999,-999
2010-03-30 13:00:00,7.6,973.1,12,-999,-999
2010-03-30 14:00:00,8.5,977.1,20,-999,-999
2010-03-30 15:00:00,6.9,977.8,6,-999,-999
2010-03-30 16:00:00,3.8,974.1,7,-999,-999
2010-03-30 17:00:00,6.5,973,8,-999,-999
2010-03-30 18:00:00,4.6,971.2,13,-999,-999
2010-03-30 19:00:00,7,970.5,11,-999,-999
2010-03-30 20:00:00,5.6,971.8,15,-999,-999
2010-03-30 21:00:00,6.1,974.9,11,-999,-999
2010-03-30 22:00:00,6.9,973.9,7,-999,-999
2010-03-30 23:00:00,7.6,975.5,18,-999,-999
2010-03-31 00:00:00,11,975.3,21,-999,-999
2010-03-31 01:00:00,8.1,981.9,12,-999,-999
2010-03-31 02:00:00,11.1,976.9,14,-999,-999
2010-03-31 03:00:00,13,970.5,8,-999,-999
2010-03-31 04:00:00,14.7,969.6,7,-999,-999
2010-03-31 05:00:00,14.6,972.8,12,-999,-999
2010-03-31 06:00:00,14.4,971.9,25,-999,-999
2010-03-31 07:00:00,13.7,975.8,13,-999,-999
2010-03-31 08:00:00,13.9,974,8,-999,-999
2010-03-31 09:00:00,12.3,974.7,7,-999,-999
2010-03-31 10:00:00,11.8,972.4,19,-999,-999
2010-03-31 11:00:00,10.8,977.3,6,-999,-999
2010-03-31 12:00:00,10.5,977.9,16,-999,-999
2010-03-31 13:00:00,7.8,970.2,11,-999,-999
2010-03-31 14:00:00,8.1,975.5,17,-999,-999
2010-03-31 15:00:00,6.5,975.4,12,-999,-999
2010-03-31 16:00:00,5,964.8,4,-999,-999
2010-03-31 17:00:00,5.7,975.4,10,-999,-999
2010-03-31 18:00:00,5,970,14,-999,-999
2010-03-31 19:00:00,5.6,970.7,19,-999,-999
2010-03-31 20:00:00,4.4,974,12,-999,-999
2010-03-31 21:00:00,10,980.6,15,-999,-999
2010-03-31 22:00:00,6.3,972.6,17,-999,-999
2010-03-31 23:00:00,9.5,973.2,18,-999,-999
2010-04-01 00:00:00,9.7,976,12,-999,-999
2010-04-01 01:00:00,13.3,972.3,15,-999,-999
2010-04-01 03:00:00,11.1,975.2,9,-999,-999
2010-04-01 04:00:00,11.5,974.4,20,-999,-999
2010-04-01 05:00:00,13.5,973.1,11,-999,-999
2010-04-01 06:00:00,14,973.1,12,-999,-999
2010-04-01 07:00:00,15.5,967.8,14,-999,-999
2010-04-01 08:00:00,13.2,973.9,7,-999,-999
2010-04-01 09:00:00,12.2,971,8,-999,-999
2010-04-01 10:00:00,11.3,972.9,14,-999,-999
2010-04-01 11:00:00,10.1,975.7,13,-999,-999
2010-04-01 12:00:00,12.5,974.3,6,-999,-999
2010-04-01 13:00:00,10.2,976.6,20,-999,-999
2010-04-01 14:00:00,8.7,979.9,8,-999,-999
2010-04-01 15:00:00,7.4,974.3,12,-999,-999
2010-04-01 16:00:00,5.2,974.3,10,-999,-999
2010-04-01 17:00:00,6.3,965,15,-999,-999
2010-04-01 18:00:00,7.1,975.5,8,-999,-999
2010-04-01 19:00:00,8.2,972.8,12,-999,-999
2010-04-01 20:00:00,6.3,969.1,12,-999,-999
2010-04-01 21:00:00,7.3,970.3,18,-999,-999
2010-04-01 22:00:00,9.8,973.5,7,-999,-999
2010-04-01 23:00:00,8.5,969.9,15,-999,-999
2010-04-02 01:00:00,10.6,975.4,12,-999,-999
2010-04-02 02:00:00,11.9,972.2,12,-999,-999
2010-04-02 03:00:00,12.6,974.4,10,-999,-999
2010-04-02 04:00:00,15.1,973,11,-999,-999
2010-04-02 05:00:00,15.3,973.8,13,-999,-999
2010-04-02 06:00:00,11.2,974.1,15,-999,-999
2010-04-02 07:00:00,13.4,970.2,0,-999,-999
2010-04-02 08:00:00,11.3,975.1,12,-999,-999
2010-04-02 09:00:00,12.7,975.7,17,-999,-999
2010-04-02 10:00:00,13.5,973,13,-999,-999
2010-04-02 11:00:00,9.3,972.4,7,-999,-999
2010-04-02 12:00:00,10.4,972.2,2,-999,-999
2010-04-02 13:00:00,8.9,973.3,6,-999,-999
2010-04-02 14:00:00,8.1,968.6,6,-999,-999
2010-04-02 15:00:00,8,972.2,1,-999,-999
2010-04-02 16:00:00,8.5,969.5,14,-999,-999
2010-04-02 17:00:00,7.2,975,7,-999,-999
2010-04-02 18:00:00,6.7,971.2,19,-999,-999
2010-04-02 19:00:00,4.9,974,12,-999,-999
2010-04-02 20:00:00,5.4,975.3,14,-999,-999
2010-04-02 21:00:00,3.6,969.5,18,-999,-999
2010-04-02 22:00:00,7.5,971.4,15,-999,-999
2010-04-02 23:00:00,9.9,973.8,9,-999,-999
2010-04-03 00:00:00,9.9,977.3,11,-999,-999
2010-04-03 01:00:00,11.5,973.7,15,-999,-999
2010-04-03 02:00:00,12,973.9,7,-999,-999
2010-04-03 04:00:00,9.9,972.8,21,-999,-999
2010-04-03 05:00:00,8.7,971.7,2,-999,-999
2010-04-03 06:00:00,14.8,975.9,13,-999,-999
2010-04-03 07:00:00,12,971.3,13,-999,-999
2010-04-03 08:00:00,13.3,971.4,10,-999,-999
2010-04-03 09:00:00,11.3,973.3,7,-999,-999
2010-04-03 10:00:00,14,968.4,14,-999,-999
2010-04-03 11:00:00,11.8,973.1,17,-999,-999
2010-04-03 12:00:00,8.8,974.5,18,-999,-999
2010-04-03 13:00:00,9.1,975.1,19,-999,-999
2010-04-03 14:00:00,8,971.2,10,-999,-999
2010-04-03 15:00:00,7.7,977.7,12,-999,-999
2010-04-03 16:00:00,4.5,980.6,15,-999,-999
2010-04-03 17:00:00,6.4,974.3,2,-999,-999
2010-04-03 18:00:00,4.8,975.1,1,-999,-999
2010-04-03 19:00:00,6.3,978.9,16,-999,-999
2010-04-03 20:00:00,7.3,971.8,7,-999,-999
2010-04-03 21:00:00,5.8,970.1,13,-999,-999
2010-04-03 22:00:00,8.3,972.8,16,-999,-999
2010-04-03 23:00:00,9.1,975.8,15,-999,-999
2010-04-04 00:00:00,10.7,970.7,12,-999,-999
2010-04-04 01:00:00,10.7,970.6,8,-999,-999
2010-04-04 02:00:00,12.5,974.6,20,-999,-999
2010-04-04 03:00:00,12.4,968.1,13,-999,-999
2010-04-04 04:00:00,15.4,973.1,13,-999,-999
2010-04-04 05:00:00,11.2,970.6,17,-999,-999
2010-04-04 06:00:00,13.8,975.6,11,-999,-999
2010-04-04 07:00:00,14.7,972.3,5,-999,-999
2010-04-04 08:00:00,15.3,974.5,14,-999,-999
2010-04-04 09:00:00,12.7,975.5,21,-999,-999
2010-04-04 10:00:00,11.5,967.9,26,-999,-999
2010-04-04 11:00:00,9.7,973.1,11,-999,-999
2010-04-04 12:00:00,8.3,974,13,-999,-999
2010-04-04 13:00:00,10.1,974.1,11,-999,-999
2010-04-04 14:00:00,10,973.5,8,-999,-999
2010-04-04 15:00:00,8.5,974.9,6,-999,-999
2010-04-04 16:00:00,6.7,970.2,14,-999,-999
2010-04-04 17:00:00,6.7,972.9,13,-999,-999
2010-04-04 18:00:00,7,973.5,17,-999,-999
2010-04-04 19:00:00,8,972.8,11,-999,-999
2010-04-04 20:00:00,7,975.5,18,-999,-999
2010-04-04 21:00:00,6,974.6,12,-999,-999
2010-04-04 22:00:00,8.7,966.5,8,-999,-999
2010-04-04 23:00:00,7.7,968,8,-999,-999
2010-04-05 00:00:00,8.8,973.6,18,-999,-999
2010-04-05 01:00:00,12.8,975.2,8,-999,-999
2010-04-05 02:00:00,12.3,977.9,7,-999,-999
2010-04-05 03:00:00,15.1,977.5,14,-999,-999
2010-04-05 04:00:00,13.2,974.1,19,-999,-999
2010-04-05 05:00:00,14,974.9,13,-999,-999
2010-04-05 06:00:00,14,977,16,-999,-999
2010-04-05 07:00:00,18,972,2,-999,-999
2010-04-05 08:00:00,13.7,972.5,17,-999,-999
2010-04-05 09:00:00,14,973.6,23,-999,-999
2010-04-05 10:00:00,12,973.4,22,-999,-999
2010-04-05 11:00:00,14.1,973,17,-999,-999
2010-04-05 12:00:00,9.4,971.7,7,-999,-999
2010-04-05 13:00:00,10.4,976.6,3,-999,-999
2010-04-05 14:00:00,5.8,976.2,13,-999,-999
2010-04-05 15:00:00,6.9,971.9,10,-999,-999
2010-04-05 16:00:00,9,971.1,19,-999,-999
2010-04-05 17:00:00,7.2,973.5,19,-999,-999
2010-04-05 18:00:00,7.3,970.7,15,-999,-999
2010-04-05 19:00:00,6.2,968.1,11,-999,-999
2010-04-05 20:00:00,8.1,970.9,8,-999,-999
2010-04-05 21:00:00,9.6,970.7,7,-999,-999
2010-04-05 22:00:00,8,972.1,14,-999,-999
2010-04-05 23:00:00,8.1,975.3,10,-999,-999
2010-04-06 00:00:00,14.2,977.2,10,-999,-999
2010-04-06 01:00:00,8.6,972.1,2,-999,-999
2010-04-06 02:00:00,14.3,971.3,7,-999,-999
2010-04-06 03:00:00,14.5,971.6,19,-999,-999
2010-04-06 04:00:00,12.6,974.5,5,-999,-999
2010-04-06 05:00:00,16.6,965.2,6,-999,-999
2010-04-06 06:00:00,16.6,971.9,16,-999,-999
2010-04-06 07:00:00,14.3,971.6,10,-999,-999
2010-04-06 08:00:00,13.4,977.2,16,-999,-999
2010-04-06 09:00:00,15.4,974.5,12,-999,-999
2010-04-06 10:00:00,11,979.9,14,-999,-999
2010-04-06 11:00:00,13.7,975.5,13,-999,-999
2010-04-06 12:00:00,9,970.2,16,-999,-999
2010-04-06 13:00:00,10.5,976.5,11,-999,-999
2010-04-06 15:00:00,9.6,970,23,-999,-999
2010-04-06 16:00:00,6.4,971.6,16,-999,-999
2010-04-06 17:00:00,8.2,976.7,8,-999,-999
2010-04-06 18:00:00,7.7,975.9,8,-999,-999
2010-04-06 19:00:00,8.4,973,9,-999,-999
2010-04-06 20:00:00,9.9,966.2,18,-999,-999
2010-04-06 21:00:00,8.1,970,14,-999,-999
2010-04-06 22:00:00,10.3,970.7,12,-999,-999
2010-04-06 23:00:00,10.9,974.9,21,-999,-999
2010-04-07 00:00:00,12.5,974.6,15,-999,-999
2010-04-07 01:00:00,12.1,973,11,-999,-999
2010-04-07 02:00:00,11.7,969.3,13,-999,-999
2010-04-07 03:00:00,13.9,963.9,14,-999,-999
2010-04-07 04:00:00,14.3,973.2,15,-999,-999
2010-04-07 05:00:00,10.8,968.2,11,-999,-999
2010-04-07 06:00:00,15.2,972.7,13,-999,-999
2010-04-07 07:00:00,17.1,975.3,10,-999,-999
2010-04-07 08:00:00,15.4,967.8,14,-999,-999
2010-04-07 09:00:00,15.2,973.8,11,-999,-999
2010-04-07 10:00:00,11.5,973.5,19,-999,-999
2010-04-07 11:00:00,11,975.3,14,-999,-999
2010-04-07 12:00:00,11.2,978.3,19,-999,-999
2010-04-07 13:00:00,9.6,975.1,20,-999,-999
2010-04-07 14:00:00,11.9,975.7,2,-999,-999
2010-04-07 15:00:00,8.2,969.6,13,-999,-999
2010-04-07 16:00:00,9.2,977.4,9,-999,-999
2010-04-07 17:00:00,9.5,971.6,11,-999,-999
2010-04-07 18:00:00,7.5,971.7,16,-999,-999
2010-04-07 19:00:00,5.2,973.4,3,-999,-999
2010-04-07 20:00:00,8.7,966.8,14,-999,-999
2010-04-07 21:00:00,9.3,975.1,10,-999,-999
2010-04-07 22:00:00,10.7,976,2,-999,-999
2010-04-07 23:00:00,8.7,970.2,15,-999,-999
2010-04-08 00:00:00,9.7,973.7,17,-999,-999
2010-04-08 01:00:00,11.6,968.1,14,-999,-999
2010-04-08 02:00:00,11.5,975.4,7,-999,-999
2010-04-08 03:00:00,14,971.5,8,-999,-999
2010-04-08 04:00:00,14.2,976.8,17,-999,-999
2010-04-08 05:00:00,15.2,970.7,9,-999,-999
2010-04-08 06:00:00,15.8,970.4,14,-999,-999
2010-04-08 07:00:00,17.3,973.4,11,-999,-999
2010-04-08 08:00:00,17.1,971.3,17,-999,-999
2010-04-08 09:00:00,13,964.9,17,-999,-999
2010-04-08 10:00:00,12.3,968.1,12,-999,-999
2010-04-08 11:00:00,14.9,972,9,-999,-999
2010-04-08 12:00:00,11.2,970.4,11,-999,-999
2010-04-08 13:00:00,11,971,21,-999,-999
2010-04-08 14:00:00,10.6,973.2,8,-999,-999
2010-04-08 15:00:00,8.2,970.9,15,-999,-999
2010-04-08 16:00:00,6.9,968.5,14,-999,-999
2010-04-08 17:00:00,6.2,966.9,13,-999,-999
2010-04-08 18:00:00,9.2,971.6,11,-999,-999
2010-04-08 19:00:00,8.1,974.3,7,-999,-999
2010-04-08 20:00:00,7,973.8,8,-999,-999
2010-04-08 21:00:00,10.1,973,14,-999,-999
2010-04-08 22:00:00,9.7,970.5,17,-999,-999
2010-04-08 23:00:00,9.5,979.2,16,-999,-999
2010-04-09 00:00:00,12.6,967.2,10,-999,-999
2010-04-09 01:00:00,12.7,975.7,7,-999,-999
2010-04-09 02:00:00,12.1,969.4,20,-999,-999
2010-04-09 03:00:00,13.8,968,8,-999,-999
2010-04-09 04:00:00,18,976.9,17,-999,-999
2010-04-09 05:00:00,13.5,972.2,13,-999,-999
2010-04-09 06:00:00,14.9,970.8,17,-999,-999
2010-04-09 07:00:00,14.1,974.5,9,-999,-999
2010-04-09 08:00:00,15,970.5,13,-999,-999
2010-04-09 09:00:00,15.1,970.1,14,-999,-999
2010-04-09 10:00:00,12.5,972.4,16,-999,-999
2010-04-09 11:00:00,12.9,971,27,-999,-999
2010-04-09 12:00:00,16,976.4,19,-999,-999
2010-04-09 13:00:00,13.6,968.3,10,-999,-999
2010-04-09 14:00:00,6.8,971,17,-999,-999
2010-04-09 15:00:00,11.3,976,19,-999,-999
2010-04-09 16:00:00,7.2,972.1,14,-999,-999
2010-04-09 17:00:00,6.2,972.2,15,-999,-999
2010-04-09 18:00:00,8.7,971.9,11,-999,-999
2010-04-09 19:00:00,9.4,969.2,18,-999,-999
2010-04-09 20:00:00,8.7,971.8,0,-999,-999
2010-04-09 21:00:00,7,973.6,10,-999,-999
2010-04-09 22:00:00,12,968.1,6,-999,-999
2010-04-09 23:00:00,12.4,976.3,12,-999,-999
2010-04-10 00:00:00,11.4,970.5,7,-999,-999
2010-04-10 01:00:00,15,970,2,-999,-999
2010-04-10 02:00:00,15.4,971.4,16,-999,-999
2010-04-10 03:00:00,13.8,975.2,14,-999,-999
2010-04-10 04:00:00,13,969.9,9,-999,-999
2010-04-10 05:00:00,15,971.7,4,-999,-999
2010-04-10 06:00:00,14.9,970.6,7,-999,-999
2010-04-10 07:00:00,14,973,10,-999,-999
2010-04-10 08:00:00,15.9,970.3,11,-999,-999
2010-04-10 09:00:00,13.9,967.3,9,-999,-999
2010-04-10 11:00:00,14.8,965.8,12,-999,-999
2010-04-10 12:00:00,12.8,968.6,8,-999,-999
2010-04-10 13:00:00,11.8,974.8,11,-999,-999
2010-04-10 14:00:00,8.5,967.7,12,-999,-999
2010-04-10 15:00:00,11.5,973,18,-999,-999
2010-04-10 16:00:00,6.1,974.4,16,-999,-999
2010-04-10 17:00:00,7,970.6,7,-999,-999
2010-04-10 18:00:00,7,975.2,10,-999,-999
2010-04-10 19:00:00,6.6,977.1,12,-999,-999
2010-04-10 20:00:00,7.8,970.3,14,-999,-999
2010-04-10 21:00:00,7.9,968.8,11,-999,-999
2010-04-10 22:00:00,10.6,969.6,16,-999,-999
2010-04-10 23:00:00,10.3,972.2,14,-999,-999
2010-04-11 00:00:00,13.3,969.2,8,-999,-999
2010-04-11 01:00:00,12.2,966.8,13,-999,-999
2010-04-11 02:00:00,13.6,970.3,6,-999,-999
2010-04-11 03:00:00,11.2,972.8,24,-999,-999
2010-04-11 04:00:00,13.4,964.9,15,-999,-999
2010-04-11 05:00:00,18.1,972.4,16,-999,-999
2010-04-11 06:00:00,17.2,967.5,13,-999,-999
2010-04-11 07:00:00,16.1,972,15,-999,-999
2010-04-11 08:00:00,14,975.1,15,-999,-999
2010-04-11 09:00:00,14,965.5,16,-999,-999
2010-04-11 10:00:00,14.8,971.9,10,-999,-999
2010-04-11 11:00:00,15.6,970.1,15,-999,-999
2010-04-11 12:00:00,10.2,975.5,13,-999,-999
2010-04-11 13:00:00,11,970.1,10,-999,-999
2010-04-11 14:00:00,9.4,966.7,9,-999,-999
2010-04-11 15:00:00,7.6,973.7,12,-999,-999
2010-04-11 16:00:00,7.7,973.1,21,-999,-999
2010-04-11 17:00:00,8,974.8,11,-999,-999
2010-04-11 18:00:00,6.4,969.7,19,-999,-999
2010-04-11 19:00:00,6.9,974.2,13,-999,-999
2010-04-11 20:00:00,6.8,973.7,6,-999,-999
2010-04-11 21:00:00,10.4,971.6,12,-999,-999
2010-04-11 22:00:00,10.6,977.5,11,-999,-999
2010-04-11 23:00:00,11.9,973.5,11,-999,-999
2010-04-12 00:00:00,15.4,969.3,20,-999,-999
2010-04-12 01:00:00,14.1,972.8,15,-999,-999
2010-04-12 02:00:00,15.4,975.2,10,-999,-999
2010-04-12 03:00:00,15,973.9,4,-999,-999
2010-04-12 04:00:00,15.9,976,7,-999,-999
2010-04-12 05:00:00,16.2,972,10,-999,-999
2010-04-12 06:00:00,16.3,971.9,8,-999,-999
2010-04-12 07:00:00,18.7,971.1,26,-999,-999
2010-04-12 08:00:00,16.5,967.9,11,-999,-999
2010-04-12 09:00:00,17.1,973.3,20,-999,-999
2010-04-12 10:00:00,12.1,977,5,-999,-999
2010-04-12 11:00:00,15.5,971.9,10,-999,-999
2010-04-12 12:00:00,11.5,971.4,13,-999,-999
2010-04-12 13:00:00,10.7,971.3,18,-999,-999
2010-04-12 14:00:00,8.5,973.6,13,-999,-999
2010-04-12 15:00:00,10.2,969.9,23,-999,-999
2010-04-12 16:00:00,9,973.6,3,-999,-999
2010-04-12 17:00:00,7.1,970.3,19,-999,-999
2010-04-12 18:00:00,9.5,975.4,7,-999,-999
2010-04-12 19:00:00,9.6,971.1,13,-999,-999
2010-04-12 20:00:00,10.1,971.8,14,-999,-999
2010-04-12 21:00:00,10.7,976.8,9,-999,-999
2010-04-12 22:00:00,10.4,969.7,10,-999,-999
2010-04-12 23:00:00,10.8,973.6,17,-999,-999
2010-04-13 00:00:00,11,971,13,-999,-999
2010-04-13 01:00:00,12.2,967.5,13,-999,-999
2010-04-13 02:00:00,15.9,967.3,15,-999,-999
2010-04-13 03:00:00,16.8,971.2,9,-999,-999
2010-04-13 04:00:00,16.8,969.1,10,-999,-999
2010-04-13 05:00:00,16,975.4,13,-999,-999
2010-04-13 06:00:00,16.9,970.1,13,-999,-999
2010-04-13 07:00:00,17.8,974.4,6,-999,-999
2010-04-13 08:00:00,16.1,973.9,4,-999,-999
2010-04-13 09:00:00,15,973.6,6,-999,-999
2010-04-13 10:00:00,14.4,965.9,6,-999,-999
2010-04-13 11:00:00,11.4,966.1,12,-999,-999
2010-04-13 12:00:00,13.6,970.9,16,-999,-999
2010-04-13 13:00:00,12,964.4,2,-999,-999
2010-04-13 14:00:00,9.4,967.9,12,-999,-999
2010-04-13 15:00:00,7.2,975.7,10,-999,-999
2010-04-13 16:00:00,11.3,968.1,7,-999,-999
2010-04-13 17:00:00,7.9,972.5,9,-999,-999
2010-04-13 18:00:00,9.9,973.2,15,-999,-999
2010-04-13 19:00:00,11.3,972.4,17,-999,-999
2010-04-13 20:00:00,8.7,965.4,14,-999,-999
2010-04-13 22:00:00,10.5,971.3,14,-999,-999
2010-04-13 23:00:00,9.6,973.9,14,-999,-999
2010-04-14 00:00:00,12.9,975.9,10,-999,-999
2010-04-14 01:00:00,13.9,970,18,-999,-999
2010-04-14 02:00:00,14.5,973.1,10,-999,-999
2010-04-14 03:00:00,15.3,975.1,22,-999,-999
2010-04-14 04:00:00,14.6,968.9,3,-999,-999
2010-04-14 05:00:00,14.1,977,10,-999,-999
2010-04-14 06:00:00,15.7,974.8,15,-999,-999
2010-04-14 07:00:00,17.8,966.9,12,-999,-999
2010-04-14 09:00:00,16.4,974.5,10,-999,-999
2010-04-14 10:00:00,14.7,972.5,12,-999,-999
2010-04-14 11:00:00,12.5,972.9,19,-999,-999
2010-04-14 12:00:00,14.9,969,11,-999,-999
2010-04-14 13:00:00,12.3,970.5,16,-999,-999
2010-04-14 14:00:00,10.7,972.8,9,-999,-999
2010-04-14 15:00:00,10.4,964.7,14,-999,-999
2010-04-14 16:00:00,6.5,975.9,3,-999,-999
2010-04-14 17:00:00,9.4,973,16,-999,-999
2010-04-14 18:00:00,12.1,972.3,5,-999,-999
2010-04-14 19:00:00,9.1,978.6,14,-999,-999
2010-04-14 20:00:00,10.1,970.2,6,-999,-999
2010-04-14 21:00:00,8.6,963.6,17,-999,-999
2010-04-14 22:00:00,10.3,971.6,14,-999,-999
2010-04-14 23:00:00,12.3,974.5,17,-999,-999
2010-04-15 00:00:00,14.6,969.7,9,-999,-999
2010-04-15 01:00:00,13.6,966.6,11,-999,-999
2010-04-15 02:00:00,13.8,969.3,8,-999,-999
2010-04-15 03:00:00,16.9,970.9,18,-999,-999
2010-04-15 04:00:00,15.9,965.7,10,-999,-999
2010-04-15 05:00:00,14.2,970.9,8,-999,-999
2010-04-15 06:00:00,18.2,967,13,-999,-999
2010-04-15 07:00:00,15.6,966.6,16,-999,-999
2010-04-15 08:00:00,19,967.8,12,-999,-999
2010-04-15 09:00:00,13.7,971.5,5,-999,-999
2010-04-15 10:00:00,13.9,975.5,13,-999,-999
2010-04-15 11:00:00,13.9,968.6,9,-999,-999
2010-04-15 12:00:00,14,968,12,-999,-999
2010-04-15 13:00:00,11.5,975.3,7,-999,-999
2010-04-15 14:00:00,8.9,967.2,18,-999,-999
2010-04-15 15:00:00,12.8,972.1,13,-999,-999
2010-04-15 16:00:00,7.4,972.4,7,-999,-999
2010-04-15 17:00:00,8.9,972.2,5,-999,-999
2010-04-15 18:00:00,8.2,972.6,7,-999,-999
2010-04-15 19:00:00,10.7,971.7,14,-999,-999
2010-04-15 20:00:00,8.5,967.9,13,-999,-999
2010-04-15 21:00:00,9.6,973.3,7,-999,-999
2010-04-15 22:00:00,12,971.3,13,-999,-999
2010-04-15 23:00:00,9.2,978.2,11,-999,-999
2010-04-16 00:00:00,11.9,969.9,13,-999,-999
2010-04-16 01:00:00,12.8,965,4,-999,-999
2010-04-16 02:00:00,16.4,972.2,13,-999,-999
2010-04-16 03:00:00,15.4,972.7,16,-999,-999
2010-04-16 04:00:00,15.6,964.3,12,-999,-999
2010-04-16 05:00:00,17.9,970.3,8,-999,-999
2010-04-16 06:00:00,17.6,975.7,1,-999,-999
2010-04-16 07:00:00,14.3,972.1,7,-999,-999
2010-04-16 08:00:00,16.4,974.8,19,-999,-999
2010-04-16 09:00:00,17,968,8,-999,-999
2010-04-16 10:00:00,13.5,972.8,12,-999,-999
2010-04-16 11:00:00,12.8,972.9,10,-999,-999
2010-04-16 12:00:00,13.5,975.5,9,-999,-999
2010-04-16 13:00:00,10.5,967.9,3,-999,-999
2010-04-16 14:00:00,12.2,970.7,8,-999,-999
2010-04-16 16:00:00,9,968.4,11,-999,-999
2010-04-16 17:00:00,9.4,965.8,10,-999,-999
2010-04-16 18:00:00,8.8,970.8,6,-999,-999
2010-04-16 19:00:00,10.9,975.7,11,-999,-999
2010-04-16 20:00:00,6.9,973.5,9,-999,-999
2010-04-16 21:00:00,8.5,969.1,17,-999,-999
2010-04-16 22:00:00,10.4,966.9,0,-999,-999
2010-04-16 23:00:00,14,970.6,12,-999,-999
2010-04-17 00:00:00,11.9,978.7,16,-999,-999
2010-04-17 01:00:00,15.9,967.7,4,-999,-999
2010-04-17 02:00:00,16,976.6,7,-999,-999
2010-04-17 03:00:00,16.2,967.9,7,-999,-999
2010-04-17 04:00:00,17.3,975.6,9,-999,-999
2010-04-17 05:00:00,16.1,966.7,9,-999,-999
2010-04-17 06:00:00,14.5,971.7,17,-999,-999
2010-04-17 07:00:00,17.9,971.2,1,-999,-999
2010-04-17 08:00:00,17.5,973.1,3,-999,-999
2010-04-17 09:00:00,14.2,970.9,16,-999,-999
2010-04-17 10:00:00,17.2,971.1,14,-999,-999
2010-04-17 11:00:00,11.2,968.8,12,-999,-999
2010-04-17 12:00:00,14.5,975.8,12,-999,-999
2010-04-17 13:00:00,14.8,970.7,10,-999,-999
2010-04-17 14:00:00,11.2,972.2,13,-999,-999
2010-04-17 15:00:00,9.4,973,2,-999,-999
2010-04-17 16:00:00,10.6,970.1,10,-999,-999
2010-04-17 17:00:00,7.3,971.5,11,-999,-999
2010-04-17 18:00:00,8.5,967.9,16,-999,-999
2010-04-17 19:00:00,10.9,967.5,14,-999,-999
2010-04-17 20:00:00,8.7,971.2,8,-999,-999
2010-04-17 21:00:00,10.3,970.3,1,-999,-999
2010-04-17 22:00:00,10.6,969.7,18,-999,-999
2010-04-17 23:00:00,12.1,974.5,8,-999,-999
2010-04-18 00:00:00,13.7,967.5,16,-999,-999
2010-04-18 01:00:00,15.7,969.9,15,-999,-999
2010-04-18 02:00:00,16.1,966.8,15,-999,-999
2010-04-18 03:00:00,16.3,969.5,15,-999,-999
2010-04-18 04:00:00,17.7,971.6,20,-999,-999
2010-04-18 05:00:00,14.6,971.7,16,-999,-999
2010-04-18 06:00:00,16.5,969.5,18,-999,-999
2010-04-18 07:00:00,16.4,969.7,5,-999,-999
2010-04-18 08:00:00,16.6,969.6,10,-999,-999
2010-04-18 09:00:00,16.7,971.8,14,-999,-999
2010-04-18 10:00:00,14.4,969.9,14,-999,-999
2010-04-18 11:00:00,15,972.3,8,-999,-999
2010-04-18 12:00:00,13.4,977.8,17,-999,-999
2010-04-18 13:00:00,10,980.4,10,-999,-999
2010-04-18 14:00:00,12,965.2,13,-999,-999
2010-04-18 15:00:00,8,968.6,7,-999,-999
2010-04-18 16:00:00,10.3,970.8,19,-999,-999
2010-04-18 17:00:00,10.4,978.1,9,-999,-999
2010-04-18 18:00:00,10.8,968.3,12,-999,-999
2010-04-18 19:00:00,6.3,969.7,6,-999,-999
2010-04-18 20:00:00,9,972.1,24,-999,-999
2010-04-18 21:00:00,9.2,969.8,14,-999,-999
2010-04-18 22:00:00,10.5,972.2,5,-999,-999
2010-04-18 23:00:00,11.4,970.4,4,-999,-999
2010-04-19 00:00:00,14.1,970.6,8,-999,-999
2010-04-19 01:00:00,15.4,969.6,2,-999,-999
2010-04-19 02:00:00,14.9,973.4,7,-999,-999
2010-04-19 03:00:00,16.2,966.7,5,-999,-999
2010-04-19 04:00:00,17.3,970.5,4,-999,-999
2010-04-19 05:00:00,15,971.6,6,-999,-999
2010-04-19 06:00:00,18.4,971.4,8,-999,-999
2010-04-19 07:00:00,16.6,971.3,18,-999,-999
2010-04-19 08:00:00,16.7,967.8,5,-999,-999
2010-04-19 09:00:00,13.5,964.5,17,-999,-999
2010-04-19 10:00:00,16.2,965.6,11,-999,-999
2010-04-19 11:00:00,13,973.6,10,-999,-999
2010-04-19 12:00:00,14.2,972.6,4,-999,-999
2010-04-19 13:00:00,6.8,972,15,-999,-999
2010-04-19 14:00:00,9.7,963.9,12,-999,-999
2010-04-19 15:00:00,11.5,968.6,8,-999,-999
2010-04-19 16:00:00,12.2,969.8,4,-999,-999
2010-04-19 17:00:00,7.6,970.2,16,-999,-999
2010-04-19 18:00:00,10.1,975.2,10,-999,-999
2010-04-19 19:00:00,11.4,966.4,8,-999,-999
2010-04-19 20:00:00,10.2,972.7,15,-999,-999
2010-04-19 21:00:00,8.9,970.5,17,-999,-999
2010-04-19 23:00:00,13.6,967.3,11,-999,-999
2010-04-20 00:00:00,14.8,968.1,10,-999,-999
2010-04-20 01:00:00,15.9,972.1,7,-999,-999
2010-04-20 02:00:00,15.2,969.4,13,-999,-999
2010-04-20 03:00:00,16.8,975.3,11,-999,-999
2010-04-20 04:00:00,17.5,969.8,11,-999,-999
2010-04-20 05:00:00,16.2,968.4,5,-999,-999
2010-04-20 06:00:00,17.2,972.8,12,-999,-999
2010-04-20 07:00:00,14,967,8,-999,-999
2010-04-20 08:00:00,15.8,975.1,7,-999,-999
2010-04-20 09:00:00,16.7,971,11,-999,-999
2010-04-20 10:00:00,17.6,974.3,14,-999,-999
2010-04-20 11:00:00,14.6,972.9,7,-999,-999
2010-04-20 12:00:00,14.4,968.6,19,-999,-999
2010-04-20 13:00:00,12.9,974.5,15,-999,-999
2010-04-20 14:00:00,10.9,968.5,2,-999,-999
2010-04-20 15:00:00,10.1,968.6,7,-999,-999
2010-04-20 16:00:00,11.6,969.2,2,-999,-999
2010-04-20 17:00:00,10.7,966.8,12,-999,-999
2010-04-20 18:00:00,9.7,971.8,18,-999,-999
2010-04-20 19:00:00,8.5,971.3,8,-999,-999
2010-04-20 20:00:00,11,971.2,13,-999,-999
2010-04-20 21:00:00,10.6,974.4,14,-999,-999
2010-04-20 22:00:00,14.3,966.3,10,-999,-999
2010-04-20 23:00:00,9.7,967,11,-999,-999
2010-04-21 00:00:00,14.7,965.1,9,-999,-999
2010-04-21 01:00:00,16.9,970.1,14,-999,-999
2010-04-21 02:00:00,15.9,968.2,2,-999,-999
2010-04-21 03:00:00,16.3,968.9,5,-999,-999
2010-04-21 04:00:00,16.6,965.3,5,-999,-999
2010-04-21 05:00:00,16.7,972.9,13,-999,-999
2010-04-21 06:00:00,16.4,969,10,-999,-999
2010-04-21 07:00:00,17.1,970.5,11,-999,-999
2010-04-21 08:00:00,16.8,969.3,11,-999,-999
2010-04-21 09:00:00,16.9,970.9,2,-999,-999
2010-04-21 10:00:00,17,971.2,13,-999,-999
2010-04-21 11:00:00,16,969.3,11,-999,-999
2010-04-21 12:00:00,11.9,978.9,12,-999,-999
2010-04-21 13:00:00,15.5,969.2,6,-999,-999
2010-04-21 14:00:00,14.3,967.9,7,-999,-999
2010-04-21 15:00:00,9.4,972.9,14,-999,-999
2010-04-21 16:00:00,11.8,970.5,6,-999,-999
2010-04-21 17:00:00,11.2,967.6,13,-999,-999
2010-04-21 18:00:00,12.2,970,9,-999,-999
2010-04-21 19:00:00,11.1,966.4,11,-999,-999
2010-04-21 20:00:00,11,967.9,4,-999,-999
2010-04-21 21:00:00,10.2,968.8,10,-999,-999
2010-04-21 22:00:00,13.9,968.2,11,-999,-999
2010-04-21 23:00:00,14.4,968.4,1,-999,-999
2010-04-22 00:00:00,10.4,969.6,10,-999,-999
2010-04-22 01:00:00,15.2,969.4,17,-999,-999
2010-04-22 02:00:00,17.6,970.8,14,-999,-999
2010-04-22 03:00:00,18.5,969.5,7,-999,-999
2010-04-22 04:00:00,16.9,964.5,13,-999,-999
2010-04-22 05:00:00,21.6,964.8,8,-999,-999
2010-04-22 06:00:00,19.8,974.5,12,-999,-999
2010-04-22 07:00:00,18.5,966.8,4,-999,-999
2010-04-22 08:00:00,17.2,972.7,12,-999,-999
2010-04-22 09:00:00,18.8,975.5,14,-999,-999
2010-04-22 10:00:00,14.6,966.5,15,-999,-999
2010-04-22 11:00:00,15.3,968.2,11,-999,-999
2010-04-22 12:00:00,12.8,968.1,10,-999,-999
2010-04-22 13:00:00,14.3,969.4,6,-999,-999
2010-04-22 14:00:00,13.3,967.9,5,-999,-999
2010-04-22 15:00:00,10.1,970.5,6,-999,-999
2010-04-22 16:00:00,9.1,968.9,10,-999,-999
2010-04-22 17:00:00,11.5,970.3,7,-999,-999
2010-04-22 18:00:00,10.1,974.1,16,-999,-999
2010-04-22 19:00:00,8.9,967.5,12,-999,-999
2010-04-22 20:00:00,12,970.8,10,-999,-999
2010-04-22 21:00:00,8.5,967.8,7,-999,-999
2010-04-22 22:00:00,12.7,971.1,7,-999,-999
2010-04-22 23:00:00,15.7,973.8,5,-999,-999
2010-04-23 00:00:00,14.2,976.1,13,-999,-999
2010-04-23 01:00:00,16.9,972.4,13,-999,-999
2010-04-23 02:00:00,16.4,971.5,15,-999,-999
2010-04-23 03:00:00,16.4,964.1,16,-999,-999
2010-04-23 04:00:00,16.4,975.7,15,-999,-999
2010-04-23 05:00:00,19.4,970.6,14,-999,-999
2010-04-23 06:00:00,19.4,971,4,-999,-999
2010-04-23 07:00:00,16.6,974.4,12,-999,-999
2010-04-23 08:00:00,17.3,971.2,15,-999,-999
2010-04-23 09:00:00,18.6,972.9,11,-999,-999
2010-04-23 10:00:00,17.2,967.3,21,-999,-999
2010-04-23 11:00:00,15.7,969.3,17,-999,-999
2010-04-23 12:00:00,14.3,975.6,12,-999,-999
2010-04-23 13:00:00,11.1,971.6,2,-999,-999
2010-04-23 14:00:00,11.3,966.8,5,-999,-999
2010-04-23 15:00:00,9,969.7,8,-999,-999
2010-04-23 16:00:00,11.8,971.3,7,-999,-999
2010-04-23 17:00:00,8.5,966.9,20,-999,-999
2010-04-23 18:00:00,10.4,962.9,12,-999,-999
2010-04-23 19:00:00,9.7,974.7,9,-999,-999
2010-04-23 20:00:00,10.6,973,11,-999,-999
2010-04-23 21:00:00,8.4,975.1,6,-999,-999
2010-04-23 22:00:00,13,972.8,2,-999,-999
2010-04-23 23:00:00,15,975.9,11,-999,-999
2010-04-24 00:00:00,15.3,969.4,14,-999,-999
2010-04-24 01:00:00,14,970.4,7,-999,-999
2010-04-24 02:00:00,15.9,968,15,-999,-999
2010-04-24 03:00:00,15.3,970.4,9,-999,-999
2010-04-24 04:00:00,16.3,968.2,9,-999,-999
2010-04-24 05:00:00,19,971.7,12,-999,-999
2010-04-24 06:00:00,18.8,970,11,-999,-999
2010-04-24 07:00:00,18.7,974,9,-999,-999
2010-04-24 08:00:00,16.1,968,17,-999,-999
2010-04-24 09:00:00,13.9,968.4,4,-999,-999
2010-04-24 10:00:00,14.9,966,6,-999,-999
2010-04-24 11:00:00,14.8,969.9,9,-999,-999
2010-04-24 12:00:00,14.3,971.4,1,-999,-999
2010-04-24 13:00:00,14.4,972.9,11,-999,-999
2010-04-24 14:00:00,11.6,967.6,20,-999,-999
2010-04-24 15:00:00,13.8,968.7,14,-999,-999
2010-04-24 16:00:00,12.5,971,9,-999,-999
2010-04-24 17:00:00,12.2,966.7,11,-999,-999
2010-04-24 18:00:00,12.7,965,13,-999,-999
2010-04-24 19:00:00,11.9,972.7,14,-999,-999
2010-04-24 20:00:00,10.3,970,8,-999,-999
2010-04-24 21:00:00,12.5,970.7,10,-999,-999
2010-04-24 22:00:00,14.2,965.3,9,-999,-999
2010-04-24 23:00:00,14.8,969.6,14,-999,-999
2010-04-25 00:00:00,16.1,965.1,12,-999,-999
2010-04-25 01:00:00,16.1,968.3,7,-999,-999
2010-04-25 02:00:00,17.3,969.7,9,-999,-999
2010-04-25 03:00:00,14.9,964.5,18,-999,-999
2010-04-25 04:00:00,19.6,974.2,15,-999,-999
2010-04-25 05:00:00,18.9,970.8,9,-999,-999
2010-04-25 06:00:00,18,965,23,-999,-999
2010-04-25 07:00:00,16.5,965.6,10,-999,-999
2010-04-25 08:00:00,17.6,969.2,14,-999,-999
2010-04-25 09:00:00,20.6,967,4,-999,-999
2010-04-25 10:00:00,15.9,970.7,15,-999,-999
2010-04-25 11:00:00,17.6,971.4,16,-999,-999
2010-04-25 12:00:00,16,969.7,15,-999,-999
2010-04-25 13:00:00,13.5,972.7,12,-999,-999
2010-04-25 14:00:00,12.5,969.5,7,-999,-999
2010-04-25 15:00:00,9.1,971.8,17,-999,-999
2010-04-25 16:00:00,13,962.9,8,-999,-999
2010-04-25 17:00:00,11.2,969.2,14,-999,-999
2010-04-25 18:00:00,10.9,971.3,15,-999,-999
2010-04-25 19:00:00,10.3,966.2,5,-999,-999
2010-04-25 20:00:00,10.1,965.9,12,-999,-999
2010-04-25 21:00:00,10,973.3,10,-999,-999
2010-04-25 22:00:00,11.5,972.9,13,-999,-999
2010-04-25 23:00:00,13.7,967.8,15,-999,-999
2010-04-26 00:00:00,17.9,972.3,2,-999,-999
2010-04-26 01:00:00,18.2,974.8,11,-999,-999
2010-04-26 02:00:00,16.4,968.3,11,-999,-999
2010-04-26 03:00:00,17.3,971.3,10,-999,-999
2010-04-26 04:00:00,18.2,969.3,13,-999,-999
2010-04-26 05:00:00,21.4,967.8,2,-999,-999
2010-04-26 06:00:00,18.7,968.9,14,-999,-999
2010-04-26 08:00:00,17.4,971.2,7,-999,-999
2010-04-26 09:00:00,19.5,970.8,5,-999,-999
2010-04-26 10:00:00,13.4,965,4,-999,-999
2010-04-26 11:00:00,16.7,971,6,-999,-999
2010-04-26 12:00:00,17.5,965.5,13,-999,-999
2010-04-26 13:00:00,14.9,972.9,11,-999,-999
2010-04-26 14:00:00,14.5,973.5,21,-999,-999
2010-04-26 15:00:00,12,966.7,9,-999,-999
2010-04-26 16:00:00,11.8,973.1,0,-999,-999
2010-04-26 17:00:00,11.6,967.4,6,-999,-999
2010-04-26 18:00:00,10.6,969,9,-999,-999
2010-04-26 19:00:00,9.5,968.2,1,-999,-999
2010-04-26 20:00:00,10.5,968.1,3,-999,-999
2010-04-26 21:00:00,12.8,968.1,2,-999,-999
2010-04-26 22:00:00,15.1,973.7,11,-999,-999
2010-04-26 23:00:00,14.9,968,20,-999,-999
2010-04-27 00:00:00,15.8,971.8,6,-999,-999
2010-04-27 01:00:00,16.1,970.2,9,-999,-999
2010-04-27 02:00:00,18.2,967,8,-999,-999
2010-04-27 03:00:00,17,969.2,9,-999,-999
2010-04-27 04:00:00,18.5,970.3,13,-999,-999
2010-04-27 05:00:00,17.7,966.7,7,-999,-999
2010-04-27 06:00:00,17.8,971.1,5,-999,-999
2010-04-27 07:00:00,19.9,967.5,4,-999,-999
2010-04-27 08:00:00,17.5,968.6,1,-999,-999
2010-04-27 09:00:00,17.9,971.4,6,-999,-999
2010-04-27 10:00:00,19.1,976.7,14,-999,-999
2010-04-27 11:00:00,10.7,973.8,1,-999,-999
2010-04-27 12:00:00,14.8,973.4,10,-999,-999
2010-04-27 13:00:00,15,968,12,-999,-999
2010-04-27 14:00:00,12.9,970.3,6,-999,-999
2010-04-27 15:00:00,12.6,971.4,1,-999,-999
2010-04-27 16:00:00,9.8,970.4,13,-999,-999
2010-04-27 17:00:00,12,966.4,8,-999,-999
2010-04-27 18:00:00,11.4,970.2,8,-999,-999
2010-04-27 19:00:00,11.6,971.3,12,-999,-999
2010-04-27 20:00:00,10.2,968.1,19,-999,-999
2010-04-27 21:00:00,13.8,969.6,17,-999,-999
2010-04-27 22:00:00,12.2,972.6,11,-999,-999
2010-04-27 23:00:00,13,966.4,4,-999,-999
2010-04-28 00:00:00,15.4,971.2,1,-999,-999
2010-04-28 01:00:00,16.2,969.2,11,-999,-999
2010-04-28 02:00:00,19.3,970.1,12,-999,-999
2010-04-28 03:00:00,17.2,963.7,15,-999,-999
2010-04-28 04:00:00,19.7,974.6,10,-999,-999
2010-04-28 05:00:00,18.8,976.6,3,-999,-999
2010-04-28 06:00:00,18.9,967.7,4,-999,-999
2010-04-28 07:00:00,18,972.7,15,-999,-999
2010-04-28 08:00:00,18.5,967.1,17,-999,-999
2010-04-28 09:00:00,18.9,968.2,4,-999,-999
2010-04-28 10:00:00,17.8,963.1,2,-999,-999
2010-04-28 11:00:00,16.2,969.6,10,-999,-999
2010-04-28 12:00:00,15.9,969,13,-999,-999
2010-04-28 13:00:00,12.3,969.1,11,-999,-999
2010-04-28 14:00:00,13.1,973,10,-999,-999
2010-04-28 15:00:00,14.1,969.5,3,-999,-999
2010-04-28 16:00:00,12.9,972.7,9,-999,-999
2010-04-28 17:00:00,12.9,973.3,11,-999,-999
2010-04-28 18:00:00,9.9,965.3,14,-999,-999
2010-04-28 19:00:00,9.9,963.9,4,-999,-999
2010-04-28 20:00:00,10.2,964.2,7,-999,-999
2010-04-28 21:00:00,11.8,970.4,11,-999,-999
2010-04-28 22:00:00,13.3,970,14,-999,-999
2010-04-28 23:00:00,13.8,968.1,8,-999,-999
2010-04-29 00:00:00,15.6,971.3,10,-999,-999
2010-04-29 01:00:00,15.9,970.1,23,-999,-999
2010-04-29 02:00:00,17.2,966.1,4,-999,-999
2010-04-29 03:00:00,19.3,963.4,3,-999,-999
2010-04-29 04:00:00,19.3,969.6,9,-999,-999
2010-04-29 05:00:00,20.5,967.8,12,-999,-999
2010-04-29 06:00:00,20,968.1,9,-999,-999
2010-04-29 07:00:00,20.5,970.2,8,-999,-999
2010-04-29 08:00:00,19,968.4,7,-999,-999
2010-04-29 09:00:00,18.2,967.1,15,-999,-999
2010-04-29 10:00:00,16.7,963.5,9,-999,-999
2010-04-29 11:00:00,16.2,971.2,16,-999,-999
2010-04-29 12:00:00,17.3,968.8,12,-999,-999
2010-04-29 13:00:00,13.7,965.5,14,-999,-999
2010-04-29 14:00:00,15.8,965.8,7,-999,-999
2010-04-29 15:00:00,11.7,969,1,-999,-999
2010-04-29 16:00:00,12,975.4,14,-999,-999
2010-04-29 17:00:00,6.8,968.3,0,-999,-999
2010-04-29 18:00:00,12.5,965.9,10,-999,-999
2010-04-29 19:00:00,13.7,976.1,8,-999,-999
2010-04-29 20:00:00,13.1,968.2,8,-999,-999
2010-04-29 21:00:00,10.4,971.4,15,-999,-999
2010-04-29 22:00:00,14.4,971.7,18,-999,-999
2010-04-29 23:00:00,15.6,968.8,11,-999,-999
2010-04-30 00:00:00,16.7,967.5,2,-999,-999
2010-04-30 01:00:00,17.1,969.8,10,-999,-999
2010-04-30 02:00:00,13.8,962.1,13,-999,-999
2010-04-30 03:00:00,18.2,965.5,1,-999,-999
2010-04-30 04:00:00,19.6,969.6,6,-999,-999
2010-04-30 05:00:00,21.1,970.1,2,-999,-999
2010-04-30 06:00:00,20.1,967,13,-999,-999
2010-04-30 07:00:00,20.8,971.7,7,-999,-999
2010-04-30 08:00:00,18.1,969.4,18,-999,-999
2010-04-30 09:00:00,19.3,962.4,3,-999,-999
2010-04-30 10:00:00,16.6,966.2,1,-999,-999
2010-04-30 11:00:00,17.7,965.9,8,-999,-999
2010-04-30 12:00:00,14.1,966,6,-999,-999
2010-04-30 13:00:00,13.4,967.3,8,-999,-999
2010-04-30 14:00:00,14.3,966.1,9,-999,-999
2010-04-30 15:00:00,13,965.2,2,-999,-999
2010-04-30 16:00:00,11,966.1,8,-999,-999
2010-04-30 17:00:00,14.4,967.1,1,-999,-999
2010-04-30 18:00:00,11.7,964.3,11,-999,-999
2010-04-30 19:00:00,12.6,976,7,-999,-999
2010-04-30 20:00:00,14.3,965.9,3,-999,-999
2010-04-30 21:00:00,13.6,969.8,20,-999,-999
2010-04-30 22:00:00,11.2,963,5,-999,-999
2010-04-30 23:00:00,12.4,966.9,12,-999,-999
2010-05-01 00:00:00,13,969,5,-999,-999
2010-05-01 01:00:00,15.7,966.8,15,-999,-999
2010-05-01 02:00:00,16.2,970,6,-999,-999
2010-05-01 03:00:00,19.3,975.9,13,-999,-999
2010-05-01 04:00:00,18.9,970.8,7,-999,-999
2010-05-01 05:00:00,22.2,965.4,9,-999,-999
2010-05-01 06:00:00,17.8,967.9,14,-999,-999
2010-05-01 07:00:00,17.8,957.4,4,-999,-999
2010-05-01 08:00:00,20.5,970.7,16,-999,-999
2010-05-01 09:00:00,20.5,966.2,6,-999,-999
2010-05-01 10:00:00,16.4,965.7,8,-999,-999
2010-05-01 11:00:00,17.4,969.4,5,-999,-999
2010-05-01 12:00:00,15.3,966.1,7,-999,-999
2010-05-01 13:00:00,14.2,967.8,4,-999,-999
2010-05-01 14:00:00,14.7,966.2,10,-999,-999
2010-05-01 15:00:00,14.1,967.9,3,-999,-999
2010-05-01 16:00:00,9.9,969.3,11,-999,-999
2010-05-01 17:00:00,11.8,973.2,19,-999,-999
2010-05-01 18:00:00,12,968,13,-999,-999
2010-05-01 19:00:00,12.5,969.8,6,-999,-999
2010-05-01 20:00:00,13,971.4,7,-999,-999
2010-05-01 21:00:00,11.2,971,9,-999,-999
2010-05-01 22:00:00,14.8,967.8,9,-999,-999
2010-05-01 23:00:00,14.2,964.8,11,-999,-999
2010-05-02 00:00:00,13.4,966.4,11,-999,-999
2010-05-02 01:00:00,15.9,966.9,7,-999,-999
2010-05-02 02:00:00,16.1,965.9,1,-999,-999
2010-05-02 03:00:00,21,969.6,6,-999,-999
2010-05-02 04:00:00,18.2,966.2,5,-999,-999
2010-05-02 05:00:00,19,969.9,7,-999,-999
2010-05-02 06:00:00,20.9,974.3,18,-999,-999
2010-05-02 07:00:00,16.9,963.4,3,-999,-999
2010-05-02 08:00:00,19.5,970.9,2,-999,-999
2010-05-02 09:00:00,19,968.8,7,-999,-999
2010-05-02 10:00:00,16,968.6,15,-999,-999
2010-05-02 11:00:00,16.4,967.9,7,-999,-999
2010-05-02 12:00:00,18.9,973.5,4,-999,-999
2010-05-02 13:00:00,15.3,969,10,-999,-999
2010-05-02 14:00:00,15.2,968.8,7,-999,-999
2010-05-02 15:00:00,14.8,972.6,9,-999,-999
2010-05-02 16:00:00,12.2,964.6,10,-999,-999
2010-05-02 17:00:00,11.6,966.8,14,-999,-999
2010-05-02 18:00:00,13.9,964.2,3,-999,-999
2010-05-02 19:00:00,9.2,974,15,-999,-999
2010-05-02 20:00:00,14.6,966.8,4,-999,-999
2010-05-02 21:00:00,16.7,970.8,12,-999,-999
2010-05-02 22:00:00,16.4,968.8,9,-999,-999
2010-05-02 23:00:00,13.9,966.2,0,-999,-999
2010-05-03 00:00:00,14.3,968.8,13,-999,-999
2010-05-03 01:00:00,17.4,968.5,12,-999,-999
2010-05-03 03:00:00,18.7,969.7,12,-999,-999
2010-05-03 04:00:00,19.1,968.8,4,-999,-999
2010-05-03 05:00:00,17.4,965.6,8,-999,-999
2010-05-03 06:00:00,20.7,965.9,8,-999,-999
2010-05-03 07:00:00,20.5,968.5,16,-999,-999
2010-05-03 08:00:00,18.7,968.9,11,-999,-999
2010-05-03 09:00:00,21.2,967.6,14,-999,-999
2010-05-03 10:00:00,16.8,970.4,14,-999,-999
2010-05-03 11:00:00,16.8,967.5,20,-999,-999
2010-05-03 12:00:00,17.7,963.3,6,-999,-999
2010-05-03 13:00:00,17,967.5,7,-999,-999
2010-05-03 14:00:00,13.5,966.8,6,-999,-999
2010-05-03 15:00:00,12.8,968.5,16,-999,-999
2010-05-03 16:00:00,12,966.1,17,-999,-999
2010-05-03 17:00:00,9.8,968.1,10,-999,-999
2010-05-03 18:00:00,13.6,965.8,18,-999,-999
2010-05-03 19:00:00,12.4,965.8,8,-999,-999
2010-05-03 20:00:00,11.3,975.9,10,-999,-999
2010-05-03 21:00:00,9.3,966.2,13,-999,-999
2010-05-03 22:00:00,14.4,965,12,-999,-999
2010-05-03 23:00:00,15.8,970.4,15,-999,-999
2010-05-04 00:00:00,17.1,968.7,1,-999,-999
2010-05-04 01:00:00,18.9,967.4,14,-999,-999
2010-05-04 02:00:00,19.2,960.9,8,-999,-999
2010-05-04 03:00:00,20.3,973.4,15,-999,-999
2010-05-04 04:00:00,19.5,970,8,-999,-999
2010-05-04 05:00:00,21.9,968.2,11,-999,-999
2010-05-04 06:00:00,15.5,967.4,0,-999,-999
2010-05-04 07:00:00,19,966.9,8,-999,-999
2010-05-04 08:00:00,19,966.9,10,-999,-999
2010-05-04 09:00:00,22.1,969.1,2,-999,-999
2010-05-04 10:00:00,15.8,965.5,12,-999,-999
2010-05-04 11:00:00,16.1,969,10,-999,-999
2010-05-04 12:00:00,13.8,967.8,7,-999,-999
2010-05-04 13:00:00,15.5,966.8,12,-999,-999
2010-05-04 14:00:00,14,970.1,2,-999,-999
2010-05-04 15:00:00,14.6,966.5,10,-999,-999
2010-05-04 16:00:00,14.2,967.6,14,-999,-999
2010-05-04 17:00:00,13.4,970.6,7,-999,-999
2010-05-04 18:00:00,9.9,964.6,13,-999,-999
2010-05-04 19:00:00,12.5,966,12,-999,-999
2010-05-04 20:00:00,13.6,964.5,9,-999,-999
2010-05-04 21:00:00,15.1,970.6,22,-999,-999
2010-05-04 22:00:00,14.5,972.7,16,-999,-999
2010-05-04 23:00:00,14.6,965.4,6,-999,-999
2010-05-05 00:00:00,15.3,967.9,7,-999,-999
2010-05-05 01:00:00,16.8,964.3,15,-999,-999
2010-05-05 02:00:00,19.2,970.8,10,-999,-999
2010-05-05 03:00:00,22,964.2,10,-999,-999
2010-05-05 04:00:00,19.6,967.5,15,-999,-999
2010-05-05 05:00:00,19.6,969.9,10,-999,-999
2010-05-05 06:00:00,19.7,965,8,-999,-999
2010-05-05 07:00:00,20.9,964.2,14,-999,-999
2010-05-05 08:00:00,17.2,967.4,9,-999,-999
2010-05-05 09:00:00,17.2,961.2,14,-999,-999
2010-05-05 10:00:00,20.5,972.1,6,-999,-999
2010-05-05 11:00:00,17.2,963.3,1,-999,-999
2010-05-05 12:00:00,19.1,966.7,11,-999,-999
2010-05-05 13:00:00,14.6,971.2,14,-999,-999
2010-05-05 14:00:00,13.9,967.9,10,-999,-999
2010-05-05 15:00:00,13.2,967.8,10,-999,-999
2010-05-05 16:00:00,11.8,969,13,-999,-999
2010-05-05 17:00:00,12.8,970.5,6,-999,-999
2010-05-05 18:00:00,10.5,967.8,7,-999,-999
2010-05-05 19:00:00,13.5,966.5,20,-999,-999
2010-05-05 20:00:00,12.8,968.6,8,-999,-999
2010-05-05 21:00:00,12.1,969.9,13,-999,-999
2010-05-05 22:00:00,15.1,971.4,5,-999,-999
2010-05-05 23:00:00,13.3,966.8,8,-999,-999
2010-05-06 00:00:00,15.8,967.4,11,-999,-999
2010-05-06 01:00:00,18.2,969,20,-999,-999
2010-05-06 02:00:00,18.4,971.5,8,-999,-999
2010-05-06 03:00:00,20,963.2,8,-999,-999
2010-05-06 04:00:00,20.4,968.8,2,-999,-999
2010-05-06 05:00:00,23.5,967.9,18,-999,-999
2010-05-06 06:00:00,20.3,968.4,21,-999,-999
2010-05-06 07:00:00,20.6,972.3,6,-999,-999
2010-05-06 08:00:00,19.2,969.6,9,-999,-999
2010-05-06 09:00:00,19.9,966,6,-999,-999
2010-05-06 10:00:00,18.7,965.6,0,-999,-999
2010-05-06 11:00:00,20.9,966.3,10,-999,-999
2010-05-06 12:00:00,16.9,968.7,13,-999,-999
2010-05-06 13:00:00,14.1,969.1,7,-999,-999
2010-05-06 14:00:00,14.6,968.6,8,-999,-999
2010-05-06 15:00:00,16,969.7,3,-999,-999
2010-05-06 16:00:00,12,973.5,1,-999,-999
2010-05-06 17:00:00,13.2,962.2,5,-999,-999
2010-05-06 18:00:00,12.3,963.3,7,-999,-999
2010-05-06 19:00:00,13.6,964.5,7,-999,-999
2010-05-06 20:00:00,13.2,968.5,4,-999,-999
2010-05-06 21:00:00,13.8,964.4,8,-999,-999
2010-05-06 22:00:00,15.9,970.1,13,-999,-999
2010-05-06 23:00:00,13.9,966.3,11,-999,-999
2010-05-07 00:00:00,15,970.4,11,-999,-999
2010-05-07 01:00:00,19.6,966.5,2,-999,-999
2010-05-07 02:00:00,17.7,964.7,9,-999,-999
2010-05-07 03:00:00,17.5,964.6,9,-999,-999
2010-05-07 04:00:00,18.3,967.3,12,-999,-999
2010-05-07 05:00:00,21.2,973.8,13,-999,-999
2010-05-07 06:00:00,19.6,967.2,7,-999,-999
2010-05-07 07:00:00,21.3,966.8,5,-999,-999
2010-05-07 08:00:00,19.1,967.3,10,-999,-999
2010-05-07 09:00:00,18.5,969,2,-999,-999
2010-05-07 10:00:00,19.7,966.9,9,-999,-999
2010-05-07 11:00:00,19,968.3,9,-999,-999
2010-05-07 12:00:00,18.6,967.5,10,-999,-999
2010-05-07 13:00:00,16.7,973.1,11,-999,-999
2010-05-07 15:00:00,12.6,966.7,26,-999,-999
2010-05-07 16:00:00,12.6,966.6,2,-999,-999
2010-05-07 17:00:00,14.7,968.1,1,-999,-999
2010-05-07 18:00:00,15.1,964.1,9,-999,-999
2010-05-07 19:00:00,13.9,967.3,7,-999,-999
2010-05-07 20:00:00,11.7,966.6,19,-999,-999
2010-05-07 21:00:00,14.5,965.3,2,-999,-999
2010-05-07 22:00:00,15.9,968.1,9,-999,-999
2010-05-07 23:00:00,17.6,968.1,17,-999,-999
2010-05-08 00:00:00,15.7,967.4,12,-999,-999
2010-05-08 01:00:00,17.3,967.4,5,-999,-999
2010-05-08 02:00:00,19.8,967.1,3,-999,-999
2010-05-08 03:00:00,18.6,966.4,3,-999,-999
2010-05-08 04:00:00,20.7,968.4,0,-999,-999
2010-05-08 05:00:00,23.4,972.3,10,-999,-999
2010-05-08 06:00:00,21.4,963.3,8,-999,-999
2010-05-08 07:00:00,23.2,966.3,9,-999,-999
2010-05-08 08:00:00,19.9,975.1,4,-999,-999
2010-05-08 09:00:00,17.2,968.6,2,-999,-999
2010-05-08 10:00:00,17.1,967.1,12,-999,-999
2010-05-08 11:00:00,18.7,967.7,6,-999,-999
2010-05-08 12:00:00,17.7,967,3,-999,-999
2010-05-08 13:00:00,16.1,968.8,10,-999,-999
2010-05-08 14:00:00,14,964.1,5,-999,-999
2010-05-08 15:00:00,13,967.7,13,-999,-999
2010-05-08 16:00:00,11.9,969.1,16,-999,-999
2010-05-08 17:00:00,13.1,973.7,1,-999,-999
2010-05-08 18:00:00,16,962.4,22,-999,-999
2010-05-08 19:00:00,12.3,964,6,-999,-999
2010-05-08 20:00:00,13.2,968,13,-999,-999
2010-05-08 21:00:00,12.9,970.5,5,-999,-999
2010-05-08 22:00:00,12,968.7,1,-999,-999
2010-05-08 23:00:00,12.3,963,14,-999,-999
2010-05-09 00:00:00,16.1,973.7,8,-999,-999
2010-05-09 01:00:00,17.8,961.6,11,-999,-999
2010-05-09 02:00:00,19.6,971.7,5,-999,-999
2010-05-09 03:00:00,23.3,967.7,12,-999,-999
2010-05-09 04:00:00,20.9,966,7,-999,-999
2010-05-09 05:00:00,25.1,962.5,2,-999,-999
2010-05-09 06:00:00,19.8,963.8,1,-999,-999
2010-05-09 07:00:00,19.5,961.7,12,-999,-999
2010-05-09 08:00:00,19.9,963.6,7,-999,-999
2010-05-09 09:00:00,20.6,963.4,1,-999,-999
2010-05-09 10:00:00,20.4,972.9,9,-999,-999
2010-05-09 11:00:00,18.3,966.1,15,-999,-999
2010-05-09 12:00:00,16.6,972.1,9,-999,-999
2010-05-09 13:00:00,18,959.5,6,-999,-999
2010-05-09 14:00:00,14.5,964.1,10,-999,-999
2010-05-09 15:00:00,16,966.9,1,-999,-999
2010-05-09 16:00:00,14.1,968.5,16,-999,-999
2010-05-09 17:00:00,14.4,962.7,1,-999,-999
2010-05-09 18:00:00,15.3,964.7,16,-999,-999
2010-05-09 19:00:00,13.1,967.9,4,-999,-999
2010-05-09 20:00:00,13.6,967.9,5,-999,-999
2010-05-09 21:00:00,14.7,965.4,11,-999,-999
2010-05-09 22:00:00,13.5,962.1,3,-999,-999
2010-05-09 23:00:00,15.5,961.5,11,-999,-999
2010-05-10 00:00:00,17.7,968.3,7,-999,-999
2010-05-10 01:00:00,19.8,961.2,10,-999,-999
2010-05-10 02:00:00,20,965.5,8,-999,-999
2010-05-10 03:00:00,21.9,967.5,15,-999,-999
2010-05-10 04:00:00,20.4,964.4,10,-999,-999
2010-05-10 05:00:00,19.7,968.2,0,-999,-999
2010-05-10 06:00:00,20.2,967.3,6,-999,-999
2010-05-10 07:00:00,16.2,964.8,11,-999,-999
2010-05-10 08:00:00,25,967.7,8,-999,-999
2010-05-10 09:00:00,18.4,969.2,8,-999,-999
2010-05-10 10:00:00,19.2,966.2,2,-999,-999
2010-05-10 11:00:00,20.4,960.3,7,-999,-999
2010-05-10 12:00:00,18.1,965.6,9,-999,-999
2010-05-10 13:00:00,18.2,968.2,15,-999,-999
2010-05-10 14:00:00,17,967.8,4,-999,-999
2010-05-10 15:00:00,13.5,965.8,2,-999,-999
2010-05-10 16:00:00,10.3,969.1,7,-999,-999
2010-05-10 17:00:00,15.1,965.7,6,-999,-999
2010-05-10 18:00:00,12.7,961.2,4,-999,-999
2010-05-10 19:00:00,12.2,968.8,8,-999,-999
2010-05-10 20:00:00,12.1,969.4,13,-999,-999
2010-05-10 21:00:00,14.8,968.8,5,-999,-999
2010-05-10 22:00:00,17.8,962.5,8,-999,-999
2010-05-10 23:00:00,13,963.6,12,-999,-999
2010-05-11 00:00:00,16.6,965.4,9,-999,-999
2010-05-11 01:00:00,20.3,966.6,12,-999,-999
2010-05-11 02:00:00,19.7,965.7,5,-999,-999
2010-05-11 03:00:00,18.9,964.9,9,-999,-999
2010-05-11 04:00:00,22.1,967.4,7,-999,-999
2010-05-11 05:00:00,22.6,968.3,12,-999,-999
2010-05-11 06:00:00,19.7,962.9,12,-999,-999
2010-05-11 07:00:00,23,966.3,1,-999,-999
2010-05-11 08:00:00,21.7,962.2,6,-999,-999
2010-05-11 09:00:00,20.6,967.9,5,-999,-999
2010-05-11 10:00:00,22.1,966.4,6,-999,-999
2010-05-11 11:00:00,16.7,971.1,5,-999,-999
2010-05-11 12:00:00,15.9,963.8,1,-999,-999
2010-05-11 13:00:00,17,968.5,3,-999,-999
2010-05-11 14:00:00,14.7,968,7,-999,-999
2010-05-11 15:00:00,10.7,967.8,15,-999,-999
2010-05-11 16:00:00,15,959.6,11,-999,-999
2010-05-11 17:00:00,14.7,962.3,8,-999,-999
2010-05-11 18:00:00,14.4,966.6,7,-999,-999
2010-05-11 19:00:00,15.3,966,4,-999,-999
2010-05-11 20:00:00,12.7,965.4,12,-999,-999
2010-05-11 21:00:00,16.6,965.5,15,-999,-999
2010-05-11 22:00:00,15.5,965.5,1,-999,-999
2010-05-11 23:00:00,16.7,967.6,10,-999,-999
2010-05-12 00:00:00,18.4,965.2,7,-999,-999
2010-05-12 01:00:00,20.4,960.6,4,-999,-999
2010-05-12 02:00:00,20.7,969.1,2,-999,-999
2010-05-12 03:00:00,20.8,968.9,8,-999,-999
2010-05-12 04:00:00,22.1,963.4,14,-999,-999
2010-05-12 05:00:00,23,967.2,6,-999,-999
2010-05-12 06:00:00,21.5,962.4,10,-999,-999
2010-05-12 07:00:00,22.4,966.5,7,-999,-999
2010-05-12 08:00:00,23.3,966.2,7,-999,-999
2010-05-12 09:00:00,20.6,963.2,2,-999,-999
2010-05-12 10:00:00,20,967,12,-999,-999
2010-05-12 11:00:00,17.8,963.1,13,-999,-999
2010-05-12 12:00:00,16.9,963.4,10,-999,-999
2010-05-12 13:00:00,16.5,963.7,11,-999,-999
2010-05-12 14:00:00,15.9,965.9,13,-999,-999
2010-05-12 15:00:00,13.7,962.4,3,-999,-999
2010-05-12 16:00:00,14.9,964.6,13,-999,-999
2010-05-12 18:00:00,13.5,965.3,4,-999,-999
2010-05-12 19:00:00,15.6,963.5,20,-999,-999
2010-05-12 20:00:00,14.8,967.3,10,-999,-999
2010-05-12 21:00:00,14.7,965.8,14,-999,-999
2010-05-12 22:00:00,18.1,965.6,8,-999,-999
2010-05-12 23:00:00,15.7,961.5,16,-999,-999
2010-05-13 00:00:00,17.1,972.4,14,-999,-999
2010-05-13 01:00:00,17.4,960.8,8,-999,-999
2010-05-13 02:00:00,19.7,962.5,7,-999,-999
2010-05-13 03:00:00,16.4,968.2,8,-999,-999
2010-05-13 04:00:00,21,969.5,3,-999,-999
2010-05-13 05:00:00,21.9,970.7,8,-999,-999
2010-05-13 06:00:00,20.5,964.2,5,-999,-999
2010-05-13 07:00:00,20.5,962,7,-999,-999
2010-05-13 08:00:00,22.9,962.6,2,-999,-999
2010-05-13 09:00:00,21.2,958.8,7,-999,-999
2010-05-13 10:00:00,21.4,958.8,8,-999,-999
2010-05-13 11:00:00,19.1,964.7,11,-999,-999
2010-05-13 12:00:00,18.7,973.4,7,-999,-999
2010-05-13 13:00:00,14.1,964.2,3,-999,-999
2010-05-13 14:00:00,13.1,962.5,9,-999,-999
2010-05-13 15:00:00,15.6,968.5,2,-999,-999
2010-05-13 16:00:00,14.9,969.1,6,-999,-999
2010-05-13 17:00:00,14.3,962.6,15,-999,-999
2010-05-13 18:00:00,13.7,964.5,14,-999,-999
2010-05-13 19:00:00,15.4,964.4,14,-999,-999
2010-05-13 20:00:00,14.3,964,1,-999,-999
2010-05-13 21:00:00,13,966.7,2,-999,-999
2010-05-13 22:00:00,17.6,965.4,4,-999,-999
2010-05-13 23:00:00,18.5,962.1,17,-999,-999
2010-05-14 00:00:00,17.2,962.2,10,-999,-999
2010-05-14 01:00:00,19.6,966.8,10,-999,-999
2010-05-14 02:00:00,19.9,964,5,-999,-999
2010-05-14 03:00:00,19.6,968,8,-999,-999
2010-05-14 04:00:00,20.7,962.7,15,-999,-999
2010-05-14 06:00:00,22.2,968.5,8,-999,-999
2010-05-14 07:00:00,22.3,968.6,9,-999,-999
2010-05-14 08:00:00,21.3,964.4,10,-999,-999
2010-05-14 09:00:00,20.3,966.1,6,-999,-999
2010-05-14 10:00:00,20.2,964.8,1,-999,-999
2010-05-14 11:00:00,19.4,970.8,0,-999,-999
2010-05-14 12:00:00,18.2,958.4,9,-999,-999
2010-05-14 13:00:00,16.4,968,8,-999,-999
2010-05-14 14:00:00,16.5,959.8,1,-999,-999
2010-05-14 15:00:00,18.1,969.1,10,-999,-999
2010-05-14 16:00:00,15,965.7,2,-999,-999
2010-05-14 17:00:00,14.2,966.7,7,-999,-999
2010-05-14 18:00:00,15.1,969.6,3,-999,-999
2010-05-14 19:00:00,13.1,966.3,7,-999,-999
2010-05-14 20:00:00,17.1,965.3,9,-999,-999
2010-05-14 21:00:00,14.9,965.9,5,-999,-999
2010-05-14 22:00:00,18.8,961.3,8,-999,-999
2010-05-14 23:00:00,16,971.5,7,-999,-999
2010-05-15 00:00:00,17.2,968.3,14,-999,-999
2010-05-15 01:00:00,19.4,965.1,3,-999,-999
2010-05-15 02:00:00,22,965,2,-999,-999
2010-05-15 03:00:00,21.7,962.1,2,-999,-999
2010-05-15 04:00:00,22.4,966.4,12,-999,-999
2010-05-15 05:00:00,21.4,966.9,14,-999,-999
2010-05-15 06:00:00,19.5,965.8,7,-999,-999
2010-05-15 07:00:00,20.4,965.9,10,-999,-999
2010-05-15 08:00:00,23.5,963.8,15,-999,-999
2010-05-15 09:00:00,19.4,964.6,2,-999,-999
2010-05-15 10:00:00,20.7,964.7,10,-999,-999
2010-05-15 11:00:00,16.8,961.4,15,-999,-999
2010-05-15 12:00:00,17.4,962.5,0,-999,-999
2010-05-15 13:00:00,22.2,963.5,8,-999,-999
2010-05-15 14:00:00,15.3,966.5,3,-999,-999
2010-05-15 15:00:00,16.6,973.2,5,-999,-999
2010-05-15 16:00:00,12.2,966.6,9,-999,-999
2010-05-15 17:00:00,13.9,961.6,1,-999,-999
2010-05-15 18:00:00,12.2,961.8,14,-999,-999
2010-05-15 19:00:00,12.1,967.7,7,-999,-999
2010-05-15 20:00:00,15.3,965,7,-999,-999
2010-05-15 21:00:00,17.4,960.3,8,-999,-999
2010-05-15 22:00:00,18.6,966.7,10,-999,-999
2010-05-15 23:00:00,16.4,968.4,15,-999,-999
2010-05-16 00:00:00,18,966,0,-999,-999
2010-05-16 01:00:00,19.9,962.8,5,-999,-999
2010-05-16 02:00:00,21.2,969,6,-999,-999
2010-05-16 03:00:00,22.9,966.7,7,-999,-999
2010-05-16 04:00:00,21.1,969.6,1,-999,-999
2010-05-16 05:00:00,21.3,962.4,5,-999,-999
2010-05-16 06:00:00,22.7,963.1,4,-999,-999
2010-05-16 07:00:00,24.1,963.5,15,-999,-999
2010-05-16 08:00:00,21.3,968.6,5,-999,-999
2010-05-16 09:00:00,20.9,964.6,1,-999,-999
2010-05-16 10:00:00,20,963.7,1,-999,-999
2010-05-16 11:00:00,21.3,963.5,8,-999,-999
2010-05-16 12:00:00,17.2,961.7,15,-999,-999
2010-05-16 13:00:00,18.4,964.9,1,-999,-999
2010-05-16 14:00:00,17.9,963.7,1,-999,-999
2010-05-16 15:00:00,16.2,961.1,3,-999,-999
2010-05-16 16:00:00,16.7,968.2,5,-999,-999
2010-05-16 17:00:00,14.7,966,8,-999,-999
2010-05-16 18:00:00,14.4,964.1,7,-999,-999
2010-05-16 19:00:00,14.5,963.5,3,-999,-999
2010-05-16 20:00:00,14.1,963.4,9,-999,-999
2010-05-16 21:00:00,17.5,964.8,6,-999,-999
2010-05-16 22:00:00,14,966.6,6,-999,-999
2010-05-16 23:00:00,15.8,962.1,16,-999,-999
2010-05-17 00:00:00,18.4,966.6,20,-999,-999
2010-05-17 01:00:00,18.4,965.9,14,-999,-999
2010-05-17 03:00:00,19.7,969.9,13,-999,-999
2010-05-17 04:00:00,22,962.7,2,-999,-999
2010-05-17 05:00:00,21.9,969.7,7,-999,-999
2010-05-17 06:00:00,24,964.5,5,-999,-999
2010-05-17 07:00:00,22,958.6,3,-999,-999
2010-05-17 08:00:00,21.6,968.7,11,-999,-999
2010-05-17 09:00:00,21.4,959.4,5,-999,-999
2010-05-17 10:00:00,19.8,964,3,-999,-999
2010-05-17 11:00:00,20.8,964.8,9,-999,-999
2010-05-17 12:00:00,17.5,965.3,3,-999,-999
2010-05-17 13:00:00,20.5,961,2,-999,-999
2010-05-17 15:00:00,16,965.7,15,-999,-999
2010-05-17 16:00:00,15.2,965.6,13,-999,-999
2010-05-17 17:00:00,14.2,960.9,2,-999,-999
2010-05-17 18:00:00,14.7,961.4,13,-999,-999
2010-05-17 19:00:00,13.5,967.2,16,-999,-999
2010-05-17 20:00:00,16.2,959.9,3,-999,-999
2010-05-17 21:00:00,16.1,962.5,4,-999,-999
2010-05-17 22:00:00,16,964.1,9,-999,-999
2010-05-17 23:00:00,18.1,966,8,-999,-999
2010-05-18 00:00:00,19,962.2,8,-999,-999
2010-05-18 01:00:00,17.5,958.4,7,-999,-999
2010-05-18 02:00:00,21,963,3,-999,-999
2010-05-18 03:00:00,21.8,958.7,5,-999,-999
2010-05-18 04:00:00,21.9,959.7,3,-999,-999
2010-05-18 05:00:00,21.4,965.6,13,-999,-999
2010-05-18 06:00:00,20.6,963.7,6,-999,-999
2010-05-18 07:00:00,25.3,964.2,5,-999,-999
2010-05-18 08:00:00,22.6,962.5,9,-999,-999
2010-05-18 09:00:00,22.6,960.2,3,-999,-999
2010-05-18 10:00:00,22,964,3,-999,-999
2010-05-18 11:00:00,18.7,968,5,-999,-999
2010-05-18 12:00:00,19.7,968,6,-999,-999
2010-05-18 13:00:00,17.6,968,8,-999,-999
2010-05-18 14:00:00,14.7,964.3,11,-999,-999
2010-05-18 15:00:00,14.5,967.6,11,-999,-999
2010-05-18 17:00:00,14.1,965.3,9,-999,-999
2010-05-18 18:00:00,15.5,963.7,6,-999,-999
2010-05-18 19:00:00,12.9,961.2,4,-999,-999
2010-05-18 20:00:00,14.8,967.8,8,-999,-999
2010-05-18 21:00:00,18.7,967,8,-999,-999
2010-05-18 22:00:00,18.4,967.5,19,-999,-999
2010-05-18 23:00:00,19,965,4,-999,-999
2010-05-19 00:00:00,20.6,964.2,5,-999,-999
2010-05-19 01:00:00,18,960.5,20,-999,-999
2010-05-19 02:00:00,20.5,959.7,11,-999,-999
2010-05-19 03:00:00,21.5,965.4,5,-999,-999
2010-05-19 04:00:00,21,960.1,3,-999,-999
2010-05-19 05:00:00,21.2,963.2,13,-999,-999
2010-05-19 06:00:00,24,964,1,-999,-999
2010-05-19 07:00:00,23.1,965.1,8,-999,-999
2010-05-19 08:00:00,24.2,965.7,1,-999,-999
2010-05-19 09:00:00,21.1,961.8,6,-999,-999
2010-05-19 10:00:00,22.2,964.4,5,-999,-999
2010-05-19 11:00:00,21,962.8,11,-999,-999
2010-05-19 12:00:00,18,965.3,2,-999,-999
2010-05-19 13:00:00,18.4,961.7,9,-999,-999
2010-05-19 14:00:00,15,967.5,12,-999,-999
2010-05-19 15:00:00,17,959.6,13,-999,-999
2010-05-19 16:00:00,16.4,962.2,15,-999,-999
2010-05-19 18:00:00,16.1,961.6,14,-999,-999
2010-05-19 19:00:00,11.7,961.2,9,-999,-999
2010-05-19 20:00:00,14.8,965.5,10,-999,-999
2010-05-19 21:00:00,16.5,962.4,3,-999,-999
2010-05-19 22:00:00,16.4,964.4,0,-999,-999
2010-05-19 23:00:00,17.8,965.9,6,-999,-999
2010-05-20 00:00:00,19.6,962.8,10,-999,-999
2010-05-20 01:00:00,19.1,965.4,8,-999,-999
2010-05-20 02:00:00,19.8,962.5,7,-999,-999
2010-05-20 03:00:00,22.1,964.8,8,-999,-999
2010-05-20 04:00:00,23.3,962.3,1,-999,-999
2010-05-20 05:00:00,23.8,963.5,5,-999,-999
2010-05-20 06:00:00,22.4,961.8,13,-999,-999
2010-05-20 07:00:00,21.5,968.4,13,-999,-999
2010-05-20 08:00:00,20.6,960.8,9,-999,-999
2010-05-20 09:00:00,20.7,958,4,-999,-999
2010-05-20 10:00:00,22,970.6,17,-999,-999
2010-05-20 11:00:00,20.8,958.3,14,-999,-999
2010-05-20 12:00:00,20.4,959.8,8,-999,-999
2010-05-20 13:00:00,18.8,961.2,17,-999,-999
2010-05-20 14:00:00,16.7,962.9,10,-999,-999
2010-05-20 15:00:00,17.1,966,5,-999,-999
2010-05-20 16:00:00,16,962.5,5,-999,-999
2010-05-20 17:00:00,15.8,960.2,8,-999,-999
2010-05-20 18:00:00,14,963,2,-999,-999
2010-05-20 19:00:00,15.9,961.1,12,-999,-999
2010-05-20 20:00:00,13.4,961,2,-999,-999
2010-05-20 21:00:00,16.7,961.1,9,-999,-999
2010-05-20 22:00:00,18,963.6,0,-999,-999
2010-05-20 23:00:00,17.8,969.4,12,-999,-999
2010-05-21 00:00:00,19.9,957.3,8,-999,-999
2010-05-21 01:00:00,19.6,967.9,3,-999,-999
2010-05-21 02:00:00,20.5,967.1,5,-999,-999
2010-05-21 03:00:00,21.2,961.1,14,-999,-999
2010-05-21 04:00:00,22.2,964,15,-999,-999
2010-05-21 05:00:00,22.1,960.8,15,-999,-999
2010-05-21 06:00:00,24.7,965.4,0,-999,-999
2010-05-21 07:00:00,20.4,961.5,9,-999,-999
2010-05-21 08:00:00,22.8,960.9,5,-999,-999
2010-05-21 09:00:00,22.2,962.6,6,-999,-999
2010-05-21 10:00:00,22.1,956.6,7,-999,-999
2010-05-21 11:00:00,21.5,970.2,7,-999,-999
2010-05-21 12:00:00,20.4,965.1,0,-999,-999
2010-05-21 13:00:00,17.7,966.3,15,-999,-999
2010-05-21 14:00:00,18.8,963,9,-999,-999
2010-05-21 15:00:00,15,966.9,11,-999,-999
2010-05-21 16:00:00,14.8,964.6,10,-999,-999
2010-05-21 17:00:00,15.3,959.4,11,-999,-999
2010-05-21 18:00:00,14.8,963,6,-999,-999
2010-05-21 19:00:00,15.2,964.5,3,-999,-999
2010-05-21 20:00:00,15,966.1,8,-999,-999
2010-05-21 21:00:00,16.7,960.2,4,-999,-999
2010-05-21 22:00:00,19.1,969.1,14,-999,-999
2010-05-21 23:00:00,17.9,959.8,6,-999,-999
2010-05-22 00:00:00,19,959.3,6,-999,-999
2010-05-22 01:00:00,20,966.8,0,-999,-999
2010-05-22 02:00:00,22.8,964.8,6,-999,-999
2010-05-22 04:00:00,22.7,964.7,3,-999,-999
2010-05-22 06:00:00,26.5,962.4,9,-999,-999
2010-05-22 07:00:00,23.9,963.8,2,-999,-999
2010-05-22 08:00:00,21.7,966.9,1,-999,-999
2010-05-22 09:00:00,17.8,961.1,2,-999,-999
2010-05-22 10:00:00,20.5,962,5,-999,-999
2010-05-22 11:00:00,21.5,962.2,1,-999,-999
2010-05-22 12:00:00,22.4,968.2,14,-999,-999
2010-05-22 13:00:00,16.9,963.6,4,-999,-999
2010-05-22 14:00:00,17.9,960.3,4,-999,-999
2010-05-22 16:00:00,14.4,963.8,0,-999,-999
2010-05-22 17:00:00,13.2,962.8,2,-999,-999
2010-05-22 18:00:00,17.2,960.2,15,-999,-999
2010-05-22 19:00:00,16.4,961.8,1,-999,-999
2010-05-22 20:00:00,14.7,963,2,-999,-999
2010-05-22 21:00:00,13.1,962.9,11,-999,-999
2010-05-22 22:00:00,18.2,965.8,5,-999,-999
2010-05-22 23:00:00,14.8,967,9,-999,-999
2010-05-23 00:00:00,18.1,965.6,3,-999,-999
2010-05-23 01:00:00,17.6,963.2,2,-999,-999
2010-05-23 02:00:00,19.4,963.5,4,-999,-999
2010-05-23 03:00:00,21.2,958.8,4,-999,-999
2010-05-23 04:00:00,23,961,6,-999,-999
2010-05-23 05:00:00,25.2,958.5,5,-999,-999
2010-05-23 06:00:00,24.4,963.4,5,-999,-999
2010-05-23 07:00:00,23,963.7,0,-999,-999
2010-05-23 08:00:00,24.1,964.1,7,-999,-999
2010-05-23 09:00:00,18,959.2,7,-999,-999
2010-05-23 10:00:00,21.1,962.2,4,-999,-999
2010-05-23 11:00:00,21.5,964.4,5,-999,-999
2010-05-23 13:00:00,18.1,961.3,4,-999,-999
2010-05-23 14:00:00,16.3,960.9,3,-999,-999
2010-05-23 15:00:00,14.6,962.4,2,-999,-999
2010-05-23 16:00:00,13.4,965.5,7,-999,-999
2010-05-23 17:00:00,15.7,966.6,5,-999,-999
2010-05-23 18:00:00,16.8,963.7,9,-999,-999
2010-05-23 19:00:00,14.8,963.5,1,-999,-999
2010-05-23 20:00:00,16.1,964.7,2,-999,-999
2010-05-23 21:00:00,13.9,966.4,0,-999,-999
2010-05-23 22:00:00,15.6,958,6,-999,-999
2010-05-23 23:00:00,18.5,956.5,5,-999,-999
2010-05-24 00:00:00,17.3,965.7,3,-999,-999
2010-05-24 01:00:00,21.4,964.7,9,-999,-999
2010-05-24 02:00:00,20.4,962.4,1,-999,-999
2010-05-24 03:00:00,24.2,961.4,4,-999,-999
2010-05-24 04:00:00,21.5,962.8,17,-999,-999
2010-05-24 05:00:00,23.1,956.4,10,-999,-999
2010-05-24 06:00:00,21.6,958.5,3,-999,-999
2010-05-24 07:00:00,23.6,964.5,13,-999,-999
2010-05-24 08:00:00,21.7,957.8,11,-999,-999
2010-05-24 09:00:00,23.6,961.9,6,-999,-999
2010-05-24 10:00:00,22,961.1,11,-999,-999
2010-05-24 11:00:00,22.2,963,13,-999,-999
2010-05-24 12:00:00,20.2,961.1,5,-999,-999
2010-05-24 13:00:00,18.1,962.3,4,-999,-999
2010-05-24 14:00:00,17.6,965,8,-999,-999
2010-05-24 15:00:00,18.2,965,13,-999,-999
2010-05-24 16:00:00,13.6,963.6,5,-999,-999
2010-05-24 17:00:00,17.6,958.9,6,-999,-999
2010-05-24 18:00:00,13.5,961.8,13,-999,-999
2010-05-24 19:00:00,16.7,959.3,5,-999,-999
2010-05-24 20:00:00,16.3,962,15,-999,-999
2010-05-24 21:00:00,19.6,967.9,13,-999,-999
2010-05-24 22:00:00,17,963.1,11,-999,-999
2010-05-24 23:00:00,18.8,966,2,-999,-999
2010-05-25 00:00:00,21.6,964.1,10,-999,-999
2010-05-25 01:00:00,21.5,960.5,3,-999,-999
2010-05-25 02:00:00,23,961,3,-999,-999
2010-05-25 03:00:00,22.6,962,10,-999,-999
2010-05-25 04:00:00,23.8,960.5,2,-999,-999
2010-05-25 05:00:00,21.3,964.8,9,-999,-999
2010-05-25 06:00:00,21,963,11,-999,-999
2010-05-25 07:00:00,23.5,962.5,10,-999,-999
2010-05-25 08:00:00,22.8,960.4,1,-999,-999
2010-05-25 09:00:00,20.7,962.8,5,-999,-999
2010-05-25 10:00:00,20.4,965.8,9,-999,-999
2010-05-25 11:00:00,19.2,959.7,4,-999,-999
2010-05-25 12:00:00,16.3,960.2,0,-999,-999
2010-05-25 13:00:00,18.3,960.2,13,-999,-999
2010-05-25 14:00:00,16.5,958.2,10,-999,-999
2010-05-25 15:00:00,14,960.7,3,-999,-999
2010-05-25 16:00:00,17.1,964.6,3,-999,-999
2010-05-25 17:00:00,14,956.7,13,-999,-999
2010-05-25 18:00:00,13.5,959.2,8,-999,-999
2010-05-25 19:00:00,15.4,960.6,12,-999,-999
2010-05-25 20:00:00,15.3,957.4,10,-999,-999
2010-05-25 21:00:00,15.4,960.1,8,-999,-999
2010-05-25 22:00:00,16.7,965.6,3,-999,-999
2010-05-25 23:00:00,17.1,958.4,5,-999,-999
2010-05-26 00:00:00,18.9,960.7,3,-999,-999
2010-05-26 01:00:00,18.7,957.5,6,-999,-999
2010-05-26 02:00:00,23.5,965.9,5,-999,-999
2010-05-26 03:00:00,21.4,965.6,6,-999,-999
2010-05-26 04:00:00,26.1,961.8,2,-999,-999
2010-05-26 05:00:00,23.6,964.2,7,-999,-999
2010-05-26 06:00:00,26.1,960.5,11,-999,-999
2010-05-26 07:00:00,22.8,964,4,-999,-999
2010-05-26 08:00:00,23.4,960.8,7,-999,-999
2010-05-26 10:00:00,21.3,964.7,5,-999,-999
2010-05-26 11:00:00,24.8,961.9,8,-999,-999
2010-05-26 12:00:00,17,964.3,9,-999,-999
2010-05-26 13:00:00,18.4,964.6,5,-999,-999
2010-05-26 14:00:00,19.2,968.1,3,-999,-999
2010-05-26 15:00:00,13.8,958.1,1,-999,-999
2010-05-26 16:00:00,12,963.3,7,-999,-999
2010-05-26 17:00:00,18.7,961.1,1,-999,-999
2010-05-26 18:00:00,14.6,959.5,1,-999,-999
2010-05-26 19:00:00,15.6,964.2,7,-999,-999
2010-05-26 20:00:00,13.5,961.1,8,125,42
2010-05-26 21:00:00,18.3,961.7,2,114,34
2010-05-26 22:00:00,18.1,961.9,10,176,32
2010-05-26 23:00:00,19.5,956,6,231,39
2010-05-27 00:00:00,20.7,960.2,4,178,34
2010-05-27 01:00:00,20.9,958.9,5,261,47
2010-05-27 02:00:00,20,956,8,237,38
2010-05-27 03:00:00,22.9,957.3,6,282,42
2010-05-27 04:00:00,23.1,962.9,7,294,44
2010-05-27 05:00:00,21.4,962.6,7,218,46
2010-05-27 06:00:00,25.1,957,0,244,50
2010-05-27 07:00:00,25.4,966.9,20,285,40
2010-05-27 08:00:00,25.1,957.4,4,213,47
2010-05-27 09:00:00,22.5,963.6,4,224,36
2010-05-27 10:00:00,19,962.1,2,227,35
2010-05-27 11:00:00,18.4,964.9,0,168,53
2010-05-27 12:00:00,19.9,964.1,12,161,37
2010-05-27 13:00:00,20.1,961.1,8,160,40
2010-05-27 14:00:00,19.2,959.6,1,126,33
2010-05-27 15:00:00,17.5,959.6,4,71,52
2010-05-27 16:00:00,14.5,962.2,2,34,45
2010-05-27 17:00:00,15.3,959.1,1,90,41
2010-05-27 18:00:00,15.2,958.7,2,118,37
2010-05-27 19:00:00,14.3,959.5,8,109,48
2010-05-27 20:00:00,15.4,959.5,5,156,27
2010-05-27 21:00:00,16.5,960.2,9,145,48
2010-05-27 22:00:00,17.9,960.1,3,138,44
2010-05-27 23:00:00,16.6,961.9,5,199,26
2010-05-28 00:00:00,20.3,962.4,0,229,37
2010-05-28 01:00:00,19.9,964,5,228,43
2010-05-28 02:00:00,19.9,961,1,232,31
2010-05-28 03:00:00,22,961.9,7,233,39
2010-05-28 04:00:00,22.5,963.3,11,239,44
2010-05-28 05:00:00,24.4,959.6,7,254,56
2010-05-28 06:00:00,23.8,956.3,0,296,32
2010-05-28 07:00:00,24.9,961.3,8,229,46
2010-05-28 08:00:00,19.8,963.5,2,244,40
2010-05-28 09:00:00,22,963.3,5,229,45
2010-05-28 10:00:00,22.1,958.7,3,212,50
2010-05-28 11:00:00,23.5,957.9,12,205,46
2010-05-28 12:00:00,20.1,952.8,3,150,57
2010-05-28 13:00:00,20.3,963.3,8,139,36
2010-05-28 14:00:00,17.8,964.1,5,156,60
2010-05-28 15:00:00,18.3,959.3,15,148,28
2010-05-28 16:00:00,14.7,960.8,4,158,29
2010-05-28 17:00:00,17.1,966.6,11,103,32
2010-05-28 18:00:00,14,964.5,4,104,45
2010-05-28 19:00:00,16.4,960.7,2,94,39
2010-05-28 20:00:00,18.4,961.7,3,112,35
2010-05-28 21:00:00,15.4,964.5,5,79,47
2010-05-28 22:00:00,18.6,966,7,164,33
2010-05-28 23:00:00,18,958.3,3,183,44
2010-05-29 00:00:00,18.4,961.8,14,216,57
2010-05-29 01:00:00,20.9,962.5,1,165,47
2010-05-29 02:00:00,24.5,962.3,5,267,40
2010-05-29 03:00:00,24.5,962,9,241,34
2010-05-29 04:00:00,24.3,960.5,12,271,32
2010-05-29 05:00:00,23.4,960.4,6,329,30
2010-05-29 06:00:00,23.8,958.1,6,259,30
2010-05-29 07:00:00,24.8,962.7,7,279,38
2010-05-29 08:00:00,23.4,961.9,2,204,27
2010-05-29 09:00:00,23.3,962.4,3,230,39
2010-05-29 10:00:00,20.8,959.3,8,188,35
2010-05-29 11:00:00,23.1,962.1,6,227,37
2010-05-29 12:00:00,18.6,961.7,10,142,42
2010-05-29 13:00:00,21,963.4,3,120,38
2010-05-29 14:00:00,19.8,960.2,7,97,42
2010-05-29 15:00:00,15.9,959.4,7,82,43
2010-05-29 17:00:00,15.5,956.1,1,107,51
2010-05-29 18:00:00,16.6,960.6,5,81,35
2010-05-29 19:00:00,15.1,963.9,0,161,41
2010-05-29 20:00:00,16.5,958.8,1,93,46
2010-05-29 21:00:00,18.3,962.6,10,108,45
2010-05-29 22:00:00,19.2,963.3,4,170,41
2010-05-29 23:00:00,18.1,962.2,7,200,46
2010-05-30 00:00:00,18.5,964.1,4,186,33
2010-05-30 01:00:00,22.5,959.9,2,283,53
2010-05-30 02:00:00,22.6,961.5,6,257,33
2010-05-30 03:00:00,20.7,960,2,237,41
2010-05-30 04:00:00,23.6,956.1,11,257,44
2010-05-30 05:00:00,25.7,959.1,10,270,51
2010-05-30 06:00:00,23.9,959.6,3,292,26
2010-05-30 07:00:00,25.3,955.7,9,238,33
2010-05-30 08:00:00,19.9,962.8,16,224,43
2010-05-30 09:00:00,22.4,958.3,1,234,52
2010-05-30 10:00:00,24.3,955.4,1,166,33
2010-05-30 11:00:00,21,957.2,4,144,41
2010-05-30 12:00:00,19.6,965.9,4,170,41
2010-05-30 13:00:00,18.1,962.5,11,142,45
2010-05-30 14:00:00,19.7,961.8,14,133,32
2010-05-30 15:00:00,16.2,962.3,20,130,41
2010-05-30 16:00:00,17.1,962.3,7,67,43
2010-05-30 17:00:00,16.8,963.5,1,98,50
2010-05-30 18:00:00,13.9,960.3,8,86,28
2010-05-30 19:00:00,15.8,961.5,7,124,43
2010-05-30 20:00:00,15.4,955.1,4,55,48
2010-05-30 21:00:00,18.4,961.4,1,136,26
2010-05-30 22:00:00,17.3,962.5,6,134,40
2010-05-30 23:00:00,20,961.9,13,171,57
2010-05-31 00:00:00,18.9,963,3,230,27
2010-05-31 01:00:00,20.4,963.7,4,156,42
2010-05-31 02:00:00,22.5,957.7,2,281,43
2010-05-31 03:00:00,24.5,962.5,7,247,47
2010-05-31 04:00:00,22.2,963.9,7,199,46
2010-05-31 05:00:00,24.2,959.6,4,266,43
2010-05-31 06:00:00,26.8,958.9,6,309,40
2010-05-31 07:00:00,22.7,959.6,6,218,45
2010-05-31 08:00:00,25.9,966.8,8,240,46
2010-05-31 09:00:00,23.1,961.5,5,193,47
2010-05-31 10:00:00,23,958.2,6,182,46
2010-05-31 11:00:00,21.8,962.2,12,148,40
2010-05-31 12:00:00,20.2,963.9,1,154,43
2010-05-31 13:00:00,18.1,958.1,1,122,46
2010-05-31 14:00:00,17.4,967.1,12,119,45
2010-05-31 15:00:00,16.3,965.7,6,99,29
2010-05-31 16:00:00,18.2,961.3,4,84,30
2010-05-31 17:00:00,14.2,960,9,58,44
2010-05-31 18:00:00,15.2,961.6,4,97,31
2010-05-31 19:00:00,16.9,963.2,7,102,34
2010-05-31 20:00:00,16.4,966.4,9,148,30
2010-05-31 21:00:00,17.1,958.7,1,158,39
2010-05-31 22:00:00,20.4,958,1,158,32
2010-05-31 23:00:00,21.2,959.7,8,195,33
2010-06-01 00:00:00,19.8,958.9,11,231,40
2010-06-01 01:00:00,21.6,963.1,4,209,36
2010-06-01 02:00:00,21.7,964.5,8,188,47
2010-06-01 04:00:00,22,955.8,14,275,24
2010-06-01 05:00:00,23.5,964,2,272,40
2010-06-01 06:00:00,24.9,960.3,12,271,29
2010-06-01 07:00:00,24.7,960.9,9,237,44
2010-06-01 08:00:00,24.1,958.9,11,240,41
2010-06-01 09:00:00,22,961.5,4,246,43
2010-06-01 10:00:00,24,964.1,6,172,34
2010-06-01 12:00:00,18,962.9,9,207,49
2010-06-01 13:00:00,21.7,953.5,7,183,37
2010-06-01 14:00:00,18.7,963.3,12,102,56
2010-06-01 15:00:00,15.5,962.5,4,111,41
2010-06-01 16:00:00,16.3,958.5,7,104,37
2010-06-01 17:00:00,18.5,962.8,4,103,47
2010-06-01 18:00:00,16.2,959.3,2,96,39
2010-06-01 19:00:00,16.2,957.1,0,65,43
2010-06-01 20:00:00,16.6,967.9,10,89,52
2010-06-01 21:00:00,19.6,963.4,1,132,45
2010-06-01 22:00:00,17.9,959.4,5,176,42
2010-06-01 23:00:00,19.5,963.5,11,137,45
2010-06-02 00:00:00,20.6,959.3,5,252,32
2010-06-02 01:00:00,22.4,960,11,260,42
2010-06-02 02:00:00,22.7,963.8,12,284,50
2010-06-02 03:00:00,23.7,958.9,0,239,34
2010-06-02 04:00:00,24.1,960.1,12,284,34
2010-06-02 05:00:00,22.5,957.5,4,246,40
2010-06-02 06:00:00,24.2,963.1,0,235,38
2010-06-02 07:00:00,25.8,963.5,11,246,38
2010-06-02 09:00:00,25.5,957.8,7,198,43
2010-06-02 10:00:00,20.8,961,2,163,42
2010-06-02 11:00:00,21.8,961.2,3,205,48
2010-06-02 12:00:00,18.5,959.5,5,207,43
2010-06-02 13:00:00,22.1,961.8,16,98,38
2010-06-02 14:00:00,20.3,959.2,11,153,36
2010-06-02 15:00:00,16.4,961.6,4,63,45
2010-06-02 16:00:00,16.9,956.2,3,90,53
2010-06-02 17:00:00,15.5,960.4,3,87,29
2010-06-02 18:00:00,15.4,960.8,5,104,39
2010-06-02 19:00:00,20.1,959,1,137,26
2010-06-02 20:00:00,16.3,956.3,0,6,40
2010-06-02 21:00:00,16.1,961.1,6,161,27
2010-06-02 22:00:00,18.9,959.8,8,109,27
2010-06-02 23:00:00,20.3,959.9,17,170,43
2010-06-03 00:00:00,20.9,958.3,5,239,43
2010-06-03 01:00:00,20.1,961,3,258,38
2010-06-03 02:00:00,21.6,958.4,4,260,47
2010-06-03 03:00:00,24.2,958,3,287,46
2010-06-03 04:00:00,23.8,962.7,3,258,28
2010-06-03 05:00:00,24.2,960.4,7,241,45
2010-06-03 06:00:00,26.6,958.1,4,300,35
2010-06-03 08:00:00,24.5,961.8,6,218,38
2010-06-03 09:00:00,22.1,953.3,14,239,40
2010-06-03 10:00:00,22.7,960.3,9,206,38
2010-06-03 11:00:00,20.6,963.8,6,177,36
2010-06-03 12:00:00,19.9,958.7,4,114,35
2010-06-03 13:00:00,21.2,959.8,0,91,38
2010-06-03 14:00:00,20.6,960.9,8,102,38
2010-06-03 16:00:00,18.7,960,3,39,41
2010-06-03 17:00:00,17.7,957.9,1,85,48
2010-06-03 18:00:00,16.8,965.9,6,97,21
2010-06-03 19:00:00,15.7,957.4,15,69,43
2010-06-03 20:00:00,15.6,965.7,4,73,39
2010-06-03 21:00:00,19.7,959.9,9,110,40
2010-06-03 22:00:00,18.4,969.9,10,129,32
2010-06-03 23:00:00,15.7,961.1,8,222,27
2010-06-04 00:00:00,22,963.5,10,231,37
2010-06-04 01:00:00,22.4,962.7,7,227,36
2010-06-04 02:00:00,22.1,961.5,3,209,37
2010-06-04 03:00:00,24,960.5,14,185,44
2010-06-04 04:00:00,24.7,953.7,3,267,48
2010-06-04 05:00:00,23.9,961.8,0,330,48
2010-06-04 06:00:00,27.7,957.8,11,238,54
2010-06-04 07:00:00,25.2,959.7,3,246,36
2010-06-04 08:00:00,23,958.5,3,283,47
2010-06-04 09:00:00,22.8,959.5,6,253,42
2010-06-04 10:00:00,24.7,957.6,5,173,37
2010-06-04 11:00:00,20,960.1,16,217,30
2010-06-04 12:00:00,19.8,957.8,12,203,51
2010-06-04 13:00:00,19,960.7,4,181,58
2010-06-04 14:00:00,15.9,963.6,5,110,36
2010-06-04 15:00:00,14.9,962.5,1,144,47
2010-06-04 16:00:00,16.1,964.3,17,63,30
2010-06-04 17:00:00,15.5,958.1,6,38,40
2010-06-04 18:00:00,16.4,958.7,6,34,37
2010-06-04 19:00:00,17,957.3,9,116,44
2010-06-04 20:00:00,14.3,961.5,11,116,39
2010-06-04 21:00:00,18.8,965.4,7,112,40
2010-06-04 22:00:00,18.9,960.7,6,181,25
2010-06-04 23:00:00,17.8,959.3,9,177,50
2010-06-05 00:00:00,21.1,954.5,12,174,38
2010-06-05 01:00:00,20.2,952.6,8,261,45
2010-06-05 02:00:00,20.9,958.2,7,232,35
2010-06-05 03:00:00,22.9,952.8,4,239,38
2010-06-05 04:00:00,23,965,6,310,30
2010-06-05 05:00:00,22.7,956.9,16,271,47
2010-06-05 06:00:00,24,955.8,1,275,41
2010-06-05 07:00:00,25.8,958.6,9,267,41
2010-06-05 08:00:00,22.8,960.7,2,224,51
2010-06-05 09:00:00,24.8,954.3,4,223,45
2010-06-05 10:00:00,21.9,959.6,6,178,30
2010-06-05 11:00:00,19.5,961.5,11,218,40
2010-06-05 12:00:00,23.1,955.3,4,180,50
2010-06-05 13:00:00,20.6,960,3,185,30
2010-06-05 14:00:00,21,955.5,4,143,44
2010-06-05 15:00:00,18,962.5,9,122,46
2010-06-05 16:00:00,19,956.9,2,122,34
2010-06-05 17:00:00,15.8,958.4,0,77,41
2010-06-05 18:00:00,18.2,957.3,7,38,47
2010-06-05 19:00:00,19.8,954.1,13,75,46
2010-06-05 20:00:00,16.9,965.5,5,97,57
2010-06-05 21:00:00,17.1,960.7,1,158,34
2010-06-05 22:00:00,19.2,963,6,164,49
2010-06-05 23:00:00,20.6,961.4,10,239,40
2010-06-06 00:00:00,19.9,955.2,9,204,33
2010-06-06 01:00:00,22.5,964.4,4,167,45
2010-06-06 02:00:00,23.4,957.8,5,251,20
2010-06-06 03:00:00,25.2,960.5,2,282,26
2010-06-06 04:00:00,24.3,959.6,5,315,39
2010-06-06 05:00:00,24.9,960.2,10,272,42
2010-06-06 06:00:00,23.1,954.6,7,306,52
2010-06-06 07:00:00,25.7,952.9,0,311,36
2010-06-06 08:00:00,26.2,957.2,3,176,38
2010-06-06 09:00:00,24.6,963.1,8,253,49
2010-06-06 10:00:00,24.6,955,3,206,44
2010-06-06 11:00:00,21.9,958.1,4,219,46
2010-06-06 12:00:00,22.3,955.9,11,161,26
2010-06-06 13:00:00,20.5,956.1,4,191,48
2010-06-06 14:00:00,20.1,957.8,7,78,45
2010-06-06 15:00:00,17,958.3,4,120,33
2010-06-06 16:00:00,20.2,958.2,7,75,37
2010-06-06 17:00:00,18.5,961.3,15,35,50
2010-06-06 18:00:00,15.9,958,3,48,37
2010-06-06 19:00:00,16.9,963.1,3,110,35
2010-06-06 20:00:00,20.3,961.2,2,128,41
2010-06-06 21:00:00,15.8,960.8,8,112,33
2010-06-06 22:00:00,19,958.9,4,136,30
2010-06-06 23:00:00,18.7,959,8,180,29
2010-06-07 00:00:00,23,958.7,0,148,51
2010-06-07 01:00:00,21.1,955.7,7,241,43
2010-06-07 02:00:00,22.6,960.4,6,248,41
2010-06-07 03:00:00,24.1,956.7,3,242,33
2010-06-07 04:00:00,24.8,957.2,4,214,43
2010-06-07 05:00:00,23.4,956.7,7,259,37
2010-06-07 06:00:00,22.4,959.1,0,259,43
2010-06-07 07:00:00,26.7,953.3,12,248,37
2010-06-07 08:00:00,22.2,958.8,1,289,48
2010-06-07 09:00:00,23.8,957.6,1,199,37
2010-06-07 10:00:00,26.5,962.7,11,182,49
2010-06-07 11:00:00,22.1,957.9,6,146,45
2010-06-07 12:00:00,20.6,958.6,4,138,32
2010-06-07 13:00:00,15.8,958.9,5,108,43
2010-06-07 14:00:00,18,957.2,3,76,42
2010-06-07 15:00:00,20.5,962.2,10,85,42
2010-06-07 16:00:00,19.5,959.5,2,123,24
2010-06-07 17:00:00,20.9,956.9,4,136,35
2010-06-07 18:00:00,16.1,956.6,4,117,43
2010-06-07 19:00:00,19.4,959.1,1,124,53
2010-06-07 20:00:00,14.7,959.6,2,110,42
2010-06-07 21:00:00,16.7,961.4,2,133,40
2010-06-07 22:00:00,15.8,960.2,6,155,42
2010-06-07 23:00:00,19.4,956.4,13,199,41
2010-06-08 00:00:00,18.6,958.6,3,196,38
2010-06-08 01:00:00,21.8,959.4,10,227,35
2010-06-08 02:00:00,25.7,962.7,4,232,31
2010-06-08 03:00:00,22.4,960,1,254,47
2010-06-08 04:00:00,26.9,955.8,8,270,43
2010-06-08 05:00:00,24.5,955.7,4,314,36
2010-06-08 06:00:00,24.5,954.1,4,246,38
2010-06-08 07:00:00,25.5,961.6,3,213,44
2010-06-08 08:00:00,24.9,958.9,6,264,25
2010-06-08 09:00:00,24.6,959.7,7,236,45
2010-06-08 10:00:00,22,966.6,2,221,35
2010-06-08 11:00:00,21.3,960.2,9,110,39
2010-06-08 12:00:00,24.1,954.9,3,182,43
2010-06-08 13:00:00,21.1,962.2,3,102,36
2010-06-08 14:00:00,20.2,959,3,104,25
2010-06-08 15:00:00,18.5,961.6,11,64,32
2010-06-08 16:00:00,18.7,961.3,1,74,29
2010-06-08 18:00:00,16.7,951.2,0,120,42
2010-06-08 19:00:00,15.3,958.6,5,141,50
2010-06-08 20:00:00,16.8,962.3,0,95,29
2010-06-08 21:00:00,19.5,958.7,7,110,36
2010-06-08 23:00:00,18.4,955.3,2,171,48
2010-06-09 00:00:00,22.4,958.7,9,143,48
2010-06-09 01:00:00,22.6,957.2,8,228,27
2010-06-09 02:00:00,24.5,959.3,18,193,55
2010-06-09 03:00:00,25.8,954,9,253,40
2010-06-09 04:00:00,24.6,958.6,6,264,38
2010-06-09 05:00:00,26.9,961.6,4,246,32
2010-06-09 06:00:00,22.9,958.6,1,321,49
2010-06-09 07:00:00,25.1,953.4,0,244,24
2010-06-09 08:00:00,26.9,960.8,2,267,34
2010-06-09 09:00:00,26.2,951,8,224,40
2010-06-09 10:00:00,22.7,960.6,11,235,52
2010-06-09 11:00:00,21.3,955.7,6,222,55
2010-06-09 12:00:00,21.5,956.2,3,170,30
2010-06-09 13:00:00,18.5,955.5,4,136,38
2010-06-09 14:00:00,19.6,956.3,0,114,48
2010-06-09 15:00:00,18.6,957.7,6,91,42
2010-06-09 17:00:00,19.7,958.5,3,54,43
2010-06-09 18:00:00,16.8,959.1,2,96,49
2010-06-09 19:00:00,15.1,955.2,2,124,45
2010-06-09 20:00:00,18.8,956.8,5,101,31
2010-06-09 21:00:00,16.9,963.3,4,119,40
2010-06-09 22:00:00,20.1,966.8,9,106,34
2010-06-09 23:00:00,22.7,958.5,4,195,46
2010-06-10 00:00:00,24.8,953.5,3,238,43
2010-06-10 01:00:00,22.8,959.1,0,202,36
2010-06-10 02:00:00,25.2,961.1,0,246,30
2010-06-10 03:00:00,24,956.7,13,255,61
2010-06-10 04:00:00,24,959.4,5,311,54
2010-06-10 05:00:00,24.7,958.7,10,257,47
2010-06-10 06:00:00,23.6,957.4,5,227,30
2010-06-10 07:00:00,23.8,958,5,219,38
2010-06-10 08:00:00,26.2,961.8,11,241,39
2010-06-10 09:00:00,23.8,955.6,7,202,47
2010-06-10 10:00:00,26.7,958.2,5,273,30
2010-06-10 11:00:00,20.4,959.2,6,226,42
2010-06-10 12:00:00,19.6,958.2,10,120,38
2010-06-10 13:00:00,21.5,955.8,4,160,39
2010-06-10 14:00:00,17.7,959.5,3,103,32
2010-06-10 15:00:00,20.2,955.1,10,89,28
2010-06-10 16:00:00,18.4,960.1,0,80,28
2010-06-10 17:00:00,17.9,957.5,6,90,42
2010-06-10 18:00:00,14.6,960.1,2,71,55
2010-06-10 19:00:00,16.9,959.8,1,128,38
2010-06-10 20:00:00,17.3,957.4,2,147,37
2010-06-10 21:00:00,20.3,960,3,104,44
2010-06-10 22:00:00,20.1,961.2,2,169,42
2010-06-10 23:00:00,19.4,958,4,225,45
2010-06-11 01:00:00,22.7,959.5,2,290,37
2010-06-11 02:00:00,24.6,961.6,5,299,37
2010-06-11 03:00:00,22.7,958.4,5,222,39
2010-06-11 04:00:00,25.8,956.3,10,268,28
2010-06-11 05:00:00,26.1,959.5,3,263,36
2010-06-11 06:00:00,26.7,957,1,290,30
2010-06-11 07:00:00,25.6,958.5,5,211,37
2010-06-11 08:00:00,25.5,955.8,2,233,32
2010-06-11 09:00:00,22.7,954.6,4,245,48
2010-06-11 10:00:00,19.8,952.7,0,137,53
2010-06-11 11:00:00,23.2,956.8,2,215,40
2010-06-11 12:00:00,20.4,958.1,3,197,48
2010-06-11 13:00:00,21.6,956.5,1,106,52
2010-06-11 14:00:00,18.4,953.1,13,80,33
2010-06-11 15:00:00,18,957.1,10,57,57
2010-06-11 16:00:00,20,958.1,3,118,34
2010-06-11 17:00:00,17.2,958.5,9,79,48
2010-06-11 18:00:00,16.8,959,1,44,36
2010-06-11 19:00:00,16.7,959.7,13,99,33
2010-06-11 20:00:00,17,959.9,3,93,35
2010-06-11 21:00:00,17.7,957.7,10,181,32
2010-06-11 22:00:00,22.7,959.3,2,196,42
2010-06-11 23:00:00,19.6,956.5,2,225,36
2010-06-12 00:00:00,22.1,959.5,1,250,37
2010-06-12 01:00:00,20.4,961.6,11,228,32
2010-06-12 02:00:00,23.2,960.9,7,255,51
2010-06-12 03:00:00,23.7,959.2,6,214,44
2010-06-12 04:00:00,23.9,959.7,8,281,32
2010-06-12 05:00:00,25.6,953.7,3,276,41
2010-06-12 06:00:00,26,958,3,280,33
2010-06-12 07:00:00,26.5,960.7,3,292,33
2010-06-12 09:00:00,28,964.4,10,207,55
2010-06-12 10:00:00,23.3,950.4,3,180,27
2010-06-12 11:00:00,20.4,955,0,218,50
2010-06-12 12:00:00,23.9,957.4,0,167,50
2010-06-12 13:00:00,19.3,965.9,6,106,43
2010-06-12 14:00:00,18.6,952.3,0,86,54
2010-06-12 15:00:00,21.3,962.1,8,82,36
2010-06-12 16:00:00,18.5,957.3,12,115,49
2010-06-12 17:00:00,15.9,960.1,5,85,34
2010-06-12 18:00:00,14.5,961.7,4,114,45
2010-06-12 19:00:00,17.7,960.6,2,97,40
2010-06-12 20:00:00,16.7,959.5,3,116,46
2010-06-12 21:00:00,17,954.3,7,140,52
2010-06-12 22:00:00,19.2,958.6,5,195,54
2010-06-12 23:00:00,17.6,959.3,3,182,47
2010-06-13 00:00:00,20.3,957.6,2,218,36
2010-06-13 01:00:00,22,954,10,209,32
2010-06-13 02:00:00,21.3,959.1,4,239,37
2010-06-13 03:00:00,23.5,955.3,12,250,44
2010-06-13 04:00:00,25.4,960,6,267,34
2010-06-13 05:00:00,26.3,958.9,2,245,45
2010-06-13 06:00:00,27.7,957.1,2,284,45
2010-06-13 07:00:00,27.1,954.6,7,298,34
2010-06-13 08:00:00,25.2,955.8,0,244,48
2010-06-13 09:00:00,25.7,960.4,4,227,42
2010-06-13 11:00:00,24.6,960.3,5,181,33
2010-06-13 12:00:00,20.6,961.7,0,184,56
2010-06-13 13:00:00,19.8,955.4,1,121,39
2010-06-13 14:00:00,17.2,959.5,3,135,46
2010-06-13 15:00:00,18,955.1,0,98,36
2010-06-13 16:00:00,15.9,959.8,5,95,41
2010-06-13 17:00:00,18.7,958.4,9,100,38
2010-06-13 18:00:00,16,959.4,2,40,43
2010-06-13 19:00:00,16.7,951.1,1,118,33
2010-06-13 20:00:00,18.1,959.9,5,117,25
2010-06-13 21:00:00,18.2,957.1,3,147,27
2010-06-13 22:00:00,17.9,957.6,9,163,40
2010-06-13 23:00:00,20.7,957,4,176,44
2010-06-14 00:00:00,21,953.4,11,217,32
2010-06-14 01:00:00,25.2,958.2,6,209,57
2010-06-14 02:00:00,24.2,959.4,4,268,46
2010-06-14 03:00:00,24.4,955.6,6,205,38
2010-06-14 04:00:00,27,954.3,12,246,34
2010-06-14 05:00:00,27,958.5,11,271,48
2010-06-14 06:00:00,26.7,958.6,13,260,41
2010-06-14 07:00:00,24.1,954.7,6,243,35
2010-06-14 08:00:00,24.9,959,5,223,43
2010-06-14 09:00:00,26.6,961.3,6,218,31
2010-06-14 10:00:00,20.1,957.6,1,199,43
2010-06-14 11:00:00,22.3,957.8,5,217,54
2010-06-14 12:00:00,21.3,955.2,9,143,48
2010-06-14 13:00:00,19.6,955.5,4,209,46
2010-06-14 14:00:00,20.1,961.8,9,139,47
2010-06-14 15:00:00,18,955.5,6,112,44
2010-06-14 16:00:00,20.6,951,1,49,30
2010-06-14 17:00:00,15.1,956.8,2,82,27
2010-06-14 18:00:00,17,958.7,6,105,39
2010-06-14 19:00:00,16.7,954.5,1,100,32
2010-06-14 20:00:00,14.8,958.7,1,178,42
2010-06-14 21:00:00,16,957.9,11,122,29
2010-06-14 22:00:00,20.6,956.2,10,103,35
2010-06-14 23:00:00,18.4,955.7,6,184,47
2010-06-15 00:00:00,21.3,959.8,11,212,44
2010-06-15 01:00:00,21.4,953.1,2,215,40
2010-06-15 02:00:00,22,954.7,0,240,45
2010-06-15 03:00:00,27.4,953.3,7,259,40
2010-06-15 04:00:00,25.1,955.1,6,307,39
2010-06-15 05:00:00,25.4,956.6,5,344,53
2010-06-15 06:00:00,28.7,955.7,8,206,43
2010-06-15 07:00:00,27.7,958.7,15,263,37
2010-06-15 08:00:00,26.5,960.8,9,261,41
2010-06-15 09:00:00,24,958.5,0,195,30
2010-06-15 10:00:00,23.3,955.3,4,193,31
2010-06-15 11:00:00,24.6,953.4,1,227,31
2010-06-15 12:00:00,20.7,957.9,12,173,23
2010-06-15 13:00:00,20.8,962.9,6,158,43
2010-06-15 14:00:00,19,955.7,1,159,36
2010-06-15 15:00:00,18,961.6,3,108,39
2010-06-15 16:00:00,15.4,957.4,6,77,42
2010-06-15 17:00:00,20.2,957.2,1,63,33
2010-06-15 18:00:00,17.3,955.9,3,99,50
2010-06-15 19:00:00,17.9,964.4,1,67,29
2010-06-15 20:00:00,17.5,945.8,0,120,38
2010-06-15 21:00:00,17.5,956.5,1,181,37
2010-06-15 22:00:00,20.2,955.5,2,159,41
2010-06-15 23:00:00,22.1,955.2,7,181,23
2010-06-16 00:00:00,21.6,956.6,2,191,44
2010-06-16 01:00:00,24,957.1,4,217,39
2010-06-16 02:00:00,22.3,952.5,5,245,61
2010-06-16 03:00:00,23.8,954.3,1,268,57
2010-06-16 04:00:00,26,950.7,1,226,36
2010-06-16 05:00:00,26,952.1,7,275,38
2010-06-16 06:00:00,25.3,952.4,1,251,28
2010-06-16 08:00:00,23.4,954.7,5,245,46
2010-06-16 09:00:00,25.7,961.3,2,282,30
2010-06-16 10:00:00,24.5,954.9,14,185,38
2010-06-16 11:00:00,22.6,959.1,2,221,30
2010-06-16 12:00:00,23.4,959.3,3,125,51
2010-06-16 13:00:00,20.7,959.8,1,124,40
2010-06-16 14:00:00,17.4,955.2,4,155,48
2010-06-16 15:00:00,18.3,953.7,1,64,32
2010-06-16 16:00:00,17.8,951.5,6,97,43
2010-06-16 17:00:00,15.9,956.2,1,137,39
2010-06-16 18:00:00,19.9,957.2,3,65,29
2010-06-16 19:00:00,14.3,958.4,5,109,46
2010-06-16 20:00:00,17.7,954.6,1,101,31
2010-06-16 21:00:00,20.5,958,8,159,33
2010-06-16 22:00:00,19.4,958.3,2,150,39
2010-06-16 23:00:00,22.2,957.3,1,226,44
2010-06-17 00:00:00,21.7,956.2,4,211,42
2010-06-17 01:00:00,24.7,952.9,6,255,45
2010-06-17 02:00:00,22.3,956,5,197,48
2010-06-17 03:00:00,25.5,954.7,4,246,30
2010-06-17 04:00:00,24.9,956.8,4,238,40
2010-06-17 05:00:00,26.5,956.4,6,242,53
2010-06-17 06:00:00,25.2,954.7,2,255,31
2010-06-17 07:00:00,28.2,958,15,190,44
2010-06-17 08:00:00,24.7,957.7,1,263,37
2010-06-17 09:00:00,25.1,959.8,3,234,49
2010-06-17 10:00:00,22.4,955.2,7,200,48
2010-06-17 11:00:00,20.1,966,5,190,48
2010-06-17 12:00:00,19.8,952.3,1,133,26
2010-06-17 13:00:00,20.3,956.8,8,124,40
2010-06-17 14:00:00,18.7,960.2,8,137,40
2010-06-17 15:00:00,17.7,954.6,7,78,31
2010-06-17 16:00:00,16.3,951.9,2,90,36
2010-06-17 17:00:00,15.6,954.6,13,124,40
2010-06-17 18:00:00,16.4,959.5,5,134,46
2010-06-17 19:00:00,19.2,960,3,67,45
2010-06-17 20:00:00,19,955,2,129,47
2010-06-17 21:00:00,19,954.8,3,134,27
2010-06-17 22:00:00,20.5,954.8,7,187,46
2010-06-17 23:00:00,20.5,955.5,12,136,45
2010-06-18 00:00:00,20,954.3,5,194,41
2010-06-18 01:00:00,21.8,955.9,5,275,42
2010-06-18 02:00:00,29,955.2,1,266,43
2010-06-18 03:00:00,24.2,952.5,3,289,50
2010-06-18 04:00:00,26,960.4,6,283,42
2010-06-18 05:00:00,23.7,951.3,2,271,48
2010-06-18 06:00:00,27.7,957.3,3,204,37
2010-06-18 07:00:00,22.4,954.8,3,275,46
2010-06-18 08:00:00,22.1,955.7,3,232,35
2010-06-18 09:00:00,24.9,950.2,7,229,26
2010-06-18 10:00:00,23.3,957.4,10,244,34
2010-06-18 11:00:00,22.1,956.9,10,182,43
2010-06-18 12:00:00,24.3,958.5,3,186,38
2010-06-18 13:00:00,21.1,957.9,7,94,48
2010-06-18 14:00:00,18.9,959.5,4,98,23
2010-06-18 15:00:00,17.4,958.1,5,102,43
2010-06-18 16:00:00,18.5,959.7,3,97,31
2010-06-18 17:00:00,17.6,954.1,5,82,37
2010-06-18 18:00:00,20.6,957.6,0,62,44
2010-06-18 19:00:00,16.1,950.4,13,127,35
2010-06-18 20:00:00,16.7,959.2,3,51,22
2010-06-18 21:00:00,18.5,954.1,1,125,41
2010-06-18 22:00:00,20.4,956.9,7,118,38
2010-06-18 23:00:00,21.8,960.6,15,211,38
2010-06-19 00:00:00,22.4,954.5,11,166,48
2010-06-19 01:00:00,23,956.2,2,228,41
2010-06-19 02:00:00,22.7,960.8,2,260,45
2010-06-19 03:00:00,24.1,956.2,9,257,38
2010-06-19 04:00:00,22.6,958.9,7,231,40
2010-06-19 05:00:00,28.5,957.4,1,291,33
2010-06-19 06:00:00,24.9,958.1,0,266,41
2010-06-19 07:00:00,25,952.2,6,250,37
2010-06-19 08:00:00,25.9,955,3,309,55
2010-06-19 09:00:00,24.4,951,7,257,42
2010-06-19 10:00:00,26.9,952.6,1,215,35
2010-06-19 11:00:00,27.2,954.7,3,168,47
2010-06-19 12:00:00,20.8,957.4,0,178,41
2010-06-19 13:00:00,19.1,949.7,12,103,39
2010-06-19 14:00:00,19.6,953.1,1,127,56
2010-06-19 15:00:00,18.7,954,5,145,33
2010-06-19 16:00:00,16.4,959.3,2,73,43
2010-06-19 18:00:00,18.9,946.8,3,105,42
2010-06-19 19:00:00,17.1,953.5,1,73,40
2010-06-19 20:00:00,20.8,956.6,8,94,46
2010-06-19 21:00:00,16.2,947.6,1,105,36
2010-06-19 22:00:00,20.7,952.6,14,162,53
2010-06-19 23:00:00,21.6,954.7,3,175,31
2010-06-20 00:00:00,21,951.7,3,200,45
2010-06-20 01:00:00,24.5,957.7,4,248,39
2010-06-20 02:00:00,22.5,953.2,3,250,23
2010-06-20 03:00:00,23,956.9,2,287,32
2010-06-20 04:00:00,23.6,955.7,2,319,40
2010-06-20 05:00:00,25.3,949.7,1,274,37
2010-06-20 06:00:00,28,956,7,295,46
2010-06-20 07:00:00,24.8,953.5,6,238,44
2010-06-20 08:00:00,24.9,955,2,224,37
2010-06-20 09:00:00,24.4,956.3,8,233,34
2010-06-20 10:00:00,23.2,956.9,1,203,37
2010-06-20 11:00:00,24,947,3,168,34
2010-06-20 12:00:00,24.4,950.6,1,157,30
2010-06-20 13:00:00,17.9,958.7,7,126,43
2010-06-20 14:00:00,20.1,955.1,6,142,32
2010-06-20 15:00:00,16.4,956.4,1,141,52
2010-06-20 16:00:00,15.3,962.4,9,83,35
2010-06-20 17:00:00,19.3,955.3,2,91,36
2010-06-20 18:00:00,21.2,956.5,2,109,45
2010-06-20 19:00:00,17.6,957.6,0,136,50
2010-06-20 20:00:00,17.6,956.9,4,109,36
2010-06-20 21:00:00,19,953.1,6,187,32
2010-06-20 22:00:00,18.7,956.2,11,128,46
2010-06-20 23:00:00,22.5,957.4,0,182,45
2010-06-21 00:00:00,21.2,955.4,12,217,45
2010-06-21 01:00:00,22.3,955.2,1,190,41
2010-06-21 02:00:00,22.9,953,8,237,45
2010-06-21 03:00:00,24.9,957.1,2,229,40
2010-06-21 04:00:00,28.6,954.6,4,242,29
2010-06-21 05:00:00,27.1,956.3,7,296,54
2010-06-21 06:00:00,27.3,954.4,11,292,44
2010-06-21 07:00:00,22.4,957.7,16,287,43
2010-06-21 08:00:00,26.7,955,14,246,58
2010-06-21 09:00:00,23.8,952.4,8,229,40
2010-06-21 10:00:00,25,955.8,1,216,28
2010-06-21 11:00:00,24,959,3,159,43
2010-06-21 12:00:00,19.5,954.5,2,148,46
2010-06-21 13:00:00,21,958.3,3,124,43
2010-06-21 14:00:00,19.6,959.7,1,123,26
2010-06-21 15:00:00,19.9,957.5,4,108,34
2010-06-21 16:00:00,16.1,955,3,72,38
2010-06-21 17:00:00,20.7,953.7,15,104,50
2010-06-21 18:00:00,18.6,956.4,1,97,34
2010-06-21 19:00:00,18.2,951,9,178,28
2010-06-21 20:00:00,22.8,953.3,11,163,61
2010-06-21 21:00:00,17.9,955.3,17,159,44
2010-06-21 22:00:00,19.7,957,2,150,41
2010-06-21 23:00:00,20.2,953.1,1,199,35
2010-06-22 00:00:00,21.5,961,3,227,35
2010-06-22 01:00:00,21.5,953,3,251,39
2010-06-22 02:00:00,23.2,953.1,5,258,48
2010-06-22 03:00:00,25.7,954,4,249,45
2010-06-22 04:00:00,24.6,955.6,9,260,41
2010-06-22 05:00:00,25.6,956,12,283,36
2010-06-22 06:00:00,24.6,949.3,7,270,31
2010-06-22 07:00:00,25.7,953.3,7,270,42
2010-06-22 08:00:00,25.7,951.9,1,216,48
2010-06-22 09:00:00,24.2,953.5,5,196,41
2010-06-22 10:00:00,22.9,949.7,3,193,49
2010-06-22 11:00:00,23.2,954.8,4,182,28
2010-06-22 12:00:00,23.4,960,5,184,39
2010-06-22 13:00:00,23.4,957.1,11,99,31
2010-06-22 14:00:00,19.4,958.9,3,122,37
2010-06-22 15:00:00,20.1,965,5,140,46
2010-06-22 16:00:00,19.1,956,6,74,50
2010-06-22 17:00:00,15.5,951,3,92,38
2010-06-22 18:00:00,17,956.3,6,119,32
2010-06-22 19:00:00,18.2,952.3,4,144,46
2010-06-22 20:00:00,16.9,953.2,3,151,42
2010-06-22 21:00:00,16.2,957.7,0,189,42
2010-06-22 22:00:00,19.6,949.6,1,161,43
2010-06-22 23:00:00,21.3,954.6,0,213,42
2010-06-23 00:00:00,22.1,951,2,175,47
2010-06-23 01:00:00,27.5,953.9,2,230,55
2010-06-23 02:00:00,22.9,954.3,4,281,29
2010-06-23 03:00:00,24,951.2,1,279,48
2010-06-23 04:00:00,26.5,956.2,8,290,39
2010-06-23 05:00:00,23.7,955.7,3,270,39
2010-06-23 06:00:00,25.1,952.5,2,249,37
2010-06-23 07:00:00,26.5,958.5,6,226,21
2010-06-23 08:00:00,26.3,955.9,3,211,48
2010-06-23 09:00:00,24.3,954.1,7,209,25
2010-06-23 10:00:00,24.1,958.3,2,250,40
2010-06-23 11:00:00,25.8,955.9,0,236,45
2010-06-23 12:00:00,23.5,959.5,1,200,45
2010-06-23 13:00:00,17.5,959.6,1,101,47
2010-06-23 14:00:00,18.4,951.5,12,166,41
2010-06-23 15:00:00,20.4,951.4,3,128,28
2010-06-23 16:00:00,19,952.8,5,89,36
2010-06-23 17:00:00,18.3,955.7,3,31,43
2010-06-23 18:00:00,17.1,955.9,2,64,56
2010-06-23 19:00:00,20.6,962.5,2,165,39
2010-06-23 20:00:00,19.7,955.6,4,91,27
2010-06-23 21:00:00,20.4,958.7,7,123,42
2010-06-23 22:00:00,23.1,955.4,1,174,53
2010-06-23 23:00:00,20.2,956.6,7,232,49
2010-06-24 00:00:00,18.8,954.7,16,185,32
2010-06-24 01:00:00,22.7,955.1,6,208,32
2010-06-24 02:00:00,25,956.8,3,278,49
2010-06-24 03:00:00,20.2,957.2,5,242,43
2010-06-24 04:00:00,26.2,954.9,4,270,44
2010-06-24 05:00:00,25.5,951.3,5,246,32
2010-06-24 06:00:00,25.1,952.7,10,282,42
2010-06-24 07:00:00,25.4,950.2,0,237,40
2010-06-24 08:00:00,22.9,957.1,7,288,21
2010-06-24 09:00:00,24.9,956.5,5,236,35
2010-06-24 10:00:00,23.2,959.4,3,129,35
2010-06-24 11:00:00,24.4,951.8,6,191,57
2010-06-24 12:00:00,21,955.5,1,216,43
2010-06-24 13:00:00,20.1,953.4,2,104,47
2010-06-24 14:00:00,18.3,959.4,2,130,33
2010-06-24 15:00:00,20.1,951.9,8,75,40
2010-06-24 16:00:00,16.1,951.3,3,127,47
2010-06-24 17:00:00,14.1,956.8,1,121,39
2010-06-24 18:00:00,17.1,954.5,11,131,45
2010-06-24 19:00:00,19.1,949.7,1,144,36
2010-06-24 20:00:00,20.2,952.1,1,126,44
2010-06-24 21:00:00,17.3,950.3,5,141,41
2010-06-24 23:00:00,21,958.5,3,149,51
2010-06-25 00:00:00,20.8,956.7,1,207,40
2010-06-25 01:00:00,22.5,953.5,0,318,35
2010-06-25 02:00:00,24.6,953.3,11,248,32
2010-06-25 03:00:00,24.3,953.5,3,252,26
2010-06-25 04:00:00,24.9,950.5,1,254,40
2010-06-25 05:00:00,25,954.4,6,278,49
2010-06-25 06:00:00,26.2,958.8,4,281,46
2010-06-25 07:00:00,27.8,954,9,258,47
2010-06-25 08:00:00,23.6,958.4,1,230,37
2010-06-25 09:00:00,24.8,950.2,1,311,31
2010-06-25 10:00:00,23.4,953.5,8,162,61
2010-06-25 11:00:00,27.9,958.3,1,164,29
2010-06-25 12:00:00,20.6,951.1,6,145,45
2010-06-25 13:00:00,22.4,954.8,11,117,40
2010-06-25 14:00:00,17.6,952.6,1,139,38
2010-06-25 15:00:00,16.8,954,3,56,36
2010-06-25 16:00:00,18,951.6,4,88,44
2010-06-25 17:00:00,19.1,955.6,8,125,42
2010-06-25 18:00:00,18.7,956.1,7,74,24
2010-06-25 19:00:00,20.4,951.8,7,120,35
2010-06-25 20:00:00,18.1,954,2,139,48
2010-06-25 21:00:00,17.4,959.6,7,114,51
2010-06-25 22:00:00,20,953.1,2,155,41
2010-06-25 23:00:00,20.5,954.5,0,182,38
2010-06-26 00:00:00,21.8,954.8,2,169,36
2010-06-26 01:00:00,21.7,960.1,8,183,33
2010-06-26 02:00:00,21.5,954.4,0,243,42
2010-06-26 03:00:00,26,956.8,11,267,20
2010-06-26 04:00:00,24.6,955.7,2,238,34
2010-06-26 05:00:00,26.1,957.4,4,271,33
2010-06-26 06:00:00,26.9,951.3,13,236,34
2010-06-26 07:00:00,25.5,955.5,0,223,37
2010-06-26 08:00:00,25.2,950.6,6,261,32
2010-06-26 09:00:00,24.4,948.3,8,238,46
2010-06-26 10:00:00,22.8,954.3,1,168,28
2010-06-26 11:00:00,22,950.4,6,161,53
2010-06-26 12:00:00,22.4,959.6,9,124,29
2010-06-26 13:00:00,23.6,953.5,3,90,41
2010-06-26 14:00:00,20.6,957.4,5,100,36
2010-06-26 15:00:00,18.7,953.7,0,121,35
2010-06-26 16:00:00,18.6,957.6,3,127,41
2010-06-26 17:00:00,18.4,962.6,0,82,38
2010-06-26 18:00:00,18.3,954.4,16,85,39
2010-06-26 19:00:00,18.5,956.2,2,128,57
2010-06-26 20:00:00,16.1,953,11,145,42
2010-06-26 21:00:00,20.3,950.7,5,135,40
2010-06-26 22:00:00,17.7,958,7,223,40
2010-06-26 23:00:00,21.3,951,11,153,43
2010-06-27 00:00:00,22.5,954.4,9,184,41
2010-06-27 01:00:00,23.1,952.2,4,266,43
2010-06-27 02:00:00,20.8,957.3,1,233,45
2010-06-27 03:00:00,25.9,957.4,2,255,47
2010-06-27 04:00:00,25.7,952.9,1,310,33
2010-06-27 05:00:00,28.1,947.8,7,246,42
2010-06-27 06:00:00,25.9,955.8,0,314,50
2010-06-27 07:00:00,26.5,955.6,2,232,50
2010-06-27 08:00:00,22.9,955.8,8,289,45
2010-06-27 09:00:00,24.4,953.4,0,196,51
2010-06-27 10:00:00,23.4,954,4,216,24
2010-06-27 11:00:00,22,959.9,9,177,39
2010-06-27 12:00:00,21.5,952.5,6,154,33
2010-06-27 13:00:00,17.1,953.3,6,68,37
2010-06-27 14:00:00,21.1,948.8,3,104,40
2010-06-27 15:00:00,19.6,956.4,3,122,39
2010-06-27 16:00:00,16.8,958.3,9,74,41
2010-06-27 17:00:00,18.4,953.6,1,104,33
2010-06-27 18:00:00,17.6,952.7,3,72,35
2010-06-27 19:00:00,18.1,953.8,0,102,42
2010-06-27 20:00:00,20.4,952,5,62,42
2010-06-27 21:00:00,20.6,954.5,2,178,44
2010-06-27 22:00:00,18.6,956.5,1,156,44
2010-06-27 23:00:00,20.8,954.6,3,212,33
2010-06-28 00:00:00,21.8,957.3,2,209,53
2010-06-28 01:00:00,21.3,948.9,4,302,55
2010-06-28 02:00:00,23.4,957.3,2,274,44
2010-06-28 03:00:00,23.3,948.5,1,232,29
2010-06-28 04:00:00,27.3,956.1,5,197,43
2010-06-28 05:00:00,25.8,954.2,13,221,36
2010-06-28 06:00:00,30.9,953,1,263,55
2010-06-28 07:00:00,27,956.2,1,212,31
2010-06-28 08:00:00,25,950.6,2,243,38
2010-06-28 09:00:00,24,951.9,2,235,46
2010-06-28 10:00:00,26.1,952,9,215,38
2010-06-28 11:00:00,23.7,951.3,11,173,41
2010-06-28 12:00:00,25,955.9,2,120,43
2010-06-28 13:00:00,20.3,955.5,3,148,35
2010-06-28 15:00:00,19.5,954.2,2,31,34
2010-06-28 16:00:00,19,958.1,3,106,45
2010-06-28 17:00:00,17,949.8,7,103,44
2010-06-28 18:00:00,18.7,957.4,5,129,57
2010-06-28 19:00:00,18,949.4,3,80,26
2010-06-28 20:00:00,19.6,954.7,1,142,51
2010-06-28 21:00:00,19.8,952.8,13,151,47
2010-06-28 22:00:00,22.5,951.3,5,152,39
2010-06-28 23:00:00,19.8,952.6,2,138,54
2010-06-29 00:00:00,22.8,952.1,8,215,39
2010-06-29 01:00:00,22.6,953.6,2,213,38
2010-06-29 02:00:00,23.7,955.4,1,216,35
2010-06-29 03:00:00,23.9,956,1,239,40
2010-06-29 04:00:00,25,950.4,10,278,45
2010-06-29 05:00:00,27.2,952.8,6,297,59
2010-06-29 06:00:00,24.9,954.7,7,270,41
2010-06-29 07:00:00,29,953.5,3,294,34
2010-06-29 08:00:00,26.6,955.4,1,255,50
2010-06-29 09:00:00,25,956.5,5,198,34
2010-06-29 10:00:00,24.1,947.2,2,183,42
2010-06-29 11:00:00,24.2,954.7,8,208,52
2010-06-29 12:00:00,22,953.7,3,122,56
2010-06-29 13:00:00,21.5,956.9,9,71,48
2010-06-29 14:00:00,18.1,950.4,0,130,37
2010-06-29 15:00:00,18.9,957.6,5,96,35
2010-06-29 16:00:00,16.3,953.1,5,87,40
2010-06-29 17:00:00,16.8,955.1,10,46,34
2010-06-29 18:00:00,15.6,954.8,8,60,61
2010-06-29 19:00:00,17.1,954.7,1,113,45
2010-06-29 20:00:00,17.5,952.8,6,117,41
2010-06-29 21:00:00,19.7,956.2,9,178,48
2010-06-29 22:00:00,20.4,957.4,13,196,39
2010-06-29 23:00:00,20.4,953.3,6,150,38
2010-06-30 00:00:00,19.5,955.7,6,206,52
2010-06-30 01:00:00,20.4,945.7,1,248,30
2010-06-30 02:00:00,25.9,951.2,9,163,44
2010-06-30 03:00:00,25.4,950.8,13,326,48
2010-06-30 04:00:00,22.8,957,5,240,48
2010-06-30 05:00:00,26.9,951.6,13,250,47
2010-06-30 06:00:00,27.9,949.7,6,269,46
2010-06-30 07:00:00,27.5,950.1,10,222,32
2010-06-30 08:00:00,25.7,954.1,4,197,53
2010-06-30 09:00:00,24.3,959.8,1,234,43
2010-06-30 10:00:00,24.9,951.8,2,191,41
2010-06-30 11:00:00,25,952.6,8,139,41
2010-06-30 12:00:00,23.2,950,8,100,44
2010-06-30 13:00:00,19.2,954.5,2,183,31
2010-06-30 14:00:00,18.7,953.3,10,138,45
2010-06-30 15:00:00,19.6,952.7,2,85,35
2010-06-30 16:00:00,18.2,946.2,3,68,41
2010-06-30 17:00:00,18.4,952.4,3,83,53
2010-06-30 18:00:00,19.4,954.5,1,99,39
2010-06-30 19:00:00,19,952.1,9,123,44
2010-06-30 20:00:00,17.9,948.2,3,85,35
2010-06-30 21:00:00,20.5,951.3,3,106,35
2010-06-30 22:00:00,22,954.7,6,201,42
2010-06-30 23:00:00,19.3,954.7,4,188,44
2010-07-01 00:00:00,22.2,954.2,2,236,39
2010-07-01 01:00:00,23.1,956.5,6,197,46
2010-07-01 02:00:00,21.7,955.6,5,269,39
2010-07-01 03:00:00,26.1,953.1,2,289,41
2010-07-01 04:00:00,22.7,949.7,4,280,28
2010-07-01 05:00:00,27.4,956.4,6,276,39
2010-07-01 06:00:00,29.7,959,1,275,41
2010-07-01 07:00:00,25.7,952.6,8,306,44
2010-07-01 08:00:00,26.9,949.8,0,204,36
2010-07-01 09:00:00,24.9,955.9,4,205,34
2010-07-01 10:00:00,22.4,950.1,6,203,44
2010-07-01 11:00:00,20.6,953.9,7,153,51
2010-07-01 12:00:00,22.2,953.5,14,149,42
2010-07-01 13:00:00,21,953.2,5,169,44
2010-07-01 14:00:00,17.4,955.1,3,109,37
2010-07-01 15:00:00,21,956.1,1,132,56
2010-07-01 16:00:00,19.5,943.8,4,85,44
2010-07-01 17:00:00,18.8,950.2,5,72,38
2010-07-01 18:00:00,20.6,950.6,1,133,42
2010-07-01 19:00:00,18.1,953.9,0,132,29
2010-07-01 20:00:00,17.9,951.9,4,112,39
2010-07-01 21:00:00,17.5,953.9,4,98,51
2010-07-01 22:00:00,17.7,956.9,4,204,48
2010-07-01 23:00:00,24.4,956.7,0,203,54
2010-07-02 00:00:00,21.6,958.1,3,225,38
2010-07-02 01:00:00,22.9,954.7,2,220,52
2010-07-02 02:00:00,23.2,956.3,3,224,53
2010-07-02 03:00:00,26.1,949.5,3,270,46
2010-07-02 04:00:00,24.6,951.9,4,247,44
2010-07-02 05:00:00,28.2,957.8,4,259,48
2010-07-02 06:00:00,26.5,949.6,5,234,41
2010-07-02 07:00:00,26.5,952.4,6,245,60
2010-07-02 08:00:00,26.1,957.4,14,236,55
2010-07-02 09:00:00,29.2,954.5,5,222,54
2010-07-02 10:00:00,24.7,955.4,4,193,39
2010-07-02 11:00:00,19.9,949.3,5,143,42
2010-07-02 12:00:00,24.2,952.9,1,200,53
2010-07-02 13:00:00,21,956.8,2,115,37
2010-07-02 14:00:00,20.4,954.8,1,123,44
2010-07-02 15:00:00,20.1,949.7,11,79,50
2010-07-02 16:00:00,20,946.8,4,118,48
2010-07-02 17:00:00,19.1,955.4,9,59,58
2010-07-02 18:00:00,17.5,952.9,7,124,40
2010-07-02 19:00:00,21.4,952.9,3,80,26
2010-07-02 20:00:00,19.3,950.1,6,147,38
2010-07-02 21:00:00,16.3,952.1,8,108,44
2010-07-02 22:00:00,20.5,954.4,5,199,49
2010-07-02 23:00:00,19.1,956,1,182,50
2010-07-03 00:00:00,20.9,951.8,1,206,50
2010-07-03 01:00:00,22.5,962.5,6,209,34
2010-07-03 02:00:00,21,949.5,2,221,60
2010-07-03 03:00:00,24.9,952,3,217,51
2010-07-03 04:00:00,25.6,951,2,204,51
2010-07-03 05:00:00,25.9,946.6,0,275,48
2010-07-03 06:00:00,26,952.7,3,235,58
2010-07-03 07:00:00,24.7,954.4,2,242,27
2010-07-03 08:00:00,24.8,948,6,281,29
2010-07-03 09:00:00,22.7,954.5,5,200,60
2010-07-03 10:00:00,23.7,949.6,1,199,56
2010-07-03 11:00:00,22,953.6,6,238,38
2010-07-03 12:00:00,19.2,952.5,4,119,47
2010-07-03 13:00:00,20.5,951.2,7,147,42
2010-07-03 14:00:00,21,956.3,5,155,55
2010-07-03 15:00:00,18.4,960.5,8,62,37
2010-07-03 16:00:00,19.5,949.8,8,58,57
2010-07-03 17:00:00,21.2,948.3,1,123,35
2010-07-03 18:00:00,17.2,957.3,8,90,42
2010-07-03 19:00:00,19.8,958.1,2,101,48
2010-07-03 20:00:00,16.7,954,2,142,49
2010-07-03 22:00:00,20.4,955.3,2,151,30
2010-07-03 23:00:00,20.9,952.2,2,156,36
2010-07-04 00:00:00,20.1,954.3,4,166,40
2010-07-04 01:00:00,23.4,951.2,6,227,30
2010-07-04 02:00:00,21.6,955.4,1,221,39
2010-07-04 03:00:00,22.6,946.5,14,273,35
2010-07-04 04:00:00,25.7,953.7,3,339,37
2010-07-04 05:00:00,26.8,951.3,14,191,46
2010-07-04 06:00:00,26.6,952,4,219,45
2010-07-04 07:00:00,25.1,952.2,2,275,49
2010-07-04 08:00:00,27.6,951.7,1,204,43
2010-07-04 09:00:00,24.5,954.2,1,197,59
2010-07-04 10:00:00,23.3,952.7,10,183,43
2010-07-04 11:00:00,22.6,953.9,6,194,33
2010-07-04 12:00:00,23.8,956.1,5,142,29
2010-07-04 13:00:00,21.3,949,4,131,42
2010-07-04 14:00:00,19.6,948.1,8,90,32
2010-07-04 15:00:00,21.5,954.9,9,139,39
2010-07-04 16:00:00,19.1,949.6,6,113,29
2010-07-04 17:00:00,16.8,953.1,8,103,41
2010-07-04 18:00:00,18.4,949.4,7,101,48
2010-07-04 19:00:00,17.5,949.3,6,66,50
2010-07-04 21:00:00,22.4,955,1,179,35
2010-07-04 22:00:00,18.8,955.2,7,150,47
2010-07-04 23:00:00,20.8,954.6,1,247,40
2010-07-05 00:00:00,22.5,951.5,0,220,41
2010-07-05 01:00:00,21.7,948.2,8,241,57
2010-07-05 02:00:00,21.2,951.8,5,232,43
2010-07-05 03:00:00,26.3,950.5,1,246,48
2010-07-05 04:00:00,23.5,951.9,6,261,46
2010-07-05 05:00:00,26.7,950.4,3,292,47
2010-07-05 06:00:00,26.6,952.2,1,235,40
2010-07-05 07:00:00,25.6,950.4,2,282,33
2010-07-05 08:00:00,27.5,953.5,6,273,37
2010-07-05 09:00:00,22.2,950.4,7,140,36
2010-07-05 10:00:00,25.9,953.7,11,209,37
2010-07-05 11:00:00,24.2,954.4,2,145,43
2010-07-05 12:00:00,22.2,954.7,2,118,42
2010-07-05 13:00:00,21.4,948.2,7,72,50
2010-07-05 14:00:00,22.1,950.7,6,121,47
2010-07-05 15:00:00,20.5,952.7,3,160,44
2010-07-05 16:00:00,17,950.3,2,99,39
2010-07-05 17:00:00,19.6,950.3,4,55,24
2010-07-05 18:00:00,18.5,955.5,6,116,41
2010-07-05 19:00:00,16.2,951.3,4,140,54
2010-07-05 20:00:00,19.4,952,3,124,30
2010-07-05 21:00:00,19.8,952,5,145,32
2010-07-05 22:00:00,17.9,953.3,0,157,43
2010-07-05 23:00:00,20.9,956.9,8,162,46
2010-07-06 00:00:00,21.7,947.2,4,206,39
2010-07-06 01:00:00,21.6,954.1,2,221,55
2010-07-06 02:00:00,21.3,952.9,9,264,44
2010-07-06 03:00:00,26.9,949.2,1,278,46
2010-07-06 04:00:00,26.2,951.3,2,239,56
2010-07-06 05:00:00,24.1,947.2,9,235,51
2010-07-06 06:00:00,24.1,957.8,3,268,36
2010-07-06 07:00:00,26.9,948.5,2,270,33
2010-07-06 08:00:00,24.9,958.3,9,236,25
2010-07-06 09:00:00,24.4,952.5,2,223,49
2010-07-06 10:00:00,23.5,958,3,188,28
2010-07-06 11:00:00,22.9,950.9,3,160,36
2010-07-06 12:00:00,23.1,948.8,3,173,49
2010-07-06 13:00:00,23.8,952.8,3,151,39
2010-07-06 14:00:00,18.6,949.2,5,105,32
2010-07-06 15:00:00,17.7,950.7,1,107,37
2010-07-06 16:00:00,19.4,948.8,0,80,28
2010-07-06 17:00:00,20.6,951.3,4,95,42
2010-07-06 18:00:00,19.4,952.7,8,92,41
2010-07-06 19:00:00,19.3,950.3,1,96,48
2010-07-06 20:00:00,20.9,952.7,2,100,40
2010-07-06 21:00:00,18.9,948.3,1,104,44
2010-07-06 22:00:00,18.8,953.7,1,173,45
2010-07-06 23:00:00,23.1,950.2,9,220,49
2010-07-07 00:00:00,21.7,955.5,8,225,46
2010-07-07 01:00:00,24.4,950.5,11,277,43
2010-07-07 02:00:00,24.5,953.2,5,275,51
2010-07-07 03:00:00,24.5,950,1,231,38
2010-07-07 04:00:00,27,952.4,3,280,34
2010-07-07 05:00:00,28.2,953.2,4,228,36
2010-07-07 06:00:00,28.1,946,6,237,44
2010-07-07 07:00:00,25.1,950.4,4,186,56
2010-07-07 09:00:00,25.6,948.3,0,259,39
2010-07-07 10:00:00,24.4,953.3,2,180,36
2010-07-07 11:00:00,21.2,956.2,2,155,56
2010-07-07 12:00:00,20.7,949.7,2,161,59
2010-07-07 13:00:00,22.7,953.9,0,120,55
2010-07-07 14:00:00,22.5,952.9,8,121,38
2010-07-07 15:00:00,17.8,950.5,5,132,36
2010-07-07 16:00:00,18.6,950.8,11,118,55
2010-07-07 17:00:00,17.5,955.4,0,93,48
2010-07-07 18:00:00,16.7,949.6,1,109,42
2010-07-07 19:00:00,20.2,950.7,8,93,49
2010-07-07 20:00:00,17.9,947,6,127,30
2010-07-07 21:00:00,18,946.6,6,141,46
2010-07-07 22:00:00,19.2,957.8,10,135,47
2010-07-07 23:00:00,19.1,949.3,1,170,24
2010-07-08 00:00:00,23.5,948.9,5,218,20
2010-07-08 01:00:00,20.2,947.6,5,175,48
2010-07-08 02:00:00,22.7,950,1,183,30
2010-07-08 03:00:00,22.7,952.3,1,324,34
2010-07-08 04:00:00,25.5,949.9,4,261,40
2010-07-08 05:00:00,26.9,948.9,1,257,42
2010-07-08 06:00:00,25.8,947.9,1,207,51
2010-07-08 07:00:00,27,954.4,2,236,39
2010-07-08 08:00:00,25.1,954.9,9,256,57
2010-07-08 09:00:00,23.9,952.3,1,238,38
2010-07-08 10:00:00,23.2,955.9,3,152,44
2010-07-08 11:00:00,22.2,953.1,8,197,43
2010-07-08 12:00:00,23.3,947.4,4,115,48
2010-07-08 13:00:00,23,947.2,9,137,33
2010-07-08 14:00:00,19.3,948.6,6,81,38
2010-07-08 15:00:00,17.9,951.9,0,113,52
2010-07-08 16:00:00,18.7,952,5,114,42
2010-07-08 17:00:00,17.9,951.1,7,98,45
2010-07-08 18:00:00,19.6,948.9,3,91,56
2010-07-08 19:00:00,20.8,952,3,100,34
2010-07-08 20:00:00,19.2,950.6,4,112,41
2010-07-08 21:00:00,18.6,952.1,10,156,54
2010-07-08 22:00:00,18,951.7,4,158,31
2010-07-08 23:00:00,21.9,952,3,200,42
2010-07-09 00:00:00,22.3,950.5,0,202,45
2010-07-09 01:00:00,22.6,947.6,1,225,42
2010-07-09 02:00:00,25.2,955.2,8,234,46
2010-07-09 03:00:00,26.4,950.3,2,264,40
2010-07-09 04:00:00,21.6,957.5,3,224,30
2010-07-09 05:00:00,27.1,948.8,2,286,42
2010-07-09 06:00:00,26.8,950.2,8,255,32
2010-07-09 07:00:00,27.5,946.8,4,255,50
2010-07-09 08:00:00,24.7,946.5,2,258,27
2010-07-09 09:00:00,26.9,946.3,7,209,56
2010-07-09 10:00:00,23.4,948,12,192,38
2010-07-09 11:00:00,21.6,951.1,2,194,45
2010-07-09 12:00:00,20.8,953,2,154,30
2010-07-09 13:00:00,21.9,957.3,1,129,45
2010-07-09 14:00:00,21,949.8,9,71,30
2010-07-09 15:00:00,17.9,952.1,2,96,38
2010-07-09 16:00:00,19.1,947.6,6,134,42
2010-07-09 17:00:00,14.4,951.2,0,110,42
2010-07-09 18:00:00,20.7,947.3,2,144,58
2010-07-09 19:00:00,17.6,949.7,11,110,48
2010-07-09 20:00:00,16.8,947.6,8,136,57
2010-07-09 21:00:00,21.7,952.8,0,158,44
2010-07-09 22:00:00,20,954,0,136,47
2010-07-09 23:00:00,20.7,951.3,5,117,35
2010-07-10 00:00:00,23.8,947.8,8,160,57
2010-07-10 01:00:00,23.7,954,7,235,44
2010-07-10 02:00:00,24.4,949.4,1,208,46
2010-07-10 03:00:00,24.9,952.3,8,266,55
2010-07-10 04:00:00,23.1,951.4,4,209,54
2010-07-10 05:00:00,24.9,948.7,3,285,47
2010-07-10 06:00:00,28.3,954.5,8,291,37
2010-07-10 07:00:00,25.4,947.8,0,248,39
2010-07-10 08:00:00,22.3,954.5,2,275,41
2010-07-10 09:00:00,21.7,949.6,1,221,29
2010-07-10 10:00:00,23.7,945.2,15,150,45
2010-07-10 11:00:00,21.5,951.6,5,140,49
2010-07-10 12:00:00,22.3,953.2,8,150,38
2010-07-10 13:00:00,19.2,955.3,0,155,40
2010-07-10 14:00:00,22.5,949.5,7,146,39
2010-07-10 15:00:00,17.4,950.1,8,169,41
2010-07-10 16:00:00,20.4,951,1,135,58
2010-07-10 17:00:00,20.3,954.6,4,99,40
2010-07-10 18:00:00,18.2,950.8,12,88,59
2010-07-10 19:00:00,17.8,947,4,90,37
2010-07-10 20:00:00,15.5,949.2,1,129,48
2010-07-10 21:00:00,18.8,950.1,6,180,36
2010-07-10 22:00:00,19.2,947.2,3,124,34
2010-07-10 23:00:00,19.8,952.1,5,180,46
2010-07-11 00:00:00,20.7,953.5,2,207,41
2010-07-11 01:00:00,21.6,949.7,1,199,42
2010-07-11 02:00:00,23.4,948.7,2,293,43
2010-07-11 03:00:00,25,952.8,5,235,39
2010-07-11 04:00:00,24.8,956.9,1,250,23
2010-07-11 05:00:00,27.5,950.5,11,274,36
2010-07-11 06:00:00,28.4,954.6,2,290,40
2010-07-11 07:00:00,25.2,950.7,1,272,44
2010-07-11 08:00:00,25.9,953.1,4,300,51
2010-07-11 09:00:00,25.9,948.5,3,278,56
2010-07-11 10:00:00,24.6,953.5,13,184,41
2010-07-11 11:00:00,23.3,952.4,6,196,34
2010-07-11 12:00:00,21.1,956.6,6,138,56
2010-07-11 13:00:00,20.6,951.4,1,125,42
2010-07-11 14:00:00,20.3,950.7,4,128,36
2010-07-11 15:00:00,17.6,947.6,8,123,48
2010-07-11 16:00:00,17.7,948.5,0,152,40
2010-07-11 17:00:00,15.6,948.6,1,79,37
2010-07-11 18:00:00,20.7,955.6,4,115,35
2010-07-11 19:00:00,18.7,947.6,2,150,52
2010-07-11 20:00:00,20.5,952.8,15,159,35
2010-07-11 21:00:00,17.8,955.9,8,134,46
2010-07-11 22:00:00,19.9,950.2,2,140,34
2010-07-11 23:00:00,21.1,950.7,4,208,40
2010-07-12 00:00:00,21.6,945.4,3,214,49
2010-07-12 01:00:00,23.6,949.9,6,206,45
2010-07-12 02:00:00,24.8,955.9,1,259,50
2010-07-12 03:00:00,25.4,953.1,3,201,54
2010-07-12 05:00:00,25.8,953.4,1,321,39
2010-07-12 06:00:00,24.2,953.9,4,171,31
2010-07-12 07:00:00,25.7,943.3,1,291,39
2010-07-12 08:00:00,25.5,949.8,1,243,37
2010-07-12 09:00:00,24.3,946.1,4,196,50
2010-07-12 10:00:00,25.7,950.3,0,212,38
2010-07-12 11:00:00,21.5,949.5,9,258,33
2010-07-12 12:00:00,22.3,948.7,1,159,46
2010-07-12 13:00:00,20.6,950.4,3,124,51
2010-07-12 14:00:00,19.8,950.2,4,44,49
2010-07-12 15:00:00,19.4,953.2,2,89,48
2010-07-12 16:00:00,15,951.7,0,102,41
2010-07-12 17:00:00,17.6,949.5,2,134,51
2010-07-12 18:00:00,16.8,948.7,4,141,48
2010-07-12 19:00:00,18.6,951.7,4,120,48
2010-07-12 20:00:00,19.9,949.5,2,120,33
2010-07-12 21:00:00,18.8,953.1,3,120,54
2010-07-12 22:00:00,20.2,946.8,5,167,32
2010-07-12 23:00:00,21.6,947.8,1,207,40
2010-07-13 00:00:00,21.3,953.8,2,178,37
2010-07-13 01:00:00,23.6,946.7,4,214,36
2010-07-13 02:00:00,23.5,955.8,1,178,41
2010-07-13 03:00:00,26.7,949.2,4,285,59
2010-07-13 04:00:00,25.5,949.2,4,354,49
2010-07-13 05:00:00,26.3,951.8,7,242,42
2010-07-13 06:00:00,27.4,952.4,5,332,32
2010-07-13 07:00:00,24.9,949.6,7,245,57
2010-07-13 09:00:00,25.7,950.6,2,214,58
2010-07-13 10:00:00,22.7,952.7,4,287,32
2010-07-13 11:00:00,22.6,952.3,0,166,39
2010-07-13 12:00:00,24.5,951.3,4,178,45
2010-07-13 13:00:00,20.9,950.6,6,48,58
2010-07-13 14:00:00,21.1,946.4,3,91,40
2010-07-13 15:00:00,18.8,952.2,7,99,52
2010-07-13 16:00:00,15.6,947.6,3,58,47
2010-07-13 17:00:00,19.7,949.1,5,70,51
2010-07-13 18:00:00,21.1,948.7,7,129,53
2010-07-13 19:00:00,18.6,954.6,5,92,44
2010-07-13 20:00:00,19.9,947.2,5,74,34
2010-07-13 21:00:00,19.3,952.1,5,135,32
2010-07-13 22:00:00,18.5,945,15,124,43
2010-07-13 23:00:00,19.3,956.1,5,213,49
2010-07-14 00:00:00,25.2,948.8,13,238,37
2010-07-14 01:00:00,22,954.1,3,238,41
2010-07-14 02:00:00,19.4,949.8,2,262,48
2010-07-14 03:00:00,26.9,948.6,11,245,31
2010-07-14 04:00:00,23.4,948.1,6,282,46
2010-07-14 05:00:00,27.3,946,8,312,44
2010-07-14 06:00:00,26.9,950.9,1,232,46
2010-07-14 07:00:00,26.3,948.6,14,250,42
2010-07-14 08:00:00,24.4,953.5,6,271,46
2010-07-14 09:00:00,25,953.2,2,243,59
2010-07-14 10:00:00,23.8,952,7,184,45
2010-07-14 11:00:00,22.4,951.6,5,199,32
2010-07-14 12:00:00,20.4,952.8,4,151,34
2010-07-14 13:00:00,19.9,957.3,6,141,42
2010-07-14 14:00:00,19.5,947.5,6,109,36
2010-07-14 15:00:00,14.8,955.3,9,143,37
2010-07-14 16:00:00,20.2,948.6,3,115,47
2010-07-14 17:00:00,18.1,952.2,3,114,63
2010-07-14 18:00:00,15.3,950.7,1,94,53
2010-07-14 19:00:00,19.5,950.4,4,126,43
2010-07-14 20:00:00,20.1,952.9,4,108,42
2010-07-14 21:00:00,19.8,950,5,82,52
2010-07-14 22:00:00,19.2,953.8,7,142,39
2010-07-14 23:00:00,20.7,947.7,3,223,36
2010-07-15 00:00:00,22.9,945.6,2,235,40
2010-07-15 01:00:00,22.9,952.2,12,298,51
2010-07-15 02:00:00,23.5,947.1,6,265,49
2010-07-15 03:00:00,28.2,949.6,1,294,34
2010-07-15 04:00:00,28.3,946.6,5,253,43
2010-07-15 05:00:00,25.4,950.2,12,256,48
2010-07-15 06:00:00,25.5,954.3,2,294,36
2010-07-15 07:00:00,24.2,953.7,6,240,37
2010-07-15 08:00:00,26,946.9,5,231,34
2010-07-15 09:00:00,24.8,946.6,1,306,52
2010-07-15 10:00:00,25,953.1,10,217,47
2010-07-15 11:00:00,23.2,951.2,2,192,61
2010-07-15 12:00:00,23.2,952,6,168,46
2010-07-15 13:00:00,19.7,949.4,6,65,34
2010-07-15 14:00:00,19.1,949,1,112,50
2010-07-15 15:00:00,20.6,947.4,11,102,46
2010-07-15 16:00:00,18.6,951.6,1,85,45
2010-07-15 17:00:00,17.3,945.3,7,109,38
2010-07-15 18:00:00,17,952.8,12,42,35
2010-07-15 19:00:00,15.3,947.7,7,81,61
2010-07-15 20:00:00,19.2,950.5,4,131,42
2010-07-15 21:00:00,19.5,953,9,157,49
2010-07-15 22:00:00,20.7,950.1,0,228,42
2010-07-15 23:00:00,21.6,953,1,163,37
2010-07-16 01:00:00,22.8,949.7,3,234,36
2010-07-16 02:00:00,24.8,949.2,10,233,21
2010-07-16 03:00:00,24,950.1,6,261,52
2010-07-16 05:00:00,24.7,951,3,280,42
2010-07-16 06:00:00,27.7,953.6,13,248,54
2010-07-16 07:00:00,26.6,950.7,3,244,36
2010-07-16 08:00:00,26.5,954,4,253,33
2010-07-16 09:00:00,24.2,946.5,3,247,36
2010-07-16 10:00:00,22.1,946.2,5,230,46
2010-07-16 11:00:00,24.8,947.5,10,194,48
2010-07-16 12:00:00,22,949.4,4,120,50
2010-07-16 13:00:00,21.8,951.4,9,85,42
2010-07-16 14:00:00,16.6,948.4,2,130,44
2010-07-16 15:00:00,17.8,944.5,0,130,41
2010-07-16 16:00:00,18.7,950.1,2,71,51
2010-07-16 17:00:00,18.4,950.9,4,81,43
2010-07-16 18:00:00,16.7,952,2,97,48
2010-07-16 19:00:00,17.3,954,4,102,32
2010-07-16 20:00:00,16.4,947.9,6,84,32
2010-07-16 21:00:00,17.9,955,7,104,51
2010-07-16 22:00:00,20.2,951.7,4,174,55
2010-07-16 23:00:00,20,949.9,5,166,39
2010-07-17 00:00:00,20.6,952.2,5,226,51
2010-07-17 01:00:00,25.3,947.4,0,244,53
2010-07-17 02:00:00,23.8,948,4,236,26
2010-07-17 03:00:00,23.4,954.6,4,284,47
2010-07-17 04:00:00,28.6,946.3,2,260,42
2010-07-17 05:00:00,25.6,953.6,7,297,46
2010-07-17 06:00:00,24.7,952.4,3,320,65
2010-07-17 07:00:00,27.2,950.2,6,258,52
2010-07-17 08:00:00,23.9,951.7,6,279,42
2010-07-17 09:00:00,24.3,957.6,8,197,59
2010-07-17 10:00:00,24.2,952.1,7,154,39
2010-07-17 11:00:00,21.4,946.2,8,211,45
2010-07-17 12:00:00,21,947,4,141,42
2010-07-17 13:00:00,20.4,952.3,10,84,26
2010-07-17 14:00:00,19.2,953.5,12,110,45
2010-07-17 15:00:00,18.6,949.4,5,104,59
2010-07-17 16:00:00,18.6,947.1,12,113,35
2010-07-17 17:00:00,18,950.1,5,84,24
2010-07-17 18:00:00,18.4,948.2,9,101,35
2010-07-17 19:00:00,17.9,945.1,2,107,52
2010-07-17 20:00:00,18.5,953.4,10,173,24
2010-07-17 21:00:00,20.6,952.8,2,176,44
2010-07-17 22:00:00,17.8,949.7,8,196,54
2010-07-17 23:00:00,22,946.7,4,226,51
2010-07-18 00:00:00,18.1,948.6,2,193,51
2010-07-18 01:00:00,24.5,949.2,2,236,39
2010-07-18 02:00:00,22.5,946.5,0,275,53
2010-07-18 03:00:00,26.1,946.3,11,288,45
2010-07-18 04:00:00,28,948.3,3,282,26
2010-07-18 05:00:00,26.1,951.7,0,265,38
2010-07-18 06:00:00,23.6,946,1,239,65
2010-07-18 07:00:00,26.2,947.5,3,252,47
2010-07-18 08:00:00,20.6,949.5,3,235,65
2010-07-18 09:00:00,22.8,948.7,1,226,44
2010-07-18 10:00:00,23,951.5,15,245,44
2010-07-18 11:00:00,23.2,948.7,3,158,30
2010-07-18 12:00:00,24.2,940.9,0,156,51
2010-07-18 13:00:00,22.8,949.2,9,94,52
2010-07-18 14:00:00,19.4,948,5,103,39
2010-07-18 15:00:00,18.3,950.4,1,69,38
2010-07-18 16:00:00,16.5,951.2,4,78,39
2010-07-18 17:00:00,17.6,950.8,5,95,44
2010-07-18 18:00:00,18,950,4,131,49
2010-07-18 20:00:00,15.9,953.3,0,116,53
2010-07-18 21:00:00,17.3,950.8,3,158,44
2010-07-18 22:00:00,19.4,952,4,107,50
2010-07-18 23:00:00,20.4,955.2,6,191,37
2010-07-19 00:00:00,21.8,951.7,1,247,44
2010-07-19 01:00:00,22.8,950.4,1,251,55
2010-07-19 02:00:00,24.9,945.4,7,241,48
2010-07-19 03:00:00,23.1,946.7,2,288,52
2010-07-19 04:00:00,24.6,951.8,2,234,51
2010-07-19 06:00:00,24.4,951.8,7,253,49
2010-07-19 07:00:00,27.2,951.9,2,275,41
2010-07-19 08:00:00,21.4,952.9,2,226,48
2010-07-19 09:00:00,27.5,946.4,4,268,46
2010-07-19 10:00:00,23.7,949.2,8,228,56
2010-07-19 11:00:00,22.9,950.2,2,107,44
2010-07-19 12:00:00,22.3,955.2,9,166,47
2010-07-19 13:00:00,19.9,947.4,3,104,50
2010-07-19 14:00:00,21.1,952.2,4,109,41
2010-07-19 15:00:00,16,950.8,3,124,55
2010-07-19 16:00:00,17.2,943.4,1,71,34
2010-07-19 17:00:00,15.8,945.3,0,30,45
2010-07-19 18:00:00,19.9,955.6,6,118,55
2010-07-19 19:00:00,16.2,949.2,1,110,53
2010-07-19 20:00:00,19.6,944.5,3,133,39
2010-07-19 21:00:00,19.8,954,3,143,54
2010-07-19 22:00:00,18.6,944.1,6,99,54
2010-07-19 23:00:00,18.9,948.1,2,233,45
2010-07-20 00:00:00,25.1,949.3,4,201,37
2010-07-20 01:00:00,25,950.7,6,202,59
2010-07-20 02:00:00,23.8,948.8,5,227,58
2010-07-20 03:00:00,25.8,949.1,3,238,41
2010-07-20 04:00:00,26.8,948.8,1,294,53
2010-07-20 05:00:00,22.8,949.5,2,236,44
2010-07-20 06:00:00,26,951.2,1,273,48
2010-07-20 07:00:00,26.1,947,6,253,33
2010-07-20 08:00:00,25,949.9,1,230,40
2010-07-20 09:00:00,23.6,953.5,8,193,40
2010-07-20 10:00:00,25,950.3,1,200,48
2010-07-20 11:00:00,23.8,952.8,11,162,35
2010-07-20 12:00:00,23.4,951.3,9,131,45
2010-07-20 13:00:00,19.8,947.4,1,106,52
2010-07-20 14:00:00,18.1,954.8,7,111,53
2010-07-20 15:00:00,18.2,944.2,2,105,46
2010-07-20 16:00:00,17.5,949.3,3,124,64
2010-07-20 17:00:00,15.5,945.4,2,86,42
2010-07-20 18:00:00,18.3,951.9,3,82,38
2010-07-20 19:00:00,15.3,953,1,88,56
2010-07-20 20:00:00,19.4,945.9,1,136,48
2010-07-20 21:00:00,20.6,956.4,7,131,38
2010-07-20 22:00:00,18.9,949.7,0,130,42
2010-07-21 00:00:00,22.6,948.3,4,262,41
2010-07-21 01:00:00,25,944.6,4,228,44
2010-07-21 02:00:00,23.8,952.9,5,262,57
2010-07-21 03:00:00,23,948.1,7,204,58
2010-07-21 04:00:00,22.6,951.4,3,258,39
2010-07-21 05:00:00,24.6,947.8,7,263,42
2010-07-21 06:00:00,26.3,949.8,1,303,43
2010-07-21 07:00:00,25.7,949.2,4,273,50
2010-07-21 08:00:00,25.4,954.1,7,186,44
2010-07-21 09:00:00,26,951.2,2,244,44
2010-07-21 10:00:00,23,949.7,1,169,42
2010-07-21 11:00:00,22.4,947.3,0,174,64
2010-07-21 12:00:00,20.7,942.8,8,137,45
2010-07-21 13:00:00,20,950,5,102,49
2010-07-21 14:00:00,17.5,948.5,6,100,40
2010-07-21 15:00:00,18.3,943.9,3,97,47
2010-07-21 16:00:00,16.3,948.5,4,78,36
2010-07-21 17:00:00,20.7,953.3,1,105,53
2010-07-21 18:00:00,20,945.8,10,57,53
2010-07-21 19:00:00,17.1,945.9,4,188,49
2010-07-21 20:00:00,21.7,953.5,4,166,32
2010-07-21 22:00:00,21.4,948.1,1,180,46
2010-07-21 23:00:00,21.8,945.6,2,175,56
2010-07-22 00:00:00,23.6,949.8,1,166,49
2010-07-22 01:00:00,23.4,952.2,0,289,59
2010-07-22 02:00:00,23,949.1,4,267,62
2010-07-22 03:00:00,22.3,947.3,8,230,54
2010-07-22 04:00:00,24.8,948.3,1,265,55
2010-07-22 05:00:00,26.3,950.2,4,256,40
2010-07-22 06:00:00,24.7,949.3,8,295,57
2010-07-22 07:00:00,23.6,952,2,260,43
2010-07-22 08:00:00,24.6,946.4,3,248,53
2010-07-22 09:00:00,28.5,946.6,8,237,36
2010-07-22 10:00:00,24.7,951.2,0,151,36
2010-07-22 11:00:00,21.6,949,1,231,33
2010-07-22 12:00:00,21.7,948.7,2,161,52
2010-07-22 13:00:00,21.6,944.5,7,144,51
2010-07-22 14:00:00,15.6,942.5,8,131,40
2010-07-22 15:00:00,16.6,951.1,4,114,51
2010-07-22 16:00:00,17.8,950.3,5,112,43
2010-07-22 17:00:00,14.9,949.4,4,127,58
2010-07-22 18:00:00,16.3,954.2,6,97,33
2010-07-22 19:00:00,16.7,947.7,1,139,51
2010-07-22 21:00:00,19.6,945.7,10,140,53
2010-07-22 22:00:00,18.5,945.6,8,189,44
2010-07-23 00:00:00,21.1,949,2,214,45
2010-07-23 01:00:00,22.3,949.4,1,237,44
2010-07-23 02:00:00,22.7,951.9,2,280,42
2010-07-23 03:00:00,24.1,948.1,0,231,40
2010-07-23 04:00:00,26,946,12,314,24
2010-07-23 05:00:00,25.3,949.1,5,292,46
2010-07-23 06:00:00,26.5,951.3,1,229,51
2010-07-23 07:00:00,24.5,953.4,3,214,55
2010-07-23 08:00:00,25.1,941.7,9,212,47
2010-07-23 09:00:00,21.8,947.6,8,239,34
2010-07-23 10:00:00,19.7,947,2,218,43
2010-07-23 11:00:00,21.8,951.6,7,189,41
2010-07-23 12:00:00,19.2,947.3,1,141,39
2010-07-23 13:00:00,22.7,947.2,3,194,53
2010-07-23 14:00:00,20.1,949.9,4,131,40
2010-07-23 15:00:00,15.4,952.5,4,56,40
2010-07-23 16:00:00,19.4,948.1,3,75,38
2010-07-23 17:00:00,21,949.6,4,66,38
2010-07-23 18:00:00,18.5,949.5,3,47,53
2010-07-23 20:00:00,18.5,952.1,9,117,58
2010-07-23 21:00:00,20.9,948.4,0,127,32
2010-07-23 22:00:00,18.4,951.7,6,193,49
2010-07-23 23:00:00,22.5,946.5,3,167,43
2010-07-24 00:00:00,19.1,947.4,1,194,52
2010-07-24 01:00:00,22.2,952,2,192,52
2010-07-24 02:00:00,20.4,950.8,2,262,46
2010-07-24 03:00:00,25.6,952.9,4,258,58
2010-07-24 04:00:00,25.7,950.9,5,281,52
2010-07-24 05:00:00,25.7,951.3,3,298,48
2010-07-24 06:00:00,25,949.6,6,304,30
2010-07-24 07:00:00,25.1,946.6,1,221,42
2010-07-24 08:00:00,22.8,951,1,215,47
2010-07-24 09:00:00,19.7,949,9,200,51
2010-07-24 10:00:00,21,950.4,1,158,53
2010-07-24 11:00:00,22.4,948.5,15,125,66
2010-07-24 12:00:00,22.9,950.6,3,96,39
2010-07-24 13:00:00,18.2,950.5,6,128,41
2010-07-24 14:00:00,18.6,946.6,1,112,46
2010-07-24 15:00:00,18.7,952.4,1,104,42
2010-07-24 16:00:00,18.9,946.8,7,95,47
2010-07-24 17:00:00,16.8,949,1,34,38
2010-07-24 18:00:00,18.3,946.7,5,117,49
2010-07-24 19:00:00,16.8,948,3,70,47
2010-07-24 21:00:00,18.3,942.5,3,156,47
2010-07-24 22:00:00,19.2,952.7,2,119,37
2010-07-24 23:00:00,21.1,950.3,4,212,44
2010-07-25 00:00:00,23.1,949.8,0,234,42
2010-07-25 01:00:00,26.8,951.4,0,205,56
2010-07-25 02:00:00,22.7,948,6,251,46
2010-07-25 03:00:00,24.6,942.1,4,225,49
2010-07-25 04:00:00,25,948.8,11,294,53
2010-07-25 05:00:00,26.2,951.9,10,350,43
2010-07-25 06:00:00,24.1,940.9,2,202,34
2010-07-25 07:00:00,25.3,944.4,12,225,49
2010-07-25 08:00:00,24.2,947.7,1,247,51
2010-07-25 09:00:00,24.8,952.2,6,194,61
2010-07-25 10:00:00,23.8,940.3,5,207,48
2010-07-25 11:00:00,22.7,952,3,158,44
2010-07-25 12:00:00,24.9,945.2,4,172,49
2010-07-25 13:00:00,19.7,944.3,4,120,61
2010-07-25 14:00:00,20,949.4,2,118,33
2010-07-25 15:00:00,18.5,949.1,1,92,51
2010-07-25 16:00:00,16.1,949.3,7,86,35
2010-07-25 17:00:00,15.8,943.9,3,127,62
2010-07-25 18:00:00,19.4,946.3,7,118,40
2010-07-25 19:00:00,18,946.5,6,108,47
2010-07-25 20:00:00,20.2,949.1,12,158,54
2010-07-25 21:00:00,17,945.7,1,117,38
2010-07-25 22:00:00,19.1,951.2,2,135,51
2010-07-25 23:00:00,21.2,949.4,9,177,51
2010-07-26 00:00:00,22.5,944.2,11,192,39
2010-07-26 01:00:00,23.9,951.2,5,219,53
2010-07-26 02:00:00,20.2,947.5,9,212,51
2010-07-26 03:00:00,23.7,953.2,0,282,39
2010-07-26 04:00:00,23.9,953.5,9,250,53
2010-07-26 05:00:00,22,948.2,9,276,42
2010-07-26 06:00:00,25.5,946.5,5,259,37
2010-07-26 07:00:00,24.4,948.9,2,267,40
2010-07-26 08:00:00,25.1,949.9,4,254,49
2010-07-26 09:00:00,21.6,947.3,5,277,50
2010-07-26 10:00:00,22.6,946.6,3,183,46
2010-07-26 11:00:00,24.2,951.2,3,221,61
2010-07-26 12:00:00,23.6,952.9,2,116,54
2010-07-26 13:00:00,19.4,945.3,7,126,36
2010-07-26 14:00:00,16,953.9,0,122,45
2010-07-26 15:00:00,18.4,955.2,9,119,37
2010-07-26 16:00:00,15.3,947.6,0,69,50
2010-07-26 17:00:00,18.6,948.3,6,91,43
2010-07-26 18:00:00,16.3,949.4,1,63,41
2010-07-26 19:00:00,16,946.4,4,105,44
2010-07-26 20:00:00,17.6,947.6,2,129,64
2010-07-26 21:00:00,22.5,955.3,5,123,42
2010-07-26 22:00:00,18,945.3,2,177,45
2010-07-26 23:00:00,22.3,946.9,4,172,58
2010-07-27 00:00:00,20.4,951.8,6,189,43
2010-07-27 01:00:00,19.2,946.1,0,265,54
2010-07-27 02:00:00,20.9,949.6,9,274,43
2010-07-27 03:00:00,24.1,944.5,2,212,62
2010-07-27 04:00:00,24.9,941.6,2,241,40
2010-07-27 05:00:00,25.5,944.3,3,260,51
2010-07-27 06:00:00,23.2,946.5,1,291,55
2010-07-27 07:00:00,23,948,0,216,42
2010-07-27 08:00:00,25.2,948.5,1,259,46
2010-07-27 09:00:00,21.9,940.8,0,267,51
2010-07-27 10:00:00,22.3,952.3,7,224,38
2010-07-27 11:00:00,20.5,949.4,1,102,47
2010-07-27 12:00:00,22.2,946,11,89,40
2010-07-27 13:00:00,19.1,950.6,2,139,49
2010-07-27 14:00:00,17.7,948.9,9,74,41
2010-07-27 15:00:00,17.6,944.9,6,111,44
2010-07-27 16:00:00,18.3,949.5,5,101,55
2010-07-27 17:00:00,15.4,950.4,5,46,51
2010-07-27 18:00:00,14.6,953.6,1,43,50
2010-07-27 19:00:00,15.3,944,11,87,54
2010-07-27 20:00:00,17,948.5,6,110,47
2010-07-27 21:00:00,18.8,947.3,5,131,51
2010-07-27 22:00:00,17,946.3,12,161,52
2010-07-27 23:00:00,19.2,944.2,1,152,44
2010-07-28 00:00:00,19.4,948.8,4,276,38
2010-07-28 01:00:00,22.5,951.7,7,261,48
2010-07-28 02:00:00,22.3,949.5,0,303,48
2010-07-28 03:00:00,25.3,947.7,4,235,46
2010-07-28 04:00:00,25.7,948.3,12,262,42
2010-07-28 05:00:00,24.3,943.8,6,299,49
2010-07-28 06:00:00,27.1,947.3,1,283,55
2010-07-28 07:00:00,24.7,959.1,3,280,52
2010-07-28 08:00:00,24.8,952,7,191,49
2010-07-28 09:00:00,23.7,949.2,1,232,56
2010-07-28 10:00:00,22.3,947,1,187,47
2010-07-28 11:00:00,22.6,952,4,208,41
2010-07-28 12:00:00,20.3,947.4,3,165,60
2010-07-28 13:00:00,19.2,946.7,8,119,39
2010-07-28 14:00:00,18.5,948.3,2,172,41
2010-07-28 15:00:00,18.2,946.6,1,96,46
2010-07-28 16:00:00,13.5,948.7,2,105,51
2010-07-28 17:00:00,14.8,950,4,141,53
2010-07-28 18:00:00,15.8,948.3,6,96,48
2010-07-28 19:00:00,18,948.9,2,178,40
2010-07-28 20:00:00,14.9,947.4,0,113,43
2010-07-28 21:00:00,16.4,949.7,6,165,70
2010-07-28 22:00:00,20.8,951.4,0,191,40
2010-07-28 23:00:00,22,945.5,6,173,46
2010-07-29 00:00:00,19.9,947.6,8,235,37
2010-07-29 01:00:00,21.1,946.5,2,203,41
2010-07-29 02:00:00,23.9,947.7,1,196,50
2010-07-29 03:00:00,24.5,949.3,3,259,49
2010-07-29 04:00:00,25.2,953,6,269,51
2010-07-29 05:00:00,25.7,949.6,5,302,43
2010-07-29 06:00:00,23.2,948,2,268,62
2010-07-29 07:00:00,23.7,956,2,282,48
2010-07-29 08:00:00,22.5,944.9,1,197,39
2010-07-29 09:00:00,25,946.1,10,225,40
2010-07-29 10:00:00,22.3,946.1,2,203,52
2010-07-29 11:00:00,19.6,950.1,2,158,30
2010-07-29 12:00:00,21.4,947.9,8,151,60
2010-07-29 13:00:00,20.9,956.1,7,162,31
2010-07-29 14:00:00,19.5,952.7,6,114,44
2010-07-29 15:00:00,16.8,945.1,9,114,31
2010-07-29 16:00:00,18.4,950.6,14,133,38
2010-07-29 17:00:00,18.3,944.6,3,123,41
2010-07-29 18:00:00,16.2,945.6,2,76,65
2010-07-29 19:00:00,16.9,946.5,2,79,51
2010-07-29 20:00:00,16,948.9,4,195,51
2010-07-29 21:00:00,19.6,942.3,7,97,43
2010-07-29 22:00:00,21.1,949,2,170,53
2010-07-29 23:00:00,18.1,945.4,7,164,61
2010-07-30 00:00:00,20.9,948.2,3,195,42
2010-07-30 02:00:00,23.7,945,2,250,57
2010-07-30 03:00:00,22.5,949.8,4,262,40
2010-07-30 04:00:00,23.1,949.6,4,248,30
2010-07-30 05:00:00,24.4,943.2,7,313,41
2010-07-30 06:00:00,25.2,951.6,1,250,48
2010-07-30 07:00:00,27.6,948,3,234,43
2010-07-30 08:00:00,25.5,939.8,9,212,44
2010-07-30 09:00:00,24.3,947.2,1,230,45
2010-07-30 10:00:00,21.7,953.3,5,159,32
2010-07-30 11:00:00,24.7,945.9,4,166,39
2010-07-30 12:00:00,19.4,950,4,150,44
2010-07-30 13:00:00,18,948.9,6,146,47
2010-07-30 14:00:00,18.8,947.3,1,112,50
2010-07-30 15:00:00,20.4,946.5,7,146,30
2010-07-30 16:00:00,15.7,942.6,5,113,53
2010-07-30 17:00:00,16.8,949.8,3,86,48
2010-07-30 18:00:00,17,948.3,7,82,46
2010-07-30 19:00:00,16.3,951.2,5,62,43
2010-07-30 20:00:00,15.6,951.8,3,112,39
2010-07-30 21:00:00,18,947,9,106,34
2010-07-30 22:00:00,19.9,946.5,6,127,52
2010-07-30 23:00:00,16.3,944,3,194,61
2010-07-31 00:00:00,22,948.1,3,196,54
2010-07-31 01:00:00,21.8,951.1,9,169,46
2010-07-31 02:00:00,21.7,944,5,264,44
2010-07-31 03:00:00,23.3,942.1,12,247,26
2010-07-31 04:00:00,24.1,949.2,1,272,45
2010-07-31 05:00:00,26.1,946.6,7,232,39
2010-07-31 06:00:00,24.5,949.1,12,250,43
2010-07-31 07:00:00,23.6,947.8,1,263,47
2010-07-31 08:00:00,24.2,950,5,236,57
2010-07-31 09:00:00,21.6,941.9,2,227,40
2010-07-31 10:00:00,21.3,946.1,10,239,62
2010-07-31 11:00:00,23.1,948.3,4,147,31
2010-07-31 12:00:00,21.1,949.4,5,194,50
2010-07-31 13:00:00,23,948.7,3,136,37
2010-07-31 14:00:00,18.1,948.3,3,105,65
2010-07-31 15:00:00,17,947.2,6,140,62
2010-07-31 16:00:00,18,949.4,2,120,44
2010-07-31 17:00:00,17.3,947.3,2,76,57
2010-07-31 18:00:00,16.2,945.4,4,105,56
2010-07-31 19:00:00,17.3,947.3,1,109,63
2010-07-31 20:00:00,19.4,949.8,3,136,47
2010-07-31 21:00:00,17.9,948.9,2,147,64
2010-07-31 22:00:00,17.1,945.1,4,160,64
2010-07-31 23:00:00,19,949.2,1,219,34
2010-08-01 00:00:00,23.3,949,15,194,50
2010-08-01 01:00:00,23.1,941.6,1,207,50
2010-08-01 02:00:00,23.7,949.6,16,249,47
2010-08-01 03:00:00,23.1,947.6,2,272,42
2010-08-01 04:00:00,22.5,947.1,3,248,46
2010-08-01 05:00:00,21.2,944,5,306,60
2010-08-01 06:00:00,21.4,947,4,228,53
2010-08-01 07:00:00,26.3,946.1,6,271,46
2010-08-01 08:00:00,22.7,944.3,9,255,20
2010-08-01 09:00:00,23.3,944.3,1,252,52
2010-08-01 10:00:00,25.5,943.7,4,234,61
2010-08-01 11:00:00,21.6,949,6,185,47
2010-08-01 12:00:00,20.7,949.3,6,163,48
2010-08-01 13:00:00,20.7,946.5,4,130,46
2010-08-01 15:00:00,17,947.5,1,107,55
2010-08-01 16:00:00,18.2,948.9,1,81,43
2010-08-01 17:00:00,14.7,941.4,4,86,45
2010-08-01 18:00:00,18.9,948.5,0,101,46
2010-08-01 19:00:00,14.8,946.3,7,113,56
2010-08-01 21:00:00,17.2,943.4,8,109,31
2010-08-01 22:00:00,19.6,946.8,4,163,53
2010-08-01 23:00:00,17.3,946.1,2,247,53
2010-08-02 00:00:00,22,944.9,9,216,59
2010-08-02 01:00:00,23.9,943.5,2,239,37
2010-08-02 02:00:00,22.5,950.2,2,259,30
2010-08-02 03:00:00,23.6,940.2,1,261,46
2010-08-02 04:00:00,23.2,942.3,2,311,39
2010-08-02 05:00:00,25.2,945.4,2,259,43
2010-08-02 06:00:00,25.9,944.6,3,313,51
2010-08-02 07:00:00,25.5,946.9,9,270,56
2010-08-02 08:00:00,23.9,950,2,224,54
2010-08-02 09:00:00,25.2,943.7,8,208,43
2010-08-02 10:00:00,23.3,950,0,248,46
2010-08-02 11:00:00,22.1,945,3,168,37
2010-08-02 12:00:00,22.5,951.6,3,213,49
2010-08-02 13:00:00,19.9,953.4,1,126,36
2010-08-02 14:00:00,17.4,946.8,1,90,38
2010-08-02 15:00:00,20.3,946.1,6,116,53
2010-08-02 16:00:00,15.9,948.5,14,68,50
2010-08-02 17:00:00,17.4,945.6,4,143,35
2010-08-02 18:00:00,16.9,949.7,4,95,43
2010-08-02 19:00:00,17.5,944.7,1,127,43
2010-08-02 20:00:00,17.5,950.9,4,105,58
2010-08-02 21:00:00,15.8,945.4,2,155,40
2010-08-02 22:00:00,16.8,944.2,0,179,65
2010-08-02 23:00:00,20.4,945.5,2,185,48
2010-08-03 00:00:00,19.9,945.7,1,242,44
2010-08-03 01:00:00,20.5,949.9,1,234,60
2010-08-03 02:00:00,22.8,958.6,0,297,50
2010-08-03 03:00:00,24.2,947.6,4,301,51
2010-08-03 04:00:00,23.3,944.1,5,233,53
2010-08-03 05:00:00,25.5,947.1,11,321,52
2010-08-03 06:00:00,27.5,947.4,7,306,42
2010-08-03 07:00:00,23.5,947.4,1,251,47
2010-08-03 08:00:00,24.1,948,3,250,61
2010-08-03 09:00:00,26,946.7,6,219,57
2010-08-03 10:00:00,23.8,946,5,254,56
2010-08-03 11:00:00,19.5,947.7,1,183,50
2010-08-03 12:00:00,20.3,953.9,1,176,49
2010-08-03 13:00:00,17.4,945.7,2,103,54
2010-08-03 14:00:00,20.5,948,6,153,48
2010-08-03 15:00:00,17.5,940.2,3,95,47
2010-08-03 16:00:00,17.8,948.5,8,55,64
2010-08-03 17:00:00,17,942.4,3,98,50
2010-08-03 18:00:00,17.8,949.7,3,87,33
2010-08-03 19:00:00,15.2,949.9,7,145,34
2010-08-03 20:00:00,16.6,947.6,2,106,46
2010-08-03 21:00:00,17.4,947.9,4,164,37
2010-08-03 22:00:00,20.9,942,4,124,34
2010-08-04 00:00:00,19.8,946.1,0,188,47
2010-08-04 01:00:00,20,948.6,6,272,46
2010-08-04 02:00:00,19,945.6,6,271,71
2010-08-04 03:00:00,23.6,948.9,0,267,63
2010-08-04 04:00:00,23.5,943.3,5,301,55
2010-08-04 05:00:00,22.1,946.1,9,259,43
2010-08-04 06:00:00,21.2,942.5,2,263,60
2010-08-04 07:00:00,23.1,947.7,7,280,42
2010-08-04 08:00:00,22.7,949.6,1,219,55
2010-08-04 09:00:00,23.8,949.1,6,193,49
2010-08-04 10:00:00,20.7,947.7,1,174,39
2010-08-04 11:00:00,19.6,951.6,0,206,40
2010-08-04 12:00:00,21.2,942.9,8,206,47
2010-08-04 13:00:00,19.2,944.3,8,97,39
2010-08-04 14:00:00,18.7,947,7,75,29
2010-08-04 15:00:00,15.5,949.6,10,146,45
2010-08-04 16:00:00,15.8,946.8,2,89,62
2010-08-04 17:00:00,17.5,945.4,13,79,52
2010-08-04 18:00:00,18.5,950,8,95,51
2010-08-04 19:00:00,18,941.4,0,50,57
2010-08-04 20:00:00,19.6,945.4,6,117,50
2010-08-04 21:00:00,16.1,941.1,0,121,43
2010-08-04 22:00:00,15.8,944.3,1,222,48
2010-08-04 23:00:00,22.1,944.3,4,149,45
2010-08-05 00:00:00,22.2,946.3,5,187,52
2010-08-05 01:00:00,23.7,947.9,5,238,55
2010-08-05 02:00:00,22.2,943.4,5,278,45
2010-08-05 03:00:00,22.2,944.1,3,190,42
2010-08-05 04:00:00,24.8,949.7,6,297,42
2010-08-05 05:00:00,25.9,945.7,5,277,47
2010-08-05 06:00:00,23.6,945.3,6,281,40
2010-08-05 07:00:00,24.7,943.7,4,312,59
2010-08-05 08:00:00,23.4,942.9,6,257,47
2010-08-05 09:00:00,22.8,945.4,7,247,48
2010-08-05 10:00:00,24.3,952.1,1,194,60
2010-08-05 11:00:00,18.3,942.1,7,158,53
2010-08-05 12:00:00,19.7,946.5,2,147,54
2010-08-05 13:00:00,19.3,949.9,11,144,41
2010-08-05 14:00:00,16.8,942.3,3,125,42
2010-08-05 15:00:00,18.4,948.7,1,110,50
2010-08-05 16:00:00,15.8,945.6,8,128,48
2010-08-05 17:00:00,15.6,947.2,3,70,36
2010-08-05 18:00:00,16.9,945.5,4,100,56
2010-08-05 19:00:00,16.2,949,10,105,50
2010-08-05 20:00:00,15.6,946.9,9,126,44
2010-08-05 21:00:00,17.2,943.6,1,209,52
2010-08-05 22:00:00,16.9,948.9,1,74,58
2010-08-05 23:00:00,17.7,946.6,2,178,49
2010-08-06 00:00:00,18.3,945,4,164,55
2010-08-06 01:00:00,19.3,954.1,3,193,49
2010-08-06 02:00:00,21.7,948.7,2,217,44
2010-08-06 03:00:00,24.7,951,8,219,59
2010-08-06 05:00:00,22.3,946.9,1,333,60
2010-08-06 06:00:00,24.4,944.6,2,290,45
2010-08-06 07:00:00,22.9,945.1,0,225,53
2010-08-06 08:00:00,24.8,943.6,5,191,54
2010-08-06 09:00:00,24.2,944.3,6,242,51
2010-08-06 10:00:00,22.3,943.4,2,209,38
2010-08-06 11:00:00,20.8,947.7,6,210,61
2010-08-06 12:00:00,20.2,947.7,2,164,56
2010-08-06 13:00:00,18.9,948.3,3,96,47
2010-08-06 14:00:00,16.5,948.9,3,133,46
2010-08-06 15:00:00,18.8,950.7,6,113,55
2010-08-06 16:00:00,17.1,947.7,1,82,52
2010-08-06 17:00:00,16.2,948.7,1,59,48
2010-08-06 18:00:00,14.9,947.8,4,94,45
2010-08-06 19:00:00,14.8,947.2,6,134,55
2010-08-06 20:00:00,14.3,948.1,2,5,63
2010-08-06 21:00:00,19,947.5,1,125,42
2010-08-06 22:00:00,17.5,947.7,0,208,48
2010-08-06 23:00:00,19.4,945.3,2,205,52
2010-08-07 00:00:00,20.5,943.3,5,218,50
2010-08-07 01:00:00,21.7,947.1,4,223,49
2010-08-07 02:00:00,22.8,944.5,2,263,51
2010-08-07 03:00:00,21.5,947.2,0,281,49
2010-08-07 04:00:00,25.7,948.1,1,301,62
2010-08-07 05:00:00,23.2,942.2,2,314,71
2010-08-07 06:00:00,27,949.7,5,306,45
2010-08-07 07:00:00,22.8,949.6,4,282,43
2010-08-07 08:00:00,24.1,948.5,3,201,37
2010-08-07 09:00:00,22.2,947.2,2,170,51
2010-08-07 10:00:00,21.3,949,4,182,58
2010-08-07 11:00:00,20.7,950.7,0,198,57
2010-08-07 12:00:00,20,944.7,0,185,61
2010-08-07 13:00:00,18.3,949.1,2,94,49
2010-08-07 14:00:00,16.7,946.6,5,76,51
2010-08-07 15:00:00,17.6,947.8,1,126,49
2010-08-07 16:00:00,17.2,947.3,3,24,50
2010-08-07 17:00:00,17.4,946.6,0,105,56
2010-08-07 18:00:00,14.4,940.5,3,91,56
2010-08-07 19:00:00,14.6,945.8,7,109,56
2010-08-07 20:00:00,13.6,947.6,3,146,62
2010-08-07 21:00:00,16.6,948.4,5,229,57
2010-08-07 22:00:00,16.9,946.3,3,254,54
2010-08-07 23:00:00,19.3,947,2,169,57
2010-08-08 00:00:00,21.3,949.6,5,173,42
2010-08-08 01:00:00,21.8,942.3,6,229,49
2010-08-08 02:00:00,20.1,946.2,0,217,52
2010-08-08 03:00:00,20.5,948.5,1,283,37
2010-08-08 04:00:00,23.3,940.2,0,224,56
2010-08-08 05:00:00,22.4,951.5,1,246,49
2010-08-08 06:00:00,27.1,946.9,1,238,56
2010-08-08 07:00:00,24.2,947,1,243,64
2010-08-08 08:00:00,24.2,945.7,1,199,49
2010-08-08 09:00:00,23.7,944.9,6,191,49
2010-08-08 10:00:00,24.4,950.5,1,217,57
2010-08-08 11:00:00,21.3,946.9,4,152,58
2010-08-08 12:00:00,20.3,942.8,6,79,53
2010-08-08 13:00:00,19.1,948.4,0,110,39
2010-08-08 14:00:00,16.7,943.1,3,114,41
2010-08-08 15:00:00,18.5,944.6,3,74,46
2010-08-08 16:00:00,14.8,944.1,3,73,45
2010-08-08 17:00:00,17.3,950.9,9,90,54
2010-08-08 18:00:00,14.9,944.9,10,99,48
2010-08-08 19:00:00,14.5,944.7,1,139,41
2010-08-08 20:00:00,16.9,949.1,9,97,33
2010-08-08 21:00:00,16,948,4,120,53
2010-08-08 22:00:00,18.6,952.5,0,185,58
2010-08-08 23:00:00,18.8,941.2,2,172,39
2010-08-09 00:00:00,21.5,949.1,5,262,43
2010-08-09 01:00:00,22.7,949.4,6,215,55
2010-08-09 02:00:00,19.9,941.5,1,195,45
2010-08-09 03:00:00,22.6,947.7,14,269,37
2010-08-09 04:00:00,21.9,950.4,4,245,48
2010-08-09 05:00:00,23.5,945.8,6,258,46
2010-08-09 06:00:00,23.9,941.3,2,242,44
2010-08-09 07:00:00,22.8,944.6,4,203,37
2010-08-09 08:00:00,23.2,947.1,4,207,63
2010-08-09 09:00:00,21.3,942.8,3,256,49
2010-08-09 10:00:00,20.1,944.2,4,178,60
2010-08-09 11:00:00,18.1,945.8,8,153,41
2010-08-09 12:00:00,21.6,948.9,3,191,63
2010-08-09 13:00:00,20.2,950.5,3,66,56
2010-08-09 14:00:00,20.4,946.6,7,56,49
2010-08-09 15:00:00,17.1,947.9,2,102,33
2010-08-09 16:00:00,17.4,948.7,3,56,44
2010-08-09 17:00:00,18.1,941.9,4,96,58
2010-08-09 18:00:00,12.7,947,4,50,51
2010-08-09 19:00:00,15.8,949.9,7,104,52
2010-08-09 20:00:00,15.9,949.5,3,129,45
2010-08-09 21:00:00,16.6,947.5,1,123,55
2010-08-09 22:00:00,17.3,943.5,0,205,44
2010-08-09 23:00:00,17.8,944.8,3,132,56
2010-08-10 00:00:00,18.5,946.4,13,202,66
2010-08-10 01:00:00,20,948.1,3,255,50
2010-08-10 02:00:00,20.5,941.7,11,232,52
2010-08-10 03:00:00,21.2,942.4,1,253,65
2010-08-10 04:00:00,23,946.2,13,274,54
2010-08-10 05:00:00,22.5,944,0,309,46
2010-08-10 06:00:00,21.9,946,11,241,63
2010-08-10 07:00:00,23.8,946.4,3,249,47
2010-08-10 08:00:00,22.6,945.1,5,263,60
2010-08-10 09:00:00,25.7,943.1,0,229,59
2010-08-10 10:00:00,19.5,949.5,2,229,41
2010-08-10 11:00:00,22.5,947.2,8,189,63
2010-08-10 12:00:00,18.5,949.3,13,98,55
2010-08-10 13:00:00,18.7,952.2,12,145,49
2010-08-10 14:00:00,14.3,947.6,3,122,54
2010-08-10 15:00:00,18.7,946.3,7,86,72
2010-08-10 16:00:00,13.9,946.2,4,86,45
2010-08-10 17:00:00,16.9,942.2,2,20,61
2010-08-10 18:00:00,15.1,941.7,9,125,46
2010-08-10 19:00:00,17.1,947.7,9,120,50
2010-08-10 20:00:00,16.9,942.4,5,114,62
2010-08-10 21:00:00,17.5,946.2,6,133,56
2010-08-10 22:00:00,15.7,944.8,1,158,35
2010-08-10 23:00:00,17.2,943.7,14,135,49
2010-08-11 00:00:00,19.1,940.4,3,155,46
2010-08-11 01:00:00,20.2,942.1,4,230,55
2010-08-11 02:00:00,21.6,946.9,4,271,54
2010-08-11 03:00:00,22.8,949.1,7,252,62
2010-08-11 04:00:00,22.8,945.1,7,236,43
2010-08-11 05:00:00,22.3,943.3,6,313,42
2010-08-11 06:00:00,20.1,945.6,2,322,45
2010-08-11 07:00:00,23.9,945.9,8,277,48
2010-08-11 08:00:00,22.8,941,13,275,58
2010-08-11 09:00:00,21.9,944.1,1,252,51
2010-08-11 10:00:00,19.4,945.1,1,152,43
2010-08-11 12:00:00,20,947.4,10,136,48
2010-08-11 13:00:00,17.7,952.7,6,127,55
2010-08-11 14:00:00,16.4,946.1,6,100,33
2010-08-11 15:00:00,16.5,946.1,6,61,46
2010-08-11 16:00:00,13.5,944.3,1,83,43
2010-08-11 17:00:00,16.9,948.8,2,45,55
2010-08-11 18:00:00,11.6,950,3,108,55
2010-08-11 19:00:00,15.8,946.8,2,164,46
2010-08-11 20:00:00,17.5,946.7,3,154,45
2010-08-11 21:00:00,15.6,947.7,2,146,48
2010-08-11 22:00:00,14.6,943.8,2,143,57
2010-08-11 23:00:00,16.1,943.9,4,158,51
2010-08-12 00:00:00,19.8,948.9,5,217,60
2010-08-12 01:00:00,19.9,945.3,3,256,52
2010-08-12 02:00:00,19.5,945.7,0,274,47
2010-08-12 03:00:00,19.4,948.9,1,242,60
2010-08-12 04:00:00,25.5,942.8,3,285,76
2010-08-12 05:00:00,21.9,943.3,6,246,58
2010-08-12 06:00:00,20.9,948.6,4,322,47
2010-08-12 07:00:00,24.3,944.7,7,239,44
2010-08-12 08:00:00,24.8,945.9,3,184,46
2010-08-12 09:00:00,24.7,947.7,0,199,60
2010-08-12 10:00:00,20.4,943,5,235,44
2010-08-12 11:00:00,20.5,941.9,1,179,54
2010-08-12 12:00:00,22.8,946.5,1,139,44
2010-08-12 13:00:00,20.1,953.7,3,173,51
2010-08-12 14:00:00,16.7,944,14,87,56
2010-08-12 15:00:00,18.3,941.9,7,98,51
2010-08-12 16:00:00,15.3,942.8,12,98,43
2010-08-12 17:00:00,17.3,947.4,1,125,45
2010-08-12 18:00:00,15.1,942.3,2,74,66
2010-08-12 19:00:00,14.4,943.7,3,116,57
2010-08-12 20:00:00,15.9,942.3,4,81,51
2010-08-12 21:00:00,15.9,947.4,3,139,39
2010-08-12 22:00:00,15.4,947.2,2,145,48
2010-08-12 23:00:00,20.4,943.5,7,173,56
2010-08-13 00:00:00,21.1,954.2,11,138,36
2010-08-13 01:00:00,19,938.4,11,237,43
2010-08-13 02:00:00,22.6,946.7,14,274,46
2010-08-13 03:00:00,21.6,943.4,4,309,52
2010-08-13 05:00:00,25.6,946.7,1,262,50
2010-08-13 06:00:00,23.8,942.4,0,215,54
2010-08-13 07:00:00,19.3,940.9,7,207,42
2010-08-13 08:00:00,21.2,943.3,3,233,55
2010-08-13 09:00:00,19.3,948.7,2,210,45
2010-08-13 10:00:00,21.2,944,1,230,45
2010-08-13 11:00:00,20.4,939.5,4,134,61
2010-08-13 12:00:00,19.4,947.8,1,148,54
2010-08-13 13:00:00,16.6,945.8,7,127,56
2010-08-13 14:00:00,14,946.3,1,68,60
2010-08-13 15:00:00,15.6,939.8,1,123,63
2010-08-13 16:00:00,15.8,946.3,5,66,56
2010-08-13 18:00:00,18.1,943.4,6,100,39
2010-08-13 19:00:00,14.2,944.2,4,114,64
2010-08-13 20:00:00,15,946.5,2,105,58
2010-08-13 21:00:00,14.6,947,3,121,48
2010-08-13 22:00:00,15.3,952.4,2,180,54
2010-08-13 23:00:00,18.5,942.6,6,204,54
2010-08-14 00:00:00,16.2,949,8,216,42
2010-08-14 01:00:00,18.9,947.3,4,211,53
2010-08-14 02:00:00,21.3,948.2,1,291,59
2010-08-14 03:00:00,19.1,944.1,11,237,54
2010-08-14 04:00:00,22.9,947.3,3,269,56
2010-08-14 05:00:00,21.6,951.6,0,318,68
2010-08-14 06:00:00,22.1,941.3,6,289,59
2010-08-14 07:00:00,24.1,949.7,4,316,39
2010-08-14 08:00:00,22.2,945.1,9,219,51
2010-08-14 09:00:00,20.4,945,0,266,55
2010-08-14 10:00:00,19,944.4,11,225,43
2010-08-14 11:00:00,17.3,945.5,0,200,42
2010-08-14 12:00:00,17,948.5,7,139,49
2010-08-14 13:00:00,19,944.4,17,129,58
2010-08-14 14:00:00,17.7,946.8,9,104,53
2010-08-14 15:00:00,11.5,945.6,6,108,54
2010-08-14 16:00:00,14.8,945,1,104,52
2010-08-14 17:00:00,16.7,949.9,4,82,51
2010-08-14 18:00:00,14.5,945.8,3,86,62
2010-08-14 19:00:00,14.1,944.4,1,63,48
2010-08-14 20:00:00,14.1,947.7,4,112,56
2010-08-14 21:00:00,17.3,941.7,5,174,41
2010-08-14 22:00:00,17.9,949.9,4,163,65
2010-08-14 23:00:00,16.6,949.1,7,191,41
2010-08-15 00:00:00,19.1,949.4,5,238,56
2010-08-15 01:00:00,17.9,942.2,4,145,53
2010-08-15 02:00:00,22.1,949.2,9,205,60
2010-08-15 03:00:00,22.5,946.3,2,243,46
2010-08-15 04:00:00,20.4,947.8,5,259,56
2010-08-15 05:00:00,22.3,948.9,2,272,58
2010-08-15 06:00:00,22.9,946.6,2,268,43
2010-08-15 07:00:00,22,947.2,4,259,57
2010-08-15 08:00:00,22.3,949.8,6,219,42
2010-08-15 09:00:00,20.7,945.9,7,224,52
2010-08-15 10:00:00,21.7,949.3,3,198,51
2010-08-15 11:00:00,21,943.1,0,196,63
2010-08-15 12:00:00,20.5,943.8,7,204,53
2010-08-15 13:00:00,20.6,943,4,127,44
2010-08-15 14:00:00,16.7,942.4,3,120,39
2010-08-15 15:00:00,15.1,943.2,19,138,50
2010-08-15 16:00:00,16.7,947.7,9,129,53
2010-08-15 17:00:00,10.8,940.2,7,99,47
2010-08-15 18:00:00,13,948.3,0,140,47
2010-08-15 20:00:00,15,946.8,4,106,63
2010-08-15 21:00:00,16.3,953.4,4,160,59
2010-08-15 22:00:00,16.3,945,1,92,67
2010-08-15 23:00:00,18.1,943.7,2,218,61
2010-08-16 00:00:00,15.8,939.1,2,154,52
2010-08-16 01:00:00,18.3,948.5,3,257,51
2010-08-16 02:00:00,20.5,944.9,0,256,54
2010-08-16 03:00:00,23.6,944.3,1,241,51
2010-08-16 04:00:00,22.4,946.8,7,269,46
2010-08-16 05:00:00,22.3,941.2,5,267,54
2010-08-16 06:00:00,23.4,941.8,5,261,51
2010-08-16 07:00:00,22.5,948.3,5,274,56
2010-08-16 08:00:00,20.6,944.2,1,274,62
2010-08-16 09:00:00,21.7,944.7,5,234,56
2010-08-16 10:00:00,21,945.2,1,203,49
2010-08-16 11:00:00,19.6,949.2,9,127,67
2010-08-16 12:00:00,17.1,943.7,9,220,58
2010-08-16 13:00:00,15.5,943.1,2,172,51
2010-08-16 14:00:00,13.2,948.9,2,126,51
2010-08-16 15:00:00,17.6,940.8,3,90,57
2010-08-16 16:00:00,13.4,947.6,10,89,53
2010-08-16 17:00:00,15.5,950.6,1,64,48
2010-08-16 18:00:00,11.6,943.1,3,114,61
2010-08-16 19:00:00,15.2,939.7,0,95,46
2010-08-16 20:00:00,15.2,945.7,4,189,37
2010-08-16 21:00:00,16.1,946.2,4,198,49
2010-08-16 22:00:00,16.4,941.5,2,216,56
2010-08-16 23:00:00,16.6,946.1,4,252,55
2010-08-17 00:00:00,14.4,947,3,226,63
2010-08-17 01:00:00,20,946.7,5,245,57
2010-08-17 02:00:00,19.8,945,9,277,61
2010-08-17 03:00:00,21.1,953.5,4,246,63
2010-08-17 04:00:00,20.8,950,3,309,45
2010-08-17 05:00:00,21.7,943.9,8,262,56
2010-08-17 06:00:00,21.4,945.9,2,266,60
2010-08-17 07:00:00,21.5,942.9,1,309,57
2010-08-17 08:00:00,20.9,947,8,268,63
2010-08-17 09:00:00,20.7,948.6,0,231,56
2010-08-17 10:00:00,20.2,942.6,5,202,44
2010-08-17 11:00:00,17.9,949.6,1,173,43
2010-08-17 12:00:00,17.6,944.5,6,162,69
2010-08-17 13:00:00,19.2,944.8,2,117,67
2010-08-17 14:00:00,16.1,948.4,1,118,56
2010-08-17 15:00:00,15.3,941.9,2,132,60
2010-08-17 16:00:00,14.9,945.7,4,100,57
2010-08-17 17:00:00,15.5,946.3,2,73,52
2010-08-17 18:00:00,15.2,948.9,4,114,45
2010-08-17 19:00:00,16.8,950,6,91,45
2010-08-17 20:00:00,14.5,945.7,7,139,58
2010-08-17 21:00:00,14.7,944.6,3,150,51
2010-08-17 22:00:00,17.5,944.4,1,207,38
2010-08-17 23:00:00,15.6,940.1,6,219,60
2010-08-18 01:00:00,19.3,948.5,1,284,58
2010-08-18 02:00:00,20.4,944.2,4,189,56
2010-08-18 03:00:00,21.9,950.7,5,262,49
2010-08-18 04:00:00,18.3,940.4,0,279,72
2010-08-18 05:00:00,20.6,942,0,234,48
2010-08-18 06:00:00,20.7,947.9,12,259,42
2010-08-18 07:00:00,20.3,945,10,265,53
2010-08-18 08:00:00,22.7,946.6,6,258,52
2010-08-18 09:00:00,20.9,947.3,9,209,63
2010-08-18 10:00:00,17.6,942.4,3,153,52
2010-08-18 11:00:00,16.2,943.9,13,114,65
2010-08-18 12:00:00,18,945.5,7,118,64
2010-08-18 13:00:00,17.1,943.5,4,183,54
2010-08-18 14:00:00,17.5,945,4,133,50
2010-08-18 15:00:00,16.6,943.4,7,187,53
2010-08-18 16:00:00,13.1,943.5,2,145,58
2010-08-18 17:00:00,13.5,947.4,11,97,52
2010-08-18 18:00:00,14,942.4,7,106,69
2010-08-18 19:00:00,17.4,943.1,2,62,57
2010-08-18 20:00:00,17.7,948.7,10,77,72
2010-08-18 21:00:00,14.5,946.1,5,139,42
2010-08-18 22:00:00,14.8,943,2,145,52
2010-08-18 23:00:00,16.3,947.6,8,178,55
2010-08-19 00:00:00,19,948.2,1,194,53
2010-08-19 01:00:00,21.9,942.8,4,190,69
2010-08-19 02:00:00,17.4,945.7,1,237,47
2010-08-19 03:00:00,24.4,948.1,2,292,57
2010-08-19 04:00:00,20.1,942.6,7,300,69
2010-08-19 05:00:00,22.1,949.8,6,234,46
2010-08-19 06:00:00,21.6,945.6,4,234,49
2010-08-19 07:00:00,21.1,943.3,4,312,59
2010-08-19 08:00:00,23.5,946.6,10,303,66
2010-08-19 09:00:00,21.7,950.4,5,209,45
2010-08-19 10:00:00,24,943.5,6,156,64
2010-08-19 11:00:00,20.2,945.3,6,219,56
2010-08-19 12:00:00,18.9,948.3,4,141,46
2010-08-19 13:00:00,16.9,944.7,11,188,42
2010-08-19 14:00:00,14.9,946.6,6,139,49
2010-08-19 15:00:00,17.8,950.3,3,150,61
2010-08-19 16:00:00,13.7,946.3,1,91,63
2010-08-19 17:00:00,14.4,946.2,12,77,48
2010-08-19 18:00:00,15,945.8,13,66,55
2010-08-19 19:00:00,12.5,947.7,1,103,52
2010-08-19 20:00:00,16.6,944.8,3,173,68
2010-08-19 21:00:00,15.1,942.1,0,164,57
2010-08-19 22:00:00,15.2,942.5,4,181,52
2010-08-19 23:00:00,14.9,943.8,14,140,67
2010-08-20 00:00:00,17.1,943.2,2,185,63
2010-08-20 01:00:00,20.4,947.9,3,216,48
2010-08-20 02:00:00,18.2,943.6,5,279,46
2010-08-20 03:00:00,20.3,944.3,4,260,34
2010-08-20 04:00:00,21.7,945.7,2,241,57
2010-08-20 05:00:00,23,943.9,5,248,50
2010-08-20 06:00:00,20.9,943.6,3,273,62
2010-08-20 07:00:00,23.2,947.1,5,312,45
2010-08-20 09:00:00,21.5,949,7,216,53
2010-08-20 10:00:00,16.9,947.8,6,214,60
2010-08-20 11:00:00,20.9,949.7,1,178,47
2010-08-20 12:00:00,19,943.1,9,133,57
2010-08-20 13:00:00,17.1,946.6,3,99,59
2010-08-20 14:00:00,16,941.7,3,120,58
2010-08-20 15:00:00,16.1,941.1,4,84,58
2010-08-20 16:00:00,16.9,948.7,2,82,71
2010-08-20 17:00:00,15.7,945.5,3,125,59
2010-08-20 18:00:00,11.7,942.6,4,63,54
2010-08-20 19:00:00,14.9,938.5,3,41,59
2010-08-20 20:00:00,15.7,941.2,4,90,51
2010-08-20 21:00:00,16.7,946.1,2,55,54
2010-08-20 22:00:00,17.2,942.8,3,175,61
2010-08-20 23:00:00,17.4,945.6,5,213,53
2010-08-21 00:00:00,17.8,945.4,4,203,45
2010-08-21 01:00:00,20.2,946.6,7,233,50
2010-08-21 02:00:00,19.9,945.1,1,265,43
2010-08-21 03:00:00,20.6,951,7,308,55
2010-08-21 04:00:00,19.5,942.8,5,311,29
2010-08-21 05:00:00,21.5,946.5,12,223,49
2010-08-21 06:00:00,20.9,946.4,2,239,50
2010-08-21 07:00:00,25,944,0,306,48
2010-08-21 08:00:00,21.6,946.5,5,275,52
2010-08-21 09:00:00,20.1,945.3,6,205,50
2010-08-21 10:00:00,20.9,946,3,187,41
2010-08-21 11:00:00,16.6,944.5,2,206,55
2010-08-21 12:00:00,18.7,946.9,7,128,69
2010-08-21 13:00:00,15.2,948.6,5,100,69
2010-08-21 14:00:00,15.2,946.4,2,134,46
2010-08-21 15:00:00,16,947.1,2,116,55
2010-08-21 16:00:00,14.6,944,16,152,54
2010-08-21 17:00:00,14.7,939.1,11,99,56
2010-08-21 18:00:00,13.2,944.7,2,79,62
2010-08-21 19:00:00,13.1,938.5,8,118,49
2010-08-21 20:00:00,16.6,946.5,5,136,65
2010-08-21 21:00:00,15.3,951.5,0,78,43
2010-08-21 22:00:00,17.1,940.6,4,125,58
2010-08-21 23:00:00,16.4,948.2,5,161,59
2010-08-22 00:00:00,17.4,947.4,2,233,63
2010-08-22 01:00:00,19.3,946.3,7,228,61
2010-08-22 02:00:00,19.1,941,8,275,53
2010-08-22 03:00:00,20.2,948.6,9,271,48
2010-08-22 04:00:00,21.5,942.2,1,283,65
2010-08-22 05:00:00,24.1,953,11,250,55
2010-08-22 06:00:00,20.7,947.2,8,260,49
2010-08-22 07:00:00,21.7,946.1,13,249,45
2010-08-22 08:00:00,20.9,947.3,3,212,46
2010-08-22 09:00:00,21.2,944.1,2,195,48
2010-08-22 10:00:00,19.5,948.1,4,201,65
2010-08-22 11:00:00,20.9,946.5,1,101,56
2010-08-22 12:00:00,18.1,943.9,3,175,50
2010-08-22 13:00:00,16,946.5,1,95,49
2010-08-22 14:00:00,17.9,942.9,6,110,47
2010-08-22 15:00:00,14.4,946.7,0,72,44
2010-08-22 16:00:00,13.5,943.9,0,82,49
2010-08-22 17:00:00,13.8,944.8,1,57,66
2010-08-22 18:00:00,13.5,948,4,104,61
2010-08-22 19:00:00,14.1,945,7,65,59
2010-08-22 20:00:00,14.8,944,1,145,55
2010-08-22 21:00:00,14.8,944.5,2,178,63
2010-08-22 22:00:00,18.2,941.2,4,155,44
2010-08-22 23:00:00,16.3,948,3,217,45
2010-08-23 00:00:00,14.9,943.5,5,142,54
2010-08-23 01:00:00,20.3,944.7,2,160,58
2010-08-23 02:00:00,18.9,944.5,11,251,45
2010-08-23 03:00:00,19.3,937.2,9,265,47
2010-08-23 04:00:00,20.2,949.6,6,221,51
2010-08-23 05:00:00,19.2,941.9,7,266,70
2010-08-23 06:00:00,22,943.7,5,286,64
2010-08-23 07:00:00,20.2,944.5,5,256,54
2010-08-23 08:00:00,19,942.3,5,233,55
2010-08-23 09:00:00,19.5,948.9,3,249,49
2010-08-23 10:00:00,21.1,946.2,7,239,50
2010-08-23 11:00:00,17.7,944.8,0,154,54
2010-08-23 12:00:00,17.5,947.2,1,155,73
2010-08-23 13:00:00,20.1,949.3,8,118,65
2010-08-23 14:00:00,16.4,946.9,11,99,68
2010-08-23 15:00:00,13.9,945.1,6,68,29
2010-08-23 16:00:00,13.2,944.9,1,75,55
2010-08-23 17:00:00,12.5,945.9,6,78,66
2010-08-23 18:00:00,16.7,948.9,6,35,44
2010-08-23 19:00:00,12.3,950.8,3,94,44
2010-08-23 20:00:00,12.6,943.5,6,133,71
2010-08-23 21:00:00,12.8,945.9,4,109,38
2010-08-23 22:00:00,15.3,942.1,1,185,48
2010-08-23 23:00:00,15.3,945.1,2,156,62
2010-08-24 00:00:00,17.7,944.3,8,179,68
2010-08-24 01:00:00,18,945.1,3,198,68
2010-08-24 02:00:00,20.3,944.6,7,207,63
2010-08-24 03:00:00,19.8,947.7,7,264,54
2010-08-24 04:00:00,21.3,944.9,3,275,55
2010-08-24 05:00:00,21.4,947.8,12,301,54
2010-08-24 06:00:00,20.2,944.6,10,268,50
2010-08-24 07:00:00,20.1,945,2,280,52
2010-08-24 08:00:00,16.5,945.2,10,278,49
2010-08-24 09:00:00,22.5,943.9,2,183,44
2010-08-24 10:00:00,19,947.4,4,233,64
2010-08-24 11:00:00,18.5,949.2,11,167,60
2010-08-24 12:00:00,17,946,5,155,51
2010-08-24 13:00:00,16,944.4,4,160,62
2010-08-24 14:00:00,13.9,944.7,4,116,58
2010-08-24 15:00:00,14.3,946.8,4,109,48
2010-08-24 16:00:00,12.3,944.7,2,109,52
2010-08-24 17:00:00,13.2,942.2,4,86,60
2010-08-24 18:00:00,13.6,943.5,2,112,55
2010-08-24 19:00:00,13.9,951.8,4,89,60
2010-08-24 20:00:00,10.9,950.9,13,136,52
2010-08-24 21:00:00,15.7,946.8,1,140,56
2010-08-24 22:00:00,16.4,943.5,11,206,51
2010-08-24 23:00:00,17.4,946.7,7,210,49
2010-08-25 00:00:00,19.2,945.4,4,264,54
2010-08-25 02:00:00,22,943.8,5,261,57
2010-08-25 03:00:00,17.9,952.6,0,263,53
2010-08-25 04:00:00,19.1,945.6,5,270,71
2010-08-25 05:00:00,21.5,944.8,5,273,64
2010-08-25 06:00:00,20.1,943.7,4,290,62
2010-08-25 07:00:00,21.9,949.5,5,221,59
2010-08-25 08:00:00,20.5,939.1,5,245,49
2010-08-25 09:00:00,16.9,944,6,206,45
2010-08-25 10:00:00,20,947,8,224,65
2010-08-25 11:00:00,17.1,945.1,7,150,66
2010-08-25 12:00:00,20.5,942.5,13,184,57
2010-08-25 13:00:00,17,947.5,1,112,61
2010-08-25 14:00:00,13.8,944.2,7,174,61
2010-08-25 15:00:00,15.4,945.6,5,145,39
2010-08-25 16:00:00,11.2,945.6,3,134,51
2010-08-25 17:00:00,13.1,947.1,3,81,52
2010-08-25 18:00:00,14.1,948.4,7,47,50
2010-08-25 19:00:00,13.8,947.3,8,92,57
2010-08-25 20:00:00,17,951.3,0,135,48
2010-08-25 21:00:00,13.3,940.7,1,162,63
2010-08-25 22:00:00,14.7,947.2,1,128,60
2010-08-25 23:00:00,13,948,3,135,48
2010-08-26 00:00:00,18.3,946.9,1,155,64
2010-08-26 01:00:00,17.4,940.9,3,206,68
2010-08-26 02:00:00,18.6,942.6,3,243,62
2010-08-26 03:00:00,18.4,946.5,5,247,46
2010-08-26 04:00:00,22.8,941.3,11,288,59
2010-08-26 05:00:00,20.6,942.4,7,267,38
2010-08-26 06:00:00,21.5,945.4,2,235,51
2010-08-26 07:00:00,18.5,938.8,1,306,48
2010-08-26 08:00:00,19.6,948.1,4,269,57
2010-08-26 09:00:00,21.1,945,5,262,62
2010-08-26 10:00:00,21.5,945.5,8,226,68
2010-08-26 11:00:00,19.8,948.2,10,140,64
2010-08-26 12:00:00,15.6,941.9,3,119,67
2010-08-26 13:00:00,13.5,941.9,5,95,61
2010-08-26 14:00:00,15.8,948.7,5,87,53
2010-08-26 15:00:00,13.8,941.8,0,52,41
2010-08-26 16:00:00,15.3,942.6,8,119,55
2010-08-26 17:00:00,14,944.2,12,122,67
2010-08-26 18:00:00,13.2,950.3,6,82,45
2010-08-26 19:00:00,12.3,945.9,3,140,65
2010-08-26 20:00:00,14.7,943.5,15,76,50
2010-08-26 21:00:00,11.4,947.9,2,111,60
2010-08-26 22:00:00,12.7,947.4,2,185,49
2010-08-26 23:00:00,14.7,944.4,0,195,57
2010-08-27 00:00:00,21.5,947,1,263,58
2010-08-27 01:00:00,19.5,947.2,11,221,52
2010-08-27 02:00:00,18.2,942.4,8,284,59
2010-08-27 03:00:00,19,948.6,4,247,57
2010-08-27 04:00:00,21.7,944.8,2,275,68
2010-08-27 06:00:00,20,944.9,8,317,52
2010-08-27 07:00:00,18,938.5,0,275,52
2010-08-27 08:00:00,20,942.5,3,188,56
2010-08-27 09:00:00,18.3,944.6,8,198,66
2010-08-27 10:00:00,18.5,946.4,3,188,61
2010-08-27 11:00:00,15.4,941.4,4,250,43
2010-08-27 12:00:00,17.7,947,1,167,68
2010-08-27 13:00:00,13.2,942.6,3,146,56
2010-08-27 14:00:00,14.3,944.8,4,95,59
2010-08-27 15:00:00,15.5,942.1,6,78,66
2010-08-27 16:00:00,16.9,941.7,1,95,55
2010-08-27 17:00:00,13.8,947.3,11,112,64
2010-08-27 18:00:00,13.4,945.3,9,94,58
2010-08-27 19:00:00,10.9,946.2,4,156,61
2010-08-27 20:00:00,16.2,946.4,3,65,54
2010-08-27 21:00:00,14,945.2,1,158,57
2010-08-27 22:00:00,15.3,943.4,4,123,53
2010-08-27 23:00:00,16.2,949,3,206,65
2010-08-28 00:00:00,18.1,942.3,10,158,64
2010-08-28 01:00:00,18.5,944.2,3,241,63
2010-08-28 02:00:00,19.3,946.6,8,259,66
2010-08-28 03:00:00,19.6,945.3,0,207,32
2010-08-28 04:00:00,20.9,945.4,8,264,50
2010-08-28 05:00:00,21.3,944.9,5,246,60
2010-08-28 06:00:00,21.8,944.6,4,259,55
2010-08-28 07:00:00,21.6,940.9,1,215,50
2010-08-28 08:00:00,19.9,943.7,1,237,72
2010-08-28 09:00:00,20.3,941.9,8,230,54
2010-08-28 10:00:00,19.2,940.2,3,188,54
2010-08-28 11:00:00,17.1,943.4,6,216,53
2010-08-28 12:00:00,14.4,946,2,143,45
2010-08-28 14:00:00,15.3,942.6,4,118,64
2010-08-28 15:00:00,17.7,945.5,2,132,57
2010-08-28 16:00:00,11.2,949.4,8,99,58
2010-08-28 17:00:00,13.9,943.2,7,73,62
2010-08-28 18:00:00,13.3,945.3,5,104,57
2010-08-28 19:00:00,12.5,944.6,8,110,61
2010-08-28 20:00:00,13.9,945.3,1,142,63
2010-08-28 21:00:00,11.5,940.1,7,92,48
2010-08-28 22:00:00,14.8,945.8,4,95,61
2010-08-28 23:00:00,13.7,949.1,2,121,68
2010-08-29 00:00:00,17.3,943.7,4,187,48
2010-08-29 01:00:00,19.1,940,1,236,63
2010-08-29 02:00:00,15.7,946,4,213,47
2010-08-29 03:00:00,19.6,950.2,8,230,55
2010-08-29 04:00:00,23.2,942.2,4,258,62
2010-08-29 05:00:00,21.7,946.6,11,267,49
2010-08-29 06:00:00,21,945,4,283,43
2010-08-29 07:00:00,20.6,946.3,2,269,64
2010-08-29 08:00:00,20.5,943.7,12,177,66
2010-08-29 09:00:00,20.8,944.3,0,209,59
2010-08-29 10:00:00,17.6,942,4,206,48
2010-08-29 11:00:00,17.3,949.1,7,183,67
2010-08-29 12:00:00,15.8,945.5,0,148,57
2010-08-29 13:00:00,15.8,946,4,148,66
2010-08-29 14:00:00,18,944.6,2,130,57
2010-08-29 15:00:00,12.8,942.7,3,105,63
2010-08-29 16:00:00,14.9,947.5,6,64,53
2010-08-29 17:00:00,11.4,949.3,4,106,51
2010-08-29 18:00:00,14.3,945.7,1,67,78
2010-08-29 19:00:00,10.9,943.5,2,109,54
2010-08-29 20:00:00,15.3,943.5,10,101,60
2010-08-29 21:00:00,12.8,945.7,15,82,53
2010-08-29 22:00:00,13.4,945.3,3,148,57
2010-08-29 23:00:00,13.5,944.3,4,185,63
2010-08-30 00:00:00,15.5,942.4,4,213,65
2010-08-30 01:00:00,15.8,946.6,8,185,62
2010-08-30 02:00:00,16.8,951.1,7,309,54
2010-08-30 03:00:00,19.9,942.3,6,251,49
2010-08-30 04:00:00,19.2,946.9,9,232,54
2010-08-30 05:00:00,19.2,945.3,2,276,55
2010-08-30 06:00:00,20,947.6,5,229,65
2010-08-30 07:00:00,21.2,942.9,5,245,57
2010-08-30 08:00:00,21.2,948.2,8,260,50
2010-08-30 09:00:00,20.2,943.7,15,251,60
2010-08-30 10:00:00,17.3,949.1,7,209,69
2010-08-30 11:00:00,17.2,949,2,174,68
2010-08-30 12:00:00,16.4,944.4,7,120,65
2010-08-30 13:00:00,18.4,941.5,2,165,50
2010-08-30 14:00:00,13.9,949.7,10,103,61
2010-08-30 15:00:00,16.8,944.7,0,117,52
2010-08-30 16:00:00,14.5,945.9,8,97,53
2010-08-30 17:00:00,13.5,948.2,6,201,65
2010-08-30 18:00:00,10.3,945.6,4,81,54
2010-08-30 19:00:00,12.7,940.9,2,147,53
2010-08-30 20:00:00,13.8,946.6,11,87,52
2010-08-30 22:00:00,13.1,945.2,1,179,57
2010-08-30 23:00:00,13.9,943,7,161,66
2010-08-31 00:00:00,18.2,942.1,9,210,70
2010-08-31 01:00:00,17.9,940.2,11,210,48
2010-08-31 02:00:00,17.3,950.8,4,239,68
2010-08-31 03:00:00,19.6,945,2,236,74
2010-08-31 04:00:00,16,943.2,3,291,69
2010-08-31 05:00:00,19.9,943.5,2,237,53
2010-08-31 06:00:00,21.7,943.8,7,341,57
2010-08-31 07:00:00,20.7,944.5,7,249,65
2010-08-31 08:00:00,18.3,945.2,5,254,63
2010-08-31 09:00:00,21.6,941.7,4,246,56
2010-08-31 10:00:00,15.4,943.3,12,251,62
2010-08-31 11:00:00,17.4,944.4,7,168,64
2010-08-31 12:00:00,16.5,947.5,13,116,62
2010-08-31 13:00:00,14.5,945.9,2,112,47
2010-08-31 14:00:00,15.8,943.9,3,134,58
2010-08-31 15:00:00,12.3,939.9,1,79,71
2010-08-31 16:00:00,9.1,948.2,6,23,55
2010-08-31 17:00:00,10.4,941.9,5,126,72
2010-08-31 18:00:00,15.6,945.4,6,108,60
2010-08-31 19:00:00,12.5,946.6,2,102,53
2010-08-31 20:00:00,14.4,946.4,5,91,56
2010-08-31 21:00:00,10.4,941.4,6,213,60
2010-08-31 22:00:00,16,946.4,10,164,58
2010-08-31 23:00:00,13.9,944.7,2,161,64
2010-09-01 00:00:00,13.6,943.7,11,169,70
2010-09-01 01:00:00,19.3,946.7,3,266,64
2010-09-01 02:00:00,18.5,945.3,2,287,67
2010-09-01 03:00:00,19.9,947.4,1,267,49
2010-09-01 04:00:00,18.1,942.1,0,227,71
2010-09-01 05:00:00,20.3,939.8,5,254,48
2010-09-01 06:00:00,20.3,939.9,2,315,68
2010-09-01 07:00:00,20.6,944.7,9,260,58
2010-09-01 08:00:00,17.3,940.4,7,287,52
2010-09-01 09:00:00,19,941.3,8,262,48
2010-09-01 10:00:00,18.7,940.3,2,150,66
2010-09-01 11:00:00,17.2,949.6,3,162,55
2010-09-01 12:00:00,17.2,944.7,1,171,63
2010-09-01 13:00:00,12.4,947.8,9,149,49
2010-09-01 14:00:00,14.9,943,6,134,52
2010-09-01 15:00:00,13.3,945.7,0,122,60
2010-09-01 16:00:00,12.9,947.2,8,102,48
2010-09-01 17:00:00,11.8,940.4,1,86,58
2010-09-01 18:00:00,13.1,941.2,6,134,50
2010-09-01 19:00:00,11.4,945.5,6,117,47
2010-09-01 20:00:00,13.4,943.3,4,111,71
2010-09-01 21:00:00,13.3,948.2,1,115,52
2010-09-01 22:00:00,14.7,947.3,2,151,71
2010-09-01 23:00:00,15,948.2,3,159,61
2010-09-02 00:00:00,14.8,948.8,0,217,54
2010-09-02 01:00:00,16.1,942.9,8,246,47
2010-09-02 02:00:00,18,947.6,2,290,44
2010-09-02 03:00:00,18.2,944.3,1,245,66
2010-09-02 04:00:00,17.9,943.7,16,252,67
2010-09-02 05:00:00,18.4,952.4,1,274,50
2010-09-02 07:00:00,18,946.5,15,207,60
2010-09-02 08:00:00,17.4,937.1,7,294,71
2010-09-02 09:00:00,15.8,943.2,10,241,59
2010-09-02 10:00:00,17.3,946.9,3,139,48
2010-09-02 11:00:00,15.5,945.6,3,193,48
2010-09-02 12:00:00,13.2,943.7,2,189,74
2010-09-02 13:00:00,14.4,939.5,0,161,65
2010-09-02 14:00:00,13.9,943.6,1,133,48
2010-09-02 15:00:00,13.4,946.8,9,65,44
2010-09-02 16:00:00,13,944.1,3,58,62
2010-09-02 17:00:00,13.9,942.1,4,140,58
2010-09-02 18:00:00,12.3,942.5,3,125,50
2010-09-02 19:00:00,9.3,941.7,9,154,59
2010-09-02 20:00:00,12.8,943,5,170,55
2010-09-02 21:00:00,12.3,945.8,3,104,65
2010-09-02 22:00:00,13.9,948,9,156,72
2010-09-02 23:00:00,13.4,943.7,7,154,48
2010-09-03 00:00:00,15.9,944.3,5,214,54
2010-09-03 01:00:00,16.4,942.3,2,172,62
2010-09-03 02:00:00,19.7,941.4,3,359,44
2010-09-03 03:00:00,18.4,945.5,14,215,60
2010-09-03 04:00:00,19.9,947.5,7,304,62
2010-09-03 05:00:00,17.6,945.1,1,268,54
2010-09-03 06:00:00,18.6,948.6,8,294,62
2010-09-03 07:00:00,18.7,941.3,6,205,56
2010-09-03 08:00:00,22,944.7,7,212,53
2010-09-03 09:00:00,19.1,946.6,12,273,61
2010-09-03 10:00:00,18.4,948.9,1,197,67
2010-09-03 11:00:00,16,944.2,2,186,62
2010-09-03 12:00:00,14.5,945.5,3,146,61
2010-09-03 14:00:00,13.1,942,10,128,51
2010-09-03 15:00:00,13.3,943.9,13,164,53
2010-09-03 16:00:00,15.1,948.3,14,91,54
2010-09-03 17:00:00,10.9,946.4,1,123,64
2010-09-03 18:00:00,10.9,943.1,1,106,78
2010-09-03 19:00:00,10.6,949.3,25,92,61
2010-09-03 20:00:00,15,948,10,87,57
2010-09-03 21:00:00,13,945.5,3,182,62
2010-09-03 22:00:00,16.7,948,4,143,63
2010-09-03 23:00:00,14.5,949.8,3,158,65
2010-09-04 00:00:00,15.5,941.3,5,202,60
2010-09-04 01:00:00,14.7,949.9,4,201,55
2010-09-04 02:00:00,20.3,943.9,5,215,50
2010-09-04 03:00:00,17.4,950.2,6,280,59
2010-09-04 04:00:00,18.5,933.4,5,284,63
2010-09-04 05:00:00,17.8,949.3,1,312,55
2010-09-04 06:00:00,19.3,944.2,3,289,60
2010-09-04 07:00:00,16.2,941.4,11,213,52
2010-09-04 08:00:00,18,948,4,258,73
2010-09-04 09:00:00,19.2,947.6,6,206,60
2010-09-04 10:00:00,17.1,940.5,3,196,61
2010-09-04 11:00:00,15,943.9,0,137,58
2010-09-04 12:00:00,15.1,948.2,3,112,56
2010-09-04 13:00:00,14.7,938.3,5,117,68
2010-09-04 14:00:00,12.2,943.9,4,98,81
2010-09-04 15:00:00,12,943.9,7,77,60
2010-09-04 16:00:00,8.6,945,12,70,54
2010-09-04 17:00:00,11.9,939.4,2,65,49
2010-09-04 18:00:00,12.5,949.5,0,83,63
2010-09-04 19:00:00,11.4,941.6,1,112,49
2010-09-04 20:00:00,12.3,942.3,2,124,55
2010-09-04 21:00:00,12.4,944.8,10,118,60
2010-09-04 22:00:00,13.8,944.3,4,203,61
2010-09-04 23:00:00,10.9,945.3,1,178,59
2010-09-05 00:00:00,14.3,944.6,5,200,60
2010-09-05 01:00:00,17.1,950.1,6,214,70
2010-09-05 02:00:00,16.9,941.6,1,208,65
2010-09-05 03:00:00,17.9,952,10,230,60
2010-09-05 04:00:00,19.6,940.6,5,264,51
2010-09-05 05:00:00,17.9,946.8,6,262,59
2010-09-05 06:00:00,19.2,945.8,0,277,52
2010-09-05 07:00:00,17.9,942,8,247,62
2010-09-05 08:00:00,16.8,941.6,5,294,43
2010-09-05 09:00:00,18.5,944.8,4,231,58
2010-09-05 10:00:00,17.6,941.4,5,188,64
2010-09-05 11:00:00,17.9,943.6,3,170,64
2010-09-05 12:00:00,11.7,946.2,10,198,79
2010-09-05 13:00:00,13.3,952.3,9,112,58
2010-09-05 14:00:00,13.8,947.6,2,94,59
2010-09-05 15:00:00,11.3,947.7,10,84,68
2010-09-05 16:00:00,13.7,946.2,9,168,49
2010-09-05 17:00:00,9.7,942.6,7,76,51
2010-09-05 18:00:00,13,948.8,3,74,71
2010-09-05 19:00:00,10.6,943.2,9,139,59
2010-09-05 20:00:00,10.4,946.7,6,139,48
2010-09-05 21:00:00,12.1,946.3,0,159,50
2010-09-05 22:00:00,14.5,944.3,4,164,61
2010-09-05 23:00:00,14.9,950.1,2,206,49
2010-09-06 00:00:00,14.5,947.8,7,173,61
2010-09-06 02:00:00,18.7,946,6,262,55
2010-09-06 03:00:00,19.8,942.9,7,243,63
2010-09-06 04:00:00,19.3,941,6,294,65
2010-09-06 05:00:00,18.6,946,6,244,64
2010-09-06 06:00:00,19.1,948.5,11,265,40
2010-09-06 07:00:00,17.9,945.9,9,238,63
2010-09-06 08:00:00,16.5,948.6,3,270,53
2010-09-06 09:00:00,19.8,948.6,3,257,62
2010-09-06 10:00:00,18.3,941.8,3,188,61
2010-09-06 11:00:00,14.9,942.1,7,217,66
2010-09-06 12:00:00,15.7,941.9,14,191,74
2010-09-06 13:00:00,14.4,954.4,10,150,65
2010-09-06 14:00:00,14.2,942.1,2,111,55
2010-09-06 15:00:00,11.4,945.6,6,86,71
2010-09-06 16:00:00,11.9,941.8,5,86,62
2010-09-06 17:00:00,8.6,943.2,9,85,52
2010-09-06 18:00:00,10.9,947.8,8,143,72
2010-09-06 19:00:00,14.4,939.5,10,128,51
2010-09-06 20:00:00,9.1,947.6,5,114,48
2010-09-06 21:00:00,12.8,947.2,8,158,55
2010-09-06 22:00:00,14.2,943.2,0,142,63
2010-09-07 00:00:00,13,949,2,182,45
2010-09-07 01:00:00,16.4,945.5,0,229,63
2010-09-07 02:00:00,15.7,945.3,3,328,59
2010-09-07 03:00:00,19.4,948.8,0,274,51
2010-09-07 04:00:00,17.2,945.3,3,234,58
2010-09-07 05:00:00,18,947.6,7,280,58
2010-09-07 06:00:00,18.1,948.6,7,223,58
2010-09-07 07:00:00,16.8,945.5,1,194,67
2010-09-07 08:00:00,21.5,945.9,1,260,61
2010-09-07 09:00:00,19.5,943.2,7,229,60
2010-09-07 10:00:00,19.4,944.6,4,207,60
2010-09-07 11:00:00,15.5,945.1,5,224,60
2010-09-07 12:00:00,15.9,941.3,2,188,68
2010-09-07 13:00:00,14.4,945.8,4,157,63
2010-09-07 14:00:00,11.8,941.1,3,95,52
2010-09-07 15:00:00,12.6,939.8,14,116,56
2010-09-07 16:00:00,10.2,943.7,0,119,46
2010-09-07 17:00:00,8.7,947,7,61,57
2010-09-07 18:00:00,9.4,937.2,8,80,58
2010-09-07 19:00:00,13.6,944.9,7,132,42
2010-09-07 20:00:00,9.3,943.7,1,127,63
2010-09-07 21:00:00,12.3,946.4,2,152,59
2010-09-07 22:00:00,12.2,950.1,3,123,62
2010-09-07 23:00:00,12.9,944.4,17,195,48
2010-09-08 00:00:00,15.8,939.6,7,223,51
2010-09-08 01:00:00,15.4,946.3,8,209,58
2010-09-08 02:00:00,18.2,945.7,6,251,53
2010-09-08 03:00:00,18,943.1,2,226,64
2010-09-08 04:00:00,19.1,937.8,13,232,49
2010-09-08 05:00:00,17.2,942.6,7,335,52
2010-09-08 06:00:00,18.3,944.5,0,226,52
2010-09-08 07:00:00,17.4,935.6,9,262,58
2010-09-08 08:00:00,18.8,947.9,1,282,66
2010-09-08 09:00:00,16.4,950.9,2,251,40
2010-09-08 10:00:00,14.4,941.4,3,216,58
2010-09-08 11:00:00,15.7,943.2,2,157,43
2010-09-08 12:00:00,13.5,947.4,8,145,51
2010-09-08 13:00:00,14.8,945,2,180,60
2010-09-08 14:00:00,14.8,948.5,4,113,61
2010-09-08 15:00:00,12.6,945.2,5,73,66
2010-09-08 16:00:00,12.6,949.6,9,116,68
2010-09-08 17:00:00,10.4,944.8,1,95,76
2010-09-08 18:00:00,12.2,946.8,7,91,58
2010-09-08 19:00:00,11.5,948.4,5,98,59
2010-09-08 20:00:00,10.7,944.1,6,120,56
2010-09-08 21:00:00,10.8,952.4,10,176,57
2010-09-08 22:00:00,14.5,949,0,124,70
2010-09-08 23:00:00,13.6,944.3,5,206,56
2010-09-09 00:00:00,15.9,949.1,5,213,71
2010-09-09 01:00:00,15.5,943.7,7,232,61
2010-09-09 02:00:00,14.8,947.7,4,223,56
2010-09-09 03:00:00,16.7,949.4,6,280,62
2010-09-09 04:00:00,18.5,947.5,1,318,63
2010-09-09 05:00:00,20,945.2,10,294,67
2010-09-09 06:00:00,19.8,946.9,12,265,49
2010-09-09 07:00:00,18.1,943.9,2,258,64
2010-09-09 08:00:00,18.6,947.5,7,264,65
2010-09-09 09:00:00,16.7,945.1,8,262,53
2010-09-09 10:00:00,18.4,944.9,7,203,58
2010-09-09 11:00:00,13.8,951,2,191,62
2010-09-09 12:00:00,15.1,949.2,9,96,57
2010-09-09 13:00:00,11.3,948.5,3,128,61
2010-09-09 14:00:00,11.7,944.9,7,141,54
2010-09-09 15:00:00,10.8,939.7,5,104,52
2010-09-09 16:00:00,16.1,948.4,10,30,62
2010-09-09 17:00:00,9.5,943.7,5,91,59
2010-09-09 18:00:00,9.1,941.8,5,89,71
2010-09-09 19:00:00,11.8,942.6,8,69,52
2010-09-09 20:00:00,11.7,948.2,5,123,66
2010-09-09 21:00:00,11.9,942.7,4,150,70
2010-09-09 22:00:00,13.6,944.7,0,152,62
2010-09-09 23:00:00,13.1,951.3,2,180,72
2010-09-10 00:00:00,14.5,943,6,217,62
2010-09-10 01:00:00,15.1,945.1,13,215,64
2010-09-10 02:00:00,16,946.1,7,233,71
2010-09-10 03:00:00,17.4,950.9,2,206,63
2010-09-10 04:00:00,19.1,945.9,4,272,60
2010-09-10 05:00:00,19.8,946.3,1,286,74
2010-09-10 06:00:00,17.3,941.9,1,240,64
2010-09-10 07:00:00,19.7,937.5,2,216,59
2010-09-10 08:00:00,17.8,947.1,2,275,82
2010-09-10 09:00:00,17.8,949.5,3,209,56
2010-09-10 10:00:00,14.6,947.1,3,229,54
2010-09-10 11:00:00,13.6,947.6,1,231,51
2010-09-10 12:00:00,15.2,940.8,1,158,59
2010-09-10 13:00:00,12.3,944.7,3,102,58
2010-09-10 14:00:00,13.4,943.3,14,105,61
2010-09-10 15:00:00,11.7,944.6,11,132,64
2010-09-10 16:00:00,10.9,947.5,8,115,65
2010-09-10 17:00:00,12.8,939.1,11,55,55
2010-09-10 18:00:00,12,939.5,10,99,67
2010-09-10 19:00:00,10.6,950.4,5,128,51
2010-09-10 20:00:00,10.2,945.1,2,127,62
2010-09-10 21:00:00,11.8,947.4,14,140,53
2010-09-10 22:00:00,9.3,945.7,10,166,56
2010-09-10 23:00:00,12.8,942.2,8,216,63
2010-09-11 00:00:00,14.9,944.1,7,216,61
2010-09-11 01:00:00,15.8,943.6,5,261,62
2010-09-11 02:00:00,17,941.7,12,267,62
2010-09-11 03:00:00,17.4,948.3,11,240,69
2010-09-11 04:00:00,17.1,944.3,5,266,71
2010-09-11 05:00:00,19.3,943.3,2,286,73
2010-09-11 06:00:00,18.8,947.7,0,265,46
2010-09-11 07:00:00,17.6,944.1,5,262,63
2010-09-11 08:00:00,18.2,941.5,6,270,71
2010-09-11 09:00:00,17.7,946.5,0,258,61
2010-09-11 10:00:00,16.7,940.1,10,170,70
2010-09-11 11:00:00,13.1,944.6,1,212,58
2010-09-11 12:00:00,14.5,945.4,5,147,50
2010-09-11 13:00:00,13.6,945.7,3,124,64
2010-09-11 14:00:00,10,944.5,10,73,67
2010-09-11 15:00:00,10.5,952.3,7,135,67
2010-09-11 16:00:00,11.2,943.7,2,104,56
2010-09-11 17:00:00,8.7,946.2,4,74,72
2010-09-11 18:00:00,10.3,945.2,6,72,58
2010-09-11 19:00:00,12.1,939.8,14,108,46
2010-09-11 20:00:00,10.2,941.5,8,181,64
2010-09-11 21:00:00,9,942.9,0,119,66
2010-09-11 22:00:00,9.8,948.1,4,105,65
2010-09-11 23:00:00,15.6,942.4,8,195,59
2010-09-12 00:00:00,18.1,947.6,11,198,64
2010-09-12 01:00:00,15.6,946.8,10,233,69
2010-09-12 02:00:00,16.2,948.5,5,280,64
2010-09-12 03:00:00,15.6,945.3,7,253,56
2010-09-12 04:00:00,13.3,948,4,301,76
2010-09-12 05:00:00,20.7,947.6,6,238,52
2010-09-12 06:00:00,17.9,942.8,12,223,48
2010-09-12 07:00:00,19,944,12,220,76
2010-09-12 08:00:00,18.4,947.3,1,224,73
2010-09-12 09:00:00,17.3,944,6,179,50
2010-09-12 10:00:00,16.8,950.3,7,162,71
2010-09-12 11:00:00,14.3,940,1,174,80
2010-09-12 12:00:00,12.5,938.4,1,163,59
2010-09-12 13:00:00,13.2,941.9,9,159,60
2010-09-12 14:00:00,11,950.5,3,137,68
2010-09-12 15:00:00,13.7,943.6,2,100,68
2010-09-12 16:00:00,14.1,943.1,0,77,54
2010-09-12 17:00:00,12,945.4,7,110,62
2010-09-12 18:00:00,10.2,938,1,46,69
2010-09-12 19:00:00,9.3,951.3,0,121,64
2010-09-12 20:00:00,7.7,949.2,10,125,80
2010-09-12 21:00:00,11.6,948.9,4,154,62
2010-09-12 22:00:00,11.8,955.8,14,185,53
2010-09-12 23:00:00,11.6,938.7,3,183,84
2010-09-13 00:00:00,14.3,945,13,251,58
2010-09-13 01:00:00,15.5,950.3,4,243,65
2010-09-13 02:00:00,15.2,939.5,7,237,69
2010-09-13 04:00:00,15.9,948.4,2,245,68
2010-09-13 05:00:00,19.4,943.2,4,280,65
2010-09-13 06:00:00,17.4,946.7,5,281,62
2010-09-13 07:00:00,17.2,951,2,268,61
2010-09-13 08:00:00,13.4,951.1,5,250,54
2010-09-13 09:00:00,17.8,945.3,10,175,66
2010-09-13 10:00:00,15,942.6,5,226,66
2010-09-13 11:00:00,16.2,951.3,2,205,40
2010-09-13 12:00:00,13.4,946.8,0,153,60
2010-09-13 13:00:00,13.9,943.6,4,160,55
2010-09-13 14:00:00,10.1,951.9,9,133,66
2010-09-13 15:00:00,9.7,942.9,10,106,61
2010-09-13 16:00:00,11.8,946.4,3,113,61
2010-09-13 17:00:00,10.4,937.7,9,116,59
2010-09-13 18:00:00,9.2,943.2,3,114,64
2010-09-13 19:00:00,8.5,943.2,7,131,71
2010-09-13 20:00:00,10.4,946,2,123,67
2010-09-13 21:00:00,12,947.6,13,144,60
2010-09-13 22:00:00,10.5,941.3,2,120,44
2010-09-13 23:00:00,13.9,947,1,196,70
2010-09-14 00:00:00,14,950.9,12,194,62
2010-09-14 01:00:00,17.7,947.7,1,194,67
2010-09-14 02:00:00,17,945.6,15,276,50
2010-09-14 03:00:00,17.5,938.8,3,277,57
2010-09-14 04:00:00,17.7,948.8,1,299,62
2010-09-14 05:00:00,18.3,941.5,5,237,61
2010-09-14 06:00:00,20,949.5,6,252,54
2010-09-14 07:00:00,16.2,946.7,2,229,60
2010-09-14 08:00:00,17,943.4,7,243,68
2010-09-14 09:00:00,18.5,946.8,9,205,63
2010-09-14 10:00:00,14.2,947.8,2,205,71
2010-09-14 11:00:00,11.3,944.7,12,168,62
2010-09-14 12:00:00,12.7,948.1,6,163,55
2010-09-14 13:00:00,13.9,947,3,145,68
2010-09-14 14:00:00,13.4,947.8,8,146,64
2010-09-14 15:00:00,10.5,940,6,116,77
2010-09-14 17:00:00,7.4,944.4,12,86,61
2010-09-14 18:00:00,11,942.9,4,116,71
2010-09-14 19:00:00,9,945.8,1,101,68
2010-09-14 20:00:00,10.5,947.3,14,120,66
2010-09-14 21:00:00,11.2,942.3,13,149,65
2010-09-14 23:00:00,12.2,946.9,6,165,63
2010-09-15 00:00:00,11.3,945.2,8,209,64
2010-09-15 01:00:00,12.3,948,8,297,65
2010-09-15 02:00:00,12.9,947.4,4,172,84
2010-09-15 03:00:00,18.1,946.4,11,223,63
2010-09-15 04:00:00,18.7,948.2,3,283,69
2010-09-15 05:00:00,15.5,944.2,8,224,56
2010-09-15 06:00:00,17.2,940.7,6,284,76
2010-09-15 07:00:00,18.9,946.1,9,240,64
2010-09-15 08:00:00,14.7,938.8,13,275,60
2010-09-15 09:00:00,16.6,947.5,5,250,66
2010-09-15 10:00:00,18.2,943,11,196,69
2010-09-15 11:00:00,13.3,940.7,3,180,76
2010-09-15 12:00:00,14.8,946.6,6,109,59
2010-09-15 13:00:00,14.7,949.5,8,129,72
2010-09-15 14:00:00,11.4,945.5,4,101,47
2010-09-15 15:00:00,7.6,947.4,6,103,70
2010-09-15 16:00:00,8.8,945.1,10,89,64
2010-09-15 17:00:00,10.7,943.2,1,122,47
2010-09-15 18:00:00,7.5,945.4,0,113,63
2010-09-15 19:00:00,6.1,946.1,5,23,62
2010-09-15 20:00:00,6.3,945,0,101,67
2010-09-15 21:00:00,9.5,946.4,4,145,68
2010-09-15 22:00:00,12.3,948.7,8,120,48
2010-09-15 23:00:00,15.2,946.9,3,181,63
2010-09-16 00:00:00,9.8,946.8,1,235,68
2010-09-16 01:00:00,14.7,941.2,3,218,66
2010-09-16 02:00:00,16.7,948.5,6,292,66
2010-09-16 03:00:00,16.1,948.7,3,302,53
2010-09-16 04:00:00,16.9,943.5,15,327,70
2010-09-16 05:00:00,14.3,945.1,5,252,66
2010-09-16 06:00:00,16.6,950.9,2,296,55
2010-09-16 07:00:00,15.4,945.2,8,238,59
2010-09-16 08:00:00,17.8,951.6,5,253,66
2010-09-16 09:00:00,17.2,946.3,8,266,66
2010-09-16 10:00:00,14.2,942.3,4,240,67
2010-09-16 11:00:00,14.5,948.9,12,166,64
2010-09-16 12:00:00,10.3,944.7,2,141,50
2010-09-16 13:00:00,10.5,947.5,6,153,85
2010-09-16 14:00:00,11.3,944.8,11,117,57
2010-09-16 15:00:00,10.6,950.1,9,108,62
2010-09-16 16:00:00,11,946.5,15,112,51
2010-09-16 17:00:00,7.3,942.5,9,92,59
2010-09-16 18:00:00,7.8,943.7,3,72,58
2010-09-16 19:00:00,10.4,940.7,3,138,59
2010-09-16 20:00:00,9,947.5,7,130,75
2010-09-16 21:00:00,8.7,950.5,4,139,78
2010-09-16 22:00:00,10.2,947.2,13,161,61
2010-09-16 23:00:00,10.9,944.4,0,140,58
2010-09-17 00:00:00,12.4,945.8,5,169,74
2010-09-17 01:00:00,15.5,947,8,225,72
2010-09-17 02:00:00,16.2,937.2,12,274,67
2010-09-17 03:00:00,17.5,941.9,6,295,52
2010-09-17 04:00:00,16.5,947.2,6,262,63
2010-09-17 05:00:00,17.2,948.8,10,290,50
2010-09-17 06:00:00,17,944.4,8,302,74
2010-09-17 07:00:00,16.8,943,0,287,61
2010-09-17 08:00:00,16.8,947.6,7,238,68
2010-09-17 09:00:00,14.5,945.2,0,246,63
2010-09-17 10:00:00,14.8,946,3,164,59
2010-09-17 11:00:00,16.6,951.1,4,243,75
2010-09-17 12:00:00,14.4,941.3,6,131,64
2010-09-17 13:00:00,12.9,944.4,12,102,58
2010-09-17 14:00:00,11,947.7,7,91,60
2010-09-17 15:00:00,9.5,948,5,117,64
2010-09-17 16:00:00,8.3,945.5,2,108,73
2010-09-17 17:00:00,7.2,937.9,7,143,59
2010-09-17 18:00:00,7.1,948.6,8,163,45
2010-09-17 19:00:00,9.1,942.2,9,126,50
2010-09-17 20:00:00,10.8,944.5,7,111,69
2010-09-17 21:00:00,8.4,946.8,5,108,65
2010-09-17 22:00:00,12.6,944.5,7,209,67
2010-09-17 23:00:00,10.1,943.1,15,208,67
2010-09-18 00:00:00,13.5,944.4,6,182,67
2010-09-18 01:00:00,14.3,950,2,236,65
2010-09-18 02:00:00,15.4,947.3,10,265,70
2010-09-18 03:00:00,14.3,946,5,229,65
2010-09-18 04:00:00,17,946.2,11,271,68
2010-09-18 05:00:00,15.7,946.4,10,277,58
2010-09-18 06:00:00,16.4,943.6,14,286,59
2010-09-18 07:00:00,16.7,948,3,273,60
2010-09-18 08:00:00,15.9,947.5,7,287,52
2010-09-18 09:00:00,14.8,941.7,13,208,58
2010-09-18 10:00:00,14.5,941.9,1,171,63
2010-09-18 11:00:00,14.4,949.7,7,180,66
2010-09-18 12:00:00,13.6,945.9,1,215,59
2010-09-18 13:00:00,12.9,946,7,122,68
2010-09-18 14:00:00,10,941.9,12,109,79
2010-09-18 15:00:00,10.7,948.8,9,136,77
2010-09-18 16:00:00,8.1,947.8,9,66,57
2010-09-18 17:00:00,8.5,940.7,8,105,73
2010-09-18 18:00:00,8.1,948.7,1,59,60
2010-09-18 19:00:00,10.2,942.6,1,138,56
2010-09-18 20:00:00,6.8,945.8,6,117,57
2010-09-18 21:00:00,9.1,942.8,0,168,56
2010-09-18 22:00:00,12.7,944.3,5,132,62
2010-09-18 23:00:00,10.7,943.5,3,197,63
2010-09-19 00:00:00,11.9,944,6,182,68
2010-09-19 01:00:00,15.5,946,7,239,85
2010-09-19 02:00:00,14.2,949.2,8,267,81
2010-09-19 03:00:00,13.7,943.7,7,276,70
2010-09-19 04:00:00,17.3,945.4,3,300,59
2010-09-19 05:00:00,16.3,944.3,2,320,75
2010-09-19 06:00:00,16.6,951.1,2,264,56
2010-09-19 07:00:00,16.4,947.6,14,233,57
2010-09-19 08:00:00,14.8,945.4,5,269,70
2010-09-19 09:00:00,16.7,942.4,8,227,55
2010-09-19 10:00:00,13.9,946.9,9,210,66
2010-09-19 11:00:00,13.3,941.5,1,178,74
2010-09-19 12:00:00,12.8,944.7,15,200,76
2010-09-19 13:00:00,12.8,945.5,1,133,65
2010-09-19 14:00:00,10.1,942.1,4,93,65
2010-09-19 15:00:00,9.1,944.7,21,92,63
2010-09-19 16:00:00,8.4,945,7,132,68
2010-09-19 17:00:00,8.6,941.3,1,157,63
2010-09-19 18:00:00,6.1,951,12,50,55
2010-09-19 19:00:00,9.7,941.1,6,89,48
2010-09-19 20:00:00,10.2,946.6,22,161,66
2010-09-19 21:00:00,8.1,945.8,7,103,54
2010-09-19 22:00:00,11.2,948,4,198,48
2010-09-19 23:00:00,12.6,942.6,6,185,64
2010-09-20 00:00:00,11.3,944.5,6,226,61
2010-09-20 01:00:00,13.1,947.7,6,255,73
2010-09-20 02:00:00,13.2,949.4,6,266,63
2010-09-20 03:00:00,15.6,947.7,9,276,63
2010-09-20 04:00:00,16.8,949.6,16,247,71
2010-09-20 05:00:00,14.4,947.6,0,253,67
2010-09-20 06:00:00,16.3,947.9,3,230,55
2010-09-20 07:00:00,16.5,943.6,2,259,60
2010-09-20 08:00:00,13.5,936.2,3,223,74
2010-09-20 09:00:00,16.6,946.2,6,244,64
2010-09-20 10:00:00,14.4,942.3,7,168,75
2010-09-20 11:00:00,13.5,946.5,1,112,56
2010-09-20 12:00:00,12.8,943.9,13,151,61
2010-09-20 13:00:00,11,943.6,3,100,74
2010-09-20 14:00:00,9.1,943.5,4,123,68
2010-09-20 15:00:00,9.3,943.3,13,97,77
2010-09-20 16:00:00,8.8,949.3,13,117,58
2010-09-20 17:00:00,8.7,947.1,15,66,63
2010-09-20 18:00:00,4.3,948.9,16,92,69
2010-09-20 20:00:00,8.7,950.3,6,175,71
2010-09-20 21:00:00,9.2,941.2,2,100,71
2010-09-20 22:00:00,11.5,946.7,3,135,49
2010-09-20 23:00:00,9.8,946.2,3,232,63
2010-09-21 00:00:00,12.3,945.2,3,231,65
2010-09-21 01:00:00,14.4,941.9,3,215,69
2010-09-21 02:00:00,19,947.8,10,262,64
2010-09-21 03:00:00,14.5,945.8,4,136,78
2010-09-21 04:00:00,14.2,946.7,7,260,70
2010-09-21 05:00:00,17.9,944.4,3,272,68
2010-09-21 06:00:00,18.5,949.2,0,300,65
2010-09-21 07:00:00,15.2,946.4,5,218,72
2010-09-21 08:00:00,16.5,947.5,9,257,42
2010-09-21 09:00:00,13.8,940.8,8,193,66
2010-09-21 10:00:00,13,948.3,4,188,79
2010-09-21 11:00:00,13.8,942.7,7,172,54
2010-09-21 12:00:00,11.9,945.4,8,150,68
2010-09-21 13:00:00,11.2,945.6,9,174,65
2010-09-21 14:00:00,10,946.2,4,119,64
2010-09-21 15:00:00,10.9,943.6,3,91,61
2010-09-21 16:00:00,8.5,948.2,2,108,68
2010-09-21 17:00:00,7.8,944.9,6,90,62
2010-09-21 18:00:00,6.4,947.2,6,75,70
2010-09-21 19:00:00,7.2,945.5,15,158,69
2010-09-21 20:00:00,7.7,948.7,4,92,59
2010-09-21 21:00:00,10.2,945.5,6,128,69
2010-09-21 22:00:00,10.9,951,10,96,71
2010-09-21 23:00:00,12.3,946.3,7,120,62
2010-09-22 00:00:00,9.4,943.3,2,194,51
2010-09-22 01:00:00,11.7,941.7,4,222,62
2010-09-22 02:00:00,12.1,946.5,8,227,64
2010-09-22 03:00:00,15,948.8,4,309,77
2010-09-22 04:00:00,16.8,946.5,18,270,72
2010-09-22 05:00:00,16.9,947,7,277,71
2010-09-22 06:00:00,14.3,946.1,10,232,64
2010-09-22 07:00:00,14.5,947,12,283,77
2010-09-22 08:00:00,16,946.7,10,228,72
2010-09-22 09:00:00,13.7,945.9,5,221,80
2010-09-22 10:00:00,14.5,948,8,294,61
2010-09-22 11:00:00,12.1,944.3,0,179,77
2010-09-22 12:00:00,11.9,947.2,4,153,51
2010-09-22 13:00:00,9.8,947,15,128,66
2010-09-22 14:00:00,10.2,948.5,7,74,72
2010-09-22 15:00:00,7.3,950.4,6,119,61
2010-09-22 16:00:00,5.6,944.9,7,135,70
2010-09-22 17:00:00,7.5,947.2,4,100,62
2010-09-22 18:00:00,7.7,948,9,105,52
2010-09-22 19:00:00,7.1,945.5,10,81,53
2010-09-22 20:00:00,9,944.6,8,115,71
2010-09-22 21:00:00,10.5,942.9,10,163,51
2010-09-22 22:00:00,10.2,948.5,5,210,68
2010-09-22 23:00:00,10.1,947.5,2,200,60
2010-09-23 00:00:00,11.5,942.7,2,175,50
2010-09-23 01:00:00,15.2,948.4,6,248,66
2010-09-23 02:00:00,13.3,945.8,3,257,71
2010-09-23 03:00:00,15.5,947.9,2,289,73
2010-09-23 04:00:00,16.2,944.7,11,219,54
2010-09-23 05:00:00,16.7,951.7,14,300,65
2010-09-23 06:00:00,15.4,950.2,4,250,64
2010-09-23 07:00:00,17.9,952.2,2,248,63
2010-09-23 08:00:00,16.9,953.5,1,182,74
2010-09-23 09:00:00,17.3,944.7,1,200,70
2010-09-23 10:00:00,15.4,947.4,15,183,55
2010-09-23 11:00:00,14.6,944.2,1,152,62
2010-09-23 12:00:00,11.6,938.9,4,226,74
2010-09-23 13:00:00,10.1,955,6,155,61
2010-09-23 14:00:00,11.1,946,25,145,68
2010-09-23 15:00:00,10.7,946.8,4,106,48
2010-09-23 16:00:00,5.1,946.1,1,70,68
2010-09-23 17:00:00,8.5,942.6,1,79,75
2010-09-23 18:00:00,8.7,950.1,6,65,67
2010-09-23 19:00:00,5.7,946.6,7,135,64
2010-09-23 20:00:00,7.4,946.8,12,128,68
2010-09-23 21:00:00,7.4,947.9,15,164,64
2010-09-23 22:00:00,9.7,953,13,156,71
2010-09-23 23:00:00,9.9,947.5,7,184,75
2010-09-24 00:00:00,13.9,944.9,10,204,75
2010-09-24 01:00:00,12.1,944.3,1,179,57
2010-09-24 02:00:00,15.6,949,5,205,77
2010-09-24 03:00:00,15,944.7,6,246,64
2010-09-24 04:00:00,15.8,947.3,11,285,69
2010-09-24 05:00:00,13.3,945.3,10,300,75
2010-09-24 07:00:00,17.6,944.5,3,252,69
2010-09-24 08:00:00,14.8,942.5,6,245,62
2010-09-24 09:00:00,14.1,949.3,9,178,73
2010-09-24 10:00:00,12.3,944.4,2,192,64
2010-09-24 11:00:00,10.9,945.1,3,198,61
2010-09-24 12:00:00,9.6,947.6,1,187,71
2010-09-24 13:00:00,10.6,950.2,6,164,76
2010-09-24 14:00:00,8.5,944.9,13,153,60
2010-09-24 15:00:00,9.7,946.5,10,72,41
2010-09-24 16:00:00,6.8,949.5,3,29,67
2010-09-24 17:00:00,9,948,0,95,61
2010-09-24 18:00:00,7,946.7,1,37,67
2010-09-24 19:00:00,5.5,943.6,4,69,80
2010-09-24 20:00:00,8.1,940.3,8,151,78
2010-09-24 21:00:00,7.3,952.1,2,143,66
2010-09-24 22:00:00,8.7,951,4,127,56
2010-09-24 23:00:00,9.9,946.2,2,159,66
2010-09-25 00:00:00,8.3,949,8,184,53
2010-09-25 01:00:00,12.9,940.9,3,263,62
2010-09-25 02:00:00,12,947.7,9,270,57
2010-09-25 03:00:00,13.6,946.9,8,274,66
2010-09-25 04:00:00,16.2,947.5,10,279,70
2010-09-25 05:00:00,15.9,945.4,10,229,61
2010-09-25 06:00:00,15.3,940.8,11,237,74
2010-09-25 07:00:00,16.2,947.1,3,242,75
2010-09-25 08:00:00,14.4,949.4,8,204,72
2010-09-25 09:00:00,14.1,943.1,8,193,58
2010-09-25 10:00:00,14.6,946.1,6,186,54
2010-09-25 11:00:00,10.1,944.9,4,223,50
2010-09-25 12:00:00,12.2,952.4,4,143,61
2010-09-25 13:00:00,9.8,946.9,12,173,72
2010-09-25 14:00:00,11.1,945,1,166,71
2010-09-25 15:00:00,7.4,947.7,12,103,70
2010-09-25 16:00:00,6.8,948.1,14,68,59
2010-09-25 17:00:00,10.6,944,8,102,76
2010-09-25 18:00:00,6.4,949,0,79,70
2010-09-25 19:00:00,8.4,942,7,137,72
2010-09-25 20:00:00,6.9,943.7,11,123,73
2010-09-25 21:00:00,9.1,948.2,3,146,77
2010-09-25 22:00:00,8.8,943.3,17,210,67
2010-09-25 23:00:00,10.1,947.3,8,177,73
2010-09-26 00:00:00,10.4,948.6,13,221,61
2010-09-26 01:00:00,12,941.6,15,284,59
2010-09-26 02:00:00,12.1,946,16,182,73
2010-09-26 03:00:00,14.4,947.3,13,255,75
2010-09-26 04:00:00,12.5,949.2,1,227,70
2010-09-26 05:00:00,16.7,949,2,274,82
2010-09-26 06:00:00,11.9,941.9,16,278,60
2010-09-26 07:00:00,14.5,949.1,21,272,64
2010-09-26 08:00:00,14.9,940.8,9,265,72
2010-09-26 10:00:00,13.5,941.6,7,137,59
2010-09-26 11:00:00,10.9,947.9,12,212,81
2010-09-26 12:00:00,10.3,950.8,2,105,55
2010-09-26 13:00:00,8.9,950.8,8,109,64
2010-09-26 14:00:00,10.8,949.7,3,158,67
2010-09-26 15:00:00,7.2,947.4,6,39,65
2010-09-26 16:00:00,8.1,943.9,12,54,45
2010-09-26 17:00:00,8.5,946.5,7,116,61
2010-09-26 18:00:00,5.9,947.7,9,118,73
2010-09-26 19:00:00,6.4,945.2,6,142,76
2010-09-26 20:00:00,6.5,943.7,5,104,68
2010-09-26 21:00:00,8.7,942.8,10,71,55
2010-09-26 22:00:00,10.7,949.1,6,124,65
2010-09-26 23:00:00,9.9,950.2,0,168,56
2010-09-27 00:00:00,12.3,941.4,2,242,76
2010-09-27 01:00:00,12.4,945.1,8,192,67
2010-09-27 02:00:00,13,945.8,6,278,63
2010-09-27 03:00:00,14.5,948.6,0,239,75
2010-09-27 04:00:00,13.6,946.5,3,293,69
2010-09-27 05:00:00,16.4,946.2,10,232,64
2010-09-27 06:00:00,14.6,943.1,8,292,69
2010-09-27 07:00:00,13.2,942.7,10,277,72
2010-09-27 08:00:00,14.5,947.6,1,246,67
2010-09-27 09:00:00,13.9,947.2,9,225,64
2010-09-27 10:00:00,11.6,947.2,10,210,62
2010-09-27 11:00:00,13,945.9,12,135,71
2010-09-27 13:00:00,7.4,951.5,5,132,72
2010-09-27 14:00:00,7.5,946.9,11,73,69
2010-09-27 15:00:00,7.8,943.7,0,114,74
2010-09-27 16:00:00,8.6,945.5,11,43,70
2010-09-27 17:00:00,5.2,947.6,0,39,53
2010-09-27 18:00:00,6.4,949.7,4,106,68
2010-09-27 19:00:00,5.5,947.1,4,121,58
2010-09-27 20:00:00,6.4,947.1,0,103,64
2010-09-27 21:00:00,6.2,945,0,127,77
2010-09-27 22:00:00,5.5,946.9,5,158,66
2010-09-27 23:00:00,8.5,948.8,12,211,61
2010-09-28 00:00:00,11.9,942.6,13,209,66
2010-09-28 01:00:00,9.3,950.4,9,233,78
2010-09-28 02:00:00,11.4,948.9,4,266,59
2010-09-28 03:00:00,12.7,943.9,8,294,86
2010-09-28 04:00:00,14.3,946.3,10,231,54
2010-09-28 05:00:00,13.2,948.1,4,317,70
2010-09-28 06:00:00,15.1,945.9,10,263,74
2010-09-28 07:00:00,15.5,950.3,9,254,63
2010-09-28 08:00:00,12.5,948.5,12,296,57
2010-09-28 09:00:00,13.5,947.4,9,213,64
2010-09-28 10:00:00,9.8,948.4,8,202,63
2010-09-28 11:00:00,13.7,939.7,13,164,85
2010-09-28 12:00:00,10.1,953.6,1,130,63
2010-09-28 13:00:00,8.1,943.1,1,87,67
2010-09-28 14:00:00,10.3,948.3,6,132,71
2010-09-28 15:00:00,5.8,946.5,9,123,81
2010-09-28 16:00:00,4.7,947.3,8,85,61
2010-09-28 17:00:00,5.8,949.7,11,49,70
2010-09-28 18:00:00,4.1,949.6,7,73,65
2010-09-28 20:00:00,6.7,943.8,25,133,61
2010-09-28 21:00:00,7.5,947.7,7,145,74
2010-09-28 22:00:00,8.6,949.3,8,123,71
2010-09-28 23:00:00,6.8,945.2,6,172,67
2010-09-29 00:00:00,9.8,945.8,7,212,72
2010-09-29 01:00:00,11.4,944.1,6,229,67
2010-09-29 02:00:00,15,947.4,5,229,71
2010-09-29 03:00:00,14.3,947.8,12,259,63
2010-09-29 04:00:00,14.2,946.5,11,239,81
2010-09-29 05:00:00,14.9,943.1,3,215,67
2010-09-29 06:00:00,15.9,943.7,11,252,75
2010-09-29 07:00:00,13.3,945.3,5,305,63
2010-09-29 08:00:00,16.8,944.8,4,176,66
2010-09-29 09:00:00,15.2,946.2,14,207,77
2010-09-29 10:00:00,9.9,944.5,4,214,65
2010-09-29 11:00:00,10.2,947.6,15,203,71
2010-09-29 12:00:00,8.7,952.7,10,156,67
2010-09-29 13:00:00,10.4,946.6,10,106,63
2010-09-29 14:00:00,8.2,943.6,8,97,69
2010-09-29 15:00:00,8.8,945.4,5,44,73
2010-09-29 16:00:00,5.8,948.3,8,110,65
2010-09-29 17:00:00,5.8,947.8,8,99,68
2010-09-29 18:00:00,6,946.8,8,64,81
2010-09-29 19:00:00,7.5,947.2,2,68,72
2010-09-29 21:00:00,9.1,946.1,2,134,61
2010-09-29 22:00:00,7.5,943.2,0,176,64
2010-09-29 23:00:00,8.3,949.2,10,231,57
2010-09-30 00:00:00,10.7,945.4,7,208,71
2010-09-30 01:00:00,10.5,948.5,7,197,70
2010-09-30 02:00:00,12.8,943.3,4,257,79
2010-09-30 03:00:00,13.3,950.3,5,274,57
2010-09-30 04:00:00,13.5,943.3,9,275,80
2010-09-30 05:00:00,12.9,944.9,11,296,66
2010-09-30 06:00:00,12.7,951,5,231,66
2010-09-30 07:00:00,12.6,943.6,10,203,62
2010-09-30 08:00:00,13,947.6,4,232,69
2010-09-30 09:00:00,13.4,950.4,6,175,70
2010-09-30 10:00:00,12.1,941,13,201,56
2010-09-30 11:00:00,8.9,946.7,1,154,74
2010-09-30 12:00:00,9.9,951.8,5,146,80
2010-09-30 14:00:00,9.6,951.5,4,94,74
2010-09-30 16:00:00,6,944.4,11,63,80
2010-09-30 17:00:00,4.4,946,5,71,82
2010-09-30 18:00:00,6.7,947.2,20,132,83
2010-09-30 19:00:00,5.6,944.6,7,63,63
2010-09-30 20:00:00,8.5,942.6,6,83,65
2010-09-30 21:00:00,9.7,945.5,0,157,83
2010-09-30 22:00:00,7.5,946.9,13,198,75
2010-09-30 23:00:00,10.2,946.5,16,165,66
2010-10-01 00:00:00,12,943.1,14,178,64
2010-10-01 01:00:00,13.6,942.2,4,203,61
2010-10-01 02:00:00,11,944.5,2,262,56
2010-10-01 03:00:00,12.2,944.2,9,243,58
2010-10-01 04:00:00,13.1,945.4,5,255,62
2010-10-01 05:00:00,14,948,5,190,63
2010-10-01 06:00:00,12.6,950.4,8,285,73
2010-10-01 08:00:00,10.2,949.3,5,309,67
2010-10-01 09:00:00,9.5,942.1,6,198,63
2010-10-01 10:00:00,11.8,948.2,5,236,73
2010-10-01 11:00:00,11.6,943.1,9,150,68
2010-10-01 12:00:00,9.5,946,8,177,72
2010-10-01 13:00:00,8.8,946,7,145,64
2010-10-01 14:00:00,8.7,944.1,2,84,72
2010-10-01 15:00:00,6.8,948.3,8,126,88
2010-10-01 16:00:00,4.2,947.9,4,75,64
2010-10-01 17:00:00,8,946.2,11,53,68
2010-10-01 18:00:00,6.5,949.9,5,49,74
2010-10-01 19:00:00,7.4,946.3,10,107,68
2010-10-01 20:00:00,7.3,945.5,0,143,71
2010-10-01 21:00:00,9,948.9,7,122,87
2010-10-01 22:00:00,8,947,3,134,77
2010-10-01 23:00:00,10.3,947.9,9,182,72
2010-10-02 00:00:00,9.7,946.5,8,266,65
2010-10-02 01:00:00,14.5,945.3,11,225,72
2010-10-02 02:00:00,10.8,947.9,8,200,78
2010-10-02 03:00:00,12.2,948.2,3,251,69
2010-10-02 04:00:00,11.5,941.8,6,243,69
2010-10-02 05:00:00,13.2,954.9,5,270,55
2010-10-02 06:00:00,13.2,947.5,3,251,78
2010-10-02 07:00:00,13.1,952.6,15,245,75
2010-10-02 08:00:00,14.1,946.9,15,192,73
2010-10-02 09:00:00,14.6,950.3,7,194,65
2010-10-02 10:00:00,14.1,946.5,19,269,60
2010-10-02 11:00:00,10.9,949.1,3,151,66
2010-10-02 12:00:00,9.7,946.9,5,129,64
2010-10-02 13:00:00,9.8,948.6,4,114,82
2010-10-02 14:00:00,7.2,944.7,10,110,64
2010-10-02 15:00:00,4.9,944.4,7,94,67
2010-10-02 16:00:00,4.9,950,0,103,65
2010-10-02 17:00:00,6.6,950.6,18,27,61
2010-10-02 18:00:00,4.2,948.4,1,126,84
2010-10-02 19:00:00,7,950,4,130,63
2010-10-02 20:00:00,6.5,944.5,14,144,88
2010-10-02 21:00:00,6.1,941.7,4,154,77
2010-10-02 22:00:00,8.1,943.9,1,167,62
2010-10-02 23:00:00,8.4,944.5,5,177,56
2010-10-03 00:00:00,8.6,947,7,216,83
2010-10-03 01:00:00,12.3,948.8,10,217,70
2010-10-03 02:00:00,9.5,947.1,8,269,65
2010-10-03 03:00:00,10.3,949.5,10,252,56
2010-10-03 04:00:00,13.8,946.8,15,215,62
2010-10-03 05:00:00,12.4,941.5,1,232,70
2010-10-03 06:00:00,13.4,943.1,5,231,60
2010-10-03 07:00:00,13.3,950.2,0,228,74
2010-10-03 08:00:00,12.9,945.7,11,219,72
2010-10-03 09:00:00,11.1,943.6,13,162,60
2010-10-03 10:00:00,14.8,950.3,11,192,76
2010-10-03 11:00:00,11.2,946,1,191,68
2010-10-03 12:00:00,9.3,950,8,112,76
2010-10-03 13:00:00,7.6,950.4,8,121,80
2010-10-03 14:00:00,8.4,948.8,15,76,74
2010-10-03 15:00:00,6.7,943.4,10,99,88
2010-10-03 16:00:00,6.5,944.7,9,64,67
2010-10-03 17:00:00,6.3,952.7,3,108,72
2010-10-03 18:00:00,4.7,938.5,13,104,67
2010-10-03 19:00:00,6.3,947.5,6,102,65
2010-10-03 20:00:00,4.9,953.4,8,103,59
2010-10-03 21:00:00,6.8,951.5,8,183,77
2010-10-03 22:00:00,9.4,945.9,12,171,68
2010-10-03 23:00:00,7.1,949.4,6,214,71
2010-10-04 00:00:00,10.2,939.2,9,180,70
2010-10-04 01:00:00,9.9,945,10,270,87
2010-10-04 02:00:00,10.1,949.6,16,280,65
2010-10-04 03:00:00,11.1,948.5,5,221,63
2010-10-04 04:00:00,15.2,946.8,7,281,67
2010-10-04 05:00:00,16,949.5,12,325,80
2010-10-04 06:00:00,13.4,945.3,19,232,68
2010-10-04 07:00:00,11.7,944.2,11,266,72
2010-10-04 08:00:00,12.6,944.8,10,248,69
2010-10-04 09:00:00,10.8,942.7,10,195,82
2010-10-04 10:00:00,13.4,948.2,8,186,52
2010-10-04 11:00:00,8.8,945,3,180,92
2010-10-04 12:00:00,9.5,946.5,5,176,56
2010-10-04 13:00:00,8.6,940.2,10,127,75
2010-10-04 14:00:00,8,948.8,7,78,86
2010-10-04 15:00:00,7.3,947.1,15,65,77
2010-10-04 16:00:00,5.3,945.1,7,138,74
2010-10-04 17:00:00,5.4,944.9,5,64,69
2010-10-04 18:00:00,5,949.9,8,90,77
2010-10-04 19:00:00,4.7,945.1,9,110,86
2010-10-04 20:00:00,3.8,951.9,11,156,73
2010-10-04 21:00:00,5.2,944.9,13,143,82
2010-10-04 22:00:00,8.2,946.1,10,162,72
2010-10-04 23:00:00,6.4,949.4,4,187,74
2010-10-05 00:00:00,7.7,949.3,3,214,64
2010-10-05 01:00:00,10.5,945.3,5,290,74
2010-10-05 02:00:00,13.2,948.3,10,270,70
2010-10-05 03:00:00,10.4,942.9,0,290,66
2010-10-05 04:00:00,14.2,950.7,1,233,67
2010-10-05 05:00:00,12.1,949.9,15,262,80
2010-10-05 06:00:00,11.8,943.1,11,254,73
2010-10-05 07:00:00,12.9,947,10,266,75
2010-10-05 08:00:00,13.3,951.8,0,229,78
2010-10-05 09:00:00,12.1,949,8,208,78
2010-10-05 10:00:00,9.7,948.4,0,174,71
2010-10-05 11:00:00,9.2,949.2,10,188,51
2010-10-05 12:00:00,11.1,948.2,4,142,71
2010-10-05 13:00:00,7.4,946.1,10,100,71
2010-10-05 14:00:00,9.6,943.2,2,163,69
2010-10-05 15:00:00,6.6,943,8,141,71
2010-10-05 16:00:00,4.3,944.3,3,70,71
2010-10-05 18:00:00,3.3,942.2,7,58,74
2010-10-05 19:00:00,3.8,946.1,9,105,72
2010-10-05 20:00:00,5.6,948.6,12,144,72
2010-10-05 21:00:00,6.5,951.7,8,150,67
2010-10-05 22:00:00,6.6,944.6,19,149,78
2010-10-05 23:00:00,9.1,950.6,10,201,51
2010-10-06 00:00:00,9.4,944.5,8,179,64
2010-10-06 01:00:00,12.1,948.4,8,221,62
2010-10-06 02:00:00,11.9,951.3,3,205,77
2010-10-06 03:00:00,11.9,943.6,6,299,69
2010-10-06 04:00:00,12.9,951.7,10,266,70
2010-10-06 05:00:00,12.8,945.9,3,290,65
2010-10-06 06:00:00,12.6,951.6,2,243,79
2010-10-06 07:00:00,14.4,945.7,7,281,53
2010-10-06 08:00:00,14.5,948.8,5,188,72
2010-10-06 09:00:00,12.2,948.4,10,227,77
2010-10-06 10:00:00,13.9,946.5,12,168,72
2010-10-06 11:00:00,11.2,948.6,13,152,69
2010-10-06 12:00:00,8.2,942.7,8,162,82
2010-10-06 13:00:00,7.9,950,6,137,61
2010-10-06 14:00:00,7.8,943.6,6,135,76
2010-10-06 15:00:00,5.6,946.8,1,150,58
2010-10-06 16:00:00,6.3,948,11,155,74
2010-10-06 17:00:00,7.5,945.7,9,67,59
2010-10-06 18:00:00,6.1,944.9,6,81,75
2010-10-06 19:00:00,4.5,943.7,11,149,81
2010-10-06 20:00:00,6.8,944.9,13,113,76
2010-10-06 21:00:00,6.2,944.4,6,133,66
2010-10-06 22:00:00,7,948.6,0,141,58
2010-10-06 23:00:00,10.2,949.2,12,224,73
2010-10-07 00:00:00,10.4,950.7,10,182,79
2010-10-07 01:00:00,10.1,951.8,11,250,49
2010-10-07 02:00:00,14.2,948.9,2,254,68
2010-10-07 03:00:00,11.8,951.7,14,228,72
2010-10-07 04:00:00,14.3,947.9,7,221,71
2010-10-07 06:00:00,12.6,947.2,6,235,66
2010-10-07 07:00:00,10.8,952.7,6,227,64
2010-10-07 08:00:00,11.9,947.4,5,230,62
2010-10-07 09:00:00,12.4,943.3,0,256,64
2010-10-07 10:00:00,9.2,955,13,207,74
2010-10-07 11:00:00,8.9,948.9,9,83,83
2010-10-07 12:00:00,10.4,945.1,5,202,55
2010-10-07 13:00:00,7.6,947.6,5,146,71
2010-10-07 14:00:00,7.8,948.9,14,73,64
2010-10-07 15:00:00,7.8,947.1,1,89,73
2010-10-07 16:00:00,6.4,944.7,9,172,66
2010-10-07 17:00:00,4,948.8,1,92,70
2010-10-07 18:00:00,4.2,951.5,2,108,74
2010-10-07 19:00:00,2,943.8,8,87,65
2010-10-07 20:00:00,5.8,950.6,4,61,65
2010-10-07 21:00:00,7.4,949,7,103,75
2010-10-07 22:00:00,5.9,948.5,2,171,76
2010-10-07 23:00:00,7.2,951.5,11,219,55
2010-10-08 00:00:00,7.8,950.6,7,163,66
2010-10-08 01:00:00,10.7,946.5,13,214,60
2010-10-08 02:00:00,9.8,955.7,6,277,47
2010-10-08 03:00:00,10.8,944.7,9,276,74
2010-10-08 04:00:00,11.6,944.9,7,268,63
2010-10-08 05:00:00,14,950.3,8,327,72
2010-10-08 06:00:00,14.7,941.3,8,300,86
2010-10-08 07:00:00,12.9,948.4,8,208,75
2010-10-08 08:00:00,9.9,950,9,290,66
2010-10-08 09:00:00,11.3,948.8,13,196,84
2010-10-08 10:00:00,8.9,951.6,12,249,66
2010-10-08 11:00:00,10.3,951.2,7,226,63
2010-10-08 12:00:00,7.5,947.6,17,122,67
2010-10-08 13:00:00,8.7,948.8,12,152,56
2010-10-08 15:00:00,5.1,950.7,3,120,75
2010-10-08 16:00:00,4.6,947.7,10,119,76
2010-10-08 17:00:00,4.4,954.1,12,108,70
2010-10-08 18:00:00,6,942.1,12,85,52
2010-10-08 19:00:00,4.4,946.1,2,116,65
2010-10-08 20:00:00,4.9,941.1,14,119,60
2010-10-08 21:00:00,5.7,950.6,9,120,60
2010-10-08 22:00:00,9.4,950.2,3,189,65
2010-10-08 23:00:00,7.2,946.8,8,174,76
2010-10-09 00:00:00,7.4,942.7,7,200,80
2010-10-09 01:00:00,9.9,953,3,190,72
2010-10-09 02:00:00,10.1,942,10,260,67
2010-10-09 03:00:00,12.3,950,14,259,68
2010-10-09 04:00:00,9.5,945.2,6,308,83
2010-10-09 05:00:00,13.9,953.3,15,273,79
2010-10-09 06:00:00,12.4,949.3,3,237,67
2010-10-09 07:00:00,10.9,948.4,14,283,76
2010-10-09 08:00:00,11.8,945.3,11,265,66
2010-10-09 09:00:00,11.6,948.4,13,179,63
2010-10-09 10:00:00,8.3,952.1,18,168,68
2010-10-09 11:00:00,7.8,953.2,2,214,81
2010-10-09 12:00:00,6.3,954.9,1,131,72
2010-10-09 13:00:00,8,946.6,1,161,88
2010-10-09 14:00:00,11.1,945.5,11,155,62
2010-10-09 15:00:00,4.7,950.6,10,73,74
2010-10-09 16:00:00,4.5,955.2,13,137,68
2010-10-09 17:00:00,1.7,944.9,12,159,65
2010-10-09 18:00:00,4.8,942.4,8,51,68
2010-10-09 19:00:00,6.2,944.5,3,78,87
2010-10-09 20:00:00,5.8,947.2,8,146,60
2010-10-09 21:00:00,4.5,944.3,4,159,71
2010-10-09 22:00:00,5.5,947.5,15,208,74
2010-10-09 23:00:00,8.4,946.8,8,226,64
2010-10-10 00:00:00,8.2,946.9,6,158,66
2010-10-10 01:00:00,9.6,946.5,7,234,62
2010-10-10 02:00:00,11.7,943.7,5,277,72
2010-10-10 03:00:00,8.1,945.3,9,260,73
2010-10-10 04:00:00,12.1,946.6,4,246,76
2010-10-10 05:00:00,13.2,951.9,17,291,65
2010-10-10 06:00:00,12.8,949.4,18,265,71
2010-10-10 07:00:00,11.4,944.7,10,218,79
2010-10-10 08:00:00,11.5,949.6,12,254,68
2010-10-10 09:00:00,12.9,950.7,7,187,75
2010-10-10 11:00:00,7.9,946.8,8,223,69
2010-10-10 12:00:00,7.7,944.9,4,180,83
2010-10-10 13:00:00,7.5,951.2,12,138,76
2010-10-10 14:00:00,5.4,952.7,17,96,64
2010-10-10 15:00:00,5.3,943.6,17,116,64
2010-10-10 16:00:00,2,947,7,103,67
2010-10-10 17:00:00,4.8,945.2,12,88,68
2010-10-10 18:00:00,4.5,952.2,5,90,59
2010-10-10 19:00:00,5.8,946.5,11,71,71
2010-10-10 20:00:00,5.5,947.1,4,92,69
2010-10-10 21:00:00,9.7,947.2,13,107,71
2010-10-10 22:00:00,5,950.4,4,139,64
2010-10-10 23:00:00,7.6,949.5,9,144,69
2010-10-11 00:00:00,6.2,946.2,10,228,63
2010-10-11 01:00:00,6.9,950.6,7,306,77
2010-10-11 02:00:00,10,946.9,1,240,79
2010-10-11 03:00:00,9.9,951.2,5,259,82
2010-10-11 04:00:00,9.2,952.1,13,258,81
2010-10-11 05:00:00,10.6,946.8,9,252,58
2010-10-11 06:00:00,13.6,943.3,4,268,62
2010-10-11 07:00:00,10,949.9,5,245,74
2010-10-11 08:00:00,15,948.6,8,242,67
2010-10-11 09:00:00,9.8,941,9,204,65
2010-10-11 10:00:00,7.9,942.8,2,169,70
2010-10-11 11:00:00,8.8,945.8,6,161,63
2010-10-11 12:00:00,8,943.7,4,174,66
2010-10-11 13:00:00,8.3,946,4,148,85
2010-10-11 14:00:00,4.9,949.4,4,146,59
2010-10-11 15:00:00,6.3,947.3,8,103,80
2010-10-11 16:00:00,4.7,949.1,12,104,76
2010-10-11 17:00:00,5.6,943,11,93,66
2010-10-11 18:00:00,4.3,947.5,8,116,75
2010-10-11 19:00:00,2.4,948.2,4,108,58
2010-10-11 20:00:00,7.7,944.5,18,138,74
2010-10-11 21:00:00,5.1,948.6,9,121,67
2010-10-11 22:00:00,4.5,949.8,4,141,59
2010-10-11 23:00:00,6.7,947.1,4,225,71
2010-10-12 00:00:00,8.6,948.8,7,164,67
2010-10-12 01:00:00,9.5,944.1,8,216,73
2010-10-12 02:00:00,9.6,949.6,12,296,57
2010-10-12 03:00:00,10,952.8,9,241,69
2010-10-12 04:00:00,11.9,950.2,13,319,69
2010-10-12 05:00:00,11.3,946.3,0,326,80
2010-10-12 06:00:00,12.3,948.8,13,254,63
2010-10-12 07:00:00,11.5,950.2,10,296,62
2010-10-12 08:00:00,11.1,950.6,12,229,70
2010-10-12 09:00:00,9.8,951.2,12,237,70
2010-10-12 10:00:00,12,949.8,2,243,73
2010-10-12 11:00:00,8.9,947.7,7,220,63
2010-10-12 12:00:00,9.5,948.8,9,172,67
2010-10-12 13:00:00,4.8,949.2,0,142,67
2010-10-12 14:00:00,8.3,945.2,11,85,82
2010-10-12 15:00:00,6.6,949.4,5,57,82
2010-10-12 16:00:00,4.5,950.9,3,83,74
2010-10-12 17:00:00,4,951.6,9,108,74
2010-10-12 18:00:00,2.6,942.1,11,94,79
2010-10-12 19:00:00,2.5,942.7,16,79,69
2010-10-12 20:00:00,4.4,949.8,8,116,72
2010-10-12 21:00:00,4.3,952.6,8,137,75
2010-10-12 22:00:00,5,951.6,2,237,63
2010-10-12 23:00:00,7.3,950.3,11,213,89
2010-10-13 00:00:00,6.4,948.4,3,219,63
2010-10-13 01:00:00,6.4,953.4,7,236,78
2010-10-13 02:00:00,9.3,944.7,14,245,55
2010-10-13 03:00:00,10.9,945.9,1,281,73
2010-10-13 04:00:00,11.5,953.9,9,244,73
2010-10-13 05:00:00,12.2,944.4,10,244,69
2010-10-13 06:00:00,9.1,949.4,3,248,71
2010-10-13 07:00:00,12.1,951.3,7,322,79
2010-10-13 08:00:00,13.2,951.3,14,205,84
2010-10-13 09:00:00,10,944.9,9,207,67
2010-10-13 10:00:00,9.8,952.2,5,177,81
2010-10-13 11:00:00,8.4,946.3,5,145,80
2010-10-13 12:00:00,8.5,953.4,15,188,74
2010-10-13 13:00:00,6.2,945.5,8,219,63
2010-10-13 14:00:00,6.5,950.1,2,87,60
2010-10-13 15:00:00,3.8,943.3,7,99,76
2010-10-13 16:00:00,2.7,950.6,2,69,67
2010-10-13 17:00:00,0.7,946,0,59,76
2010-10-13 18:00:00,2.7,951.9,5,100,72
2010-10-13 19:00:00,3.5,949.9,7,151,78
2010-10-13 20:00:00,4.6,950.5,3,70,76
2010-10-13 21:00:00,5.6,946.7,11,111,84
2010-10-13 22:00:00,5.2,947.5,8,132,72
2010-10-13 23:00:00,5.4,950.8,8,199,66
2010-10-14 00:00:00,8.5,950.2,18,196,64
2010-10-14 01:00:00,8.8,952.7,10,233,74
2010-10-14 02:00:00,12.4,951.4,8,231,76
2010-10-14 03:00:00,6.9,948.1,11,321,73
2010-10-14 04:00:00,11.8,945.4,10,259,65
2010-10-14 06:00:00,12.4,944.6,14,325,68
2010-10-14 07:00:00,12.5,952.1,3,240,94
2010-10-14 08:00:00,11.7,950,6,233,70
2010-10-14 09:00:00,14,956.7,9,245,66
2010-10-14 10:00:00,8.5,949.6,9,193,79
2010-10-14 11:00:00,10.6,945.1,6,219,74
2010-10-14 12:00:00,7.5,948.3,8,163,66
2010-10-14 13:00:00,6.7,952.3,2,135,61
2010-10-14 14:00:00,5.5,944.4,9,91,66
2010-10-14 15:00:00,6.2,950.8,19,106,75
2010-10-14 16:00:00,3.3,949,2,126,77
2010-10-14 17:00:00,2.4,946.7,10,65,57
2010-10-14 18:00:00,2.2,948.3,11,108,54
2010-10-14 19:00:00,4.3,946.7,4,95,84
2010-10-14 20:00:00,1.4,952.3,10,142,80
2010-10-14 21:00:00,3.6,947.4,7,84,71
2010-10-14 22:00:00,7.6,946.6,6,198,78
2010-10-14 23:00:00,6.9,947.3,4,171,74
2010-10-15 00:00:00,6.3,947.2,21,186,72
2010-10-15 01:00:00,7.4,948.8,13,238,83
2010-10-15 02:00:00,8.4,947.6,12,256,73
2010-10-15 03:00:00,8.8,949.3,4,230,62
2010-10-15 04:00:00,10.2,948.1,7,246,74
2010-10-15 05:00:00,10.8,949.8,9,302,69
2010-10-15 06:00:00,10.5,953.2,0,258,62
2010-10-15 07:00:00,8.6,951.8,12,265,72
2010-10-15 08:00:00,10.4,946.6,11,255,63
2010-10-15 09:00:00,12.5,949.6,8,243,63
2010-10-15 10:00:00,8.6,948.7,14,166,75
2010-10-15 11:00:00,8.6,948.1,17,195,75
2010-10-15 12:00:00,6.9,947.7,11,112,77
2010-10-15 13:00:00,6.7,948.4,10,128,72
2010-10-15 14:00:00,3.7,951.2,13,144,55
2010-10-15 15:00:00,3.3,950.6,20,102,80
2010-10-15 16:00:00,5.9,949.6,13,98,82
2010-10-15 17:00:00,5.8,948,4,133,77
2010-10-15 18:00:00,3.5,950.6,11,96,68
2010-10-15 19:00:00,1.1,943.7,9,112,72
2010-10-15 20:00:00,1.8,950.1,2,152,68
2010-10-15 21:00:00,4.7,954.9,4,123,72
2010-10-15 22:00:00,5.7,951.8,15,202,64
2010-10-15 23:00:00,4.9,951.8,6,184,58
2010-10-16 00:00:00,5.2,944.7,4,235,72
2010-10-16 01:00:00,7.4,949.1,8,232,64
2010-10-16 02:00:00,7.3,947.5,17,207,77
2010-10-16 03:00:00,11.4,948.4,10,240,65
2010-10-16 04:00:00,10.2,944.4,7,262,72
2010-10-16 05:00:00,8.4,949.6,18,292,68
2010-10-16 06:00:00,11.6,947.6,8,291,75
2010-10-16 07:00:00,9.7,952.4,11,279,75
2010-10-16 08:00:00,11.4,948.3,3,273,72
2010-10-16 09:00:00,9.7,950.2,11,227,81
2010-10-16 10:00:00,12,946.7,7,203,73
2010-10-16 11:00:00,6.7,948.6,8,222,77
2010-10-16 12:00:00,6.8,950.5,7,236,70
2010-10-16 13:00:00,5.3,954,12,107,66
2010-10-16 14:00:00,6,950.3,7,129,85
2010-10-16 15:00:00,7,948.6,15,107,65
2010-10-16 16:00:00,5.7,949.2,18,106,66
2010-10-16 17:00:00,0.5,950.6,21,98,80
2010-10-16 18:00:00,3.5,948.8,7,48,56
2010-10-16 19:00:00,3.8,952.6,12,116,75
2010-10-16 20:00:00,2.9,944,6,98,72
2010-10-16 21:00:00,3,943.8,12,123,72
2010-10-16 22:00:00,5.1,945.1,15,156,66
2010-10-16 23:00:00,7.5,946.2,8,194,65
2010-10-17 00:00:00,7.9,948.6,4,244,70
2010-10-17 01:00:00,10.4,952.3,2,228,63
2010-10-17 02:00:00,8.4,954.1,10,256,85
2010-10-17 03:00:00,10.2,953.3,13,280,77
2010-10-17 04:00:00,10.8,951.4,6,295,84
2010-10-17 05:00:00,13.3,951.5,4,254,63
2010-10-17 06:00:00,11.8,948.6,12,309,73
2010-10-17 07:00:00,9.1,950.4,10,218,72
2010-10-17 08:00:00,11.7,951.6,8,256,78
2010-10-17 09:00:00,9.4,953.8,7,207,69
2010-10-17 10:00:00,8.4,948.8,12,216,73
2010-10-17 11:00:00,9.9,951.5,5,179,68
2010-10-17 12:00:00,7.1,951,7,178,85
2010-10-17 13:00:00,7.4,948.8,12,150,61
2010-10-17 14:00:00,3.5,952.4,8,99,89
2010-10-17 15:00:00,6.8,958.4,9,122,69
2010-10-17 16:00:00,5.6,945.8,11,85,89
2010-10-17 17:00:00,3.2,953.9,13,94,70
2010-10-17 18:00:00,4,950.6,15,93,68
2010-10-17 19:00:00,5.6,948.9,18,130,50
2010-10-17 20:00:00,1.9,946.7,5,111,74
2010-10-17 21:00:00,5.1,955.1,8,120,74
2010-10-17 22:00:00,5.2,950.4,2,184,73
2010-10-17 23:00:00,4.4,948.3,2,229,72
2010-10-18 00:00:00,9.1,951.8,3,174,83
2010-10-18 01:00:00,7,949.4,18,280,78
2010-10-18 02:00:00,10.4,950.4,10,245,87
2010-10-18 03:00:00,10.9,948.2,9,317,87
2010-10-18 04:00:00,10.3,954.6,2,240,71
2010-10-18 05:00:00,11.3,951,0,295,69
2010-10-18 06:00:00,11.9,943.7,10,275,74
2010-10-18 07:00:00,11,946.2,4,216,80
2010-10-18 08:00:00,10.4,953.6,6,267,78
2010-10-18 09:00:00,10.7,949,4,228,84
2010-10-18 10:00:00,13.4,953.5,13,188,73
2010-10-18 11:00:00,9.6,944.3,6,75,58
2010-10-18 12:00:00,6.9,950.2,16,142,54
2010-10-18 13:00:00,4.7,954.5,15,153,72
2010-10-18 14:00:00,4.8,949.7,10,107,79
2010-10-18 15:00:00,4.8,947.6,20,122,71
2010-10-18 16:00:00,3.4,946.1,6,68,70
2010-10-18 17:00:00,2.2,956.1,12,48,86
2010-10-18 18:00:00,4.7,945.7,8,132,79
2010-10-18 19:00:00,4,948.4,24,80,71
2010-10-18 20:00:00,4.6,949.2,5,124,83
2010-10-18 21:00:00,4.6,947.7,13,140,78
2010-10-18 22:00:00,5.6,949.3,5,151,77
2010-10-18 23:00:00,5.3,945.2,14,190,74
2010-10-19 00:00:00,3,949.5,18,152,67
2010-10-19 01:00:00,8.7,949,14,221,81
2010-10-19 02:00:00,10.9,952.3,14,285,81
2010-10-19 03:00:00,11.2,951.1,1,223,84
2010-10-19 04:00:00,11.2,952.3,10,225,73
2010-10-19 05:00:00,10.4,943.9,16,241,83
2010-10-19 06:00:00,8.9,943.4,11,329,76
2010-10-19 07:00:00,12.4,947.7,0,271,60
2010-10-19 08:00:00,10.1,954.7,10,266,71
2010-10-19 09:00:00,12.2,950.2,19,185,81
2010-10-19 10:00:00,7,952,1,211,76
2010-10-19 11:00:00,7.8,953.2,10,132,76
2010-10-19 12:00:00,5.6,951,7,126,79
2010-10-19 13:00:00,4.1,950.5,3,117,69
2010-10-19 14:00:00,0.6,949.3,3,122,68
2010-10-19 15:00:00,4.4,949.1,14,90,72
2010-10-19 16:00:00,0.5,948.9,12,59,78
2010-10-19 17:00:00,5,953.7,6,84,87
2010-10-19 18:00:00,3.6,951.9,14,117,81
2010-10-19 19:00:00,3.3,950.6,8,66,75
2010-10-19 20:00:00,5.3,949.2,8,141,65
2010-10-19 21:00:00,5.3,946.3,5,146,77
2010-10-19 22:00:00,4.3,945.4,2,177,81
2010-10-19 23:00:00,3.2,952.7,16,193,77
2010-10-20 00:00:00,6.6,951.6,6,182,66
2010-10-20 01:00:00,10.5,947.1,11,305,79
2010-10-20 02:00:00,7.4,950.4,2,234,76
2010-10-20 03:00:00,9.3,953.9,11,243,82
2010-10-20 04:00:00,12,951.3,5,285,75
2010-10-20 05:00:00,10.5,950.6,7,293,80
2010-10-20 06:00:00,10,952.2,4,210,79
2010-10-20 07:00:00,8.2,950.9,6,284,76
2010-10-20 08:00:00,9.7,949.3,11,225,75
2010-10-20 09:00:00,9.4,950.2,15,149,70
2010-10-20 10:00:00,8.6,949.1,8,211,80
2010-10-20 11:00:00,6.7,954.1,7,161,78
2010-10-20 12:00:00,7.8,947.6,7,174,71
2010-10-20 13:00:00,3.8,954.3,0,140,68
2010-10-20 14:00:00,3.3,941.7,14,140,73
2010-10-20 15:00:00,5.5,946.4,11,88,67
2010-10-20 16:00:00,0.8,951,13,104,66
2010-10-20 17:00:00,2.3,947.9,11,45,73
2010-10-20 18:00:00,0.8,952.4,13,59,64
2010-10-20 19:00:00,2.4,944.9,13,88,87
2010-10-20 20:00:00,2.2,950.5,10,61,87
2010-10-20 21:00:00,2.6,951,1,207,79
2010-10-20 22:00:00,5.7,953.6,14,175,67
2010-10-20 23:00:00,2.6,947.5,6,206,67
2010-10-21 00:00:00,7.3,949.2,12,215,74
2010-10-21 01:00:00,7.5,946.6,15,232,76
2010-10-21 02:00:00,7.5,952.8,6,215,62
2010-10-21 04:00:00,8.7,951.4,9,283,68
2010-10-21 05:00:00,9.3,946.1,14,242,76
2010-10-21 06:00:00,8.4,947.1,18,236,81
2010-10-21 07:00:00,10.5,947.2,11,282,74
2010-10-21 08:00:00,9,952.1,9,274,78
2010-10-21 09:00:00,12.1,956.8,12,273,73
2010-10-21 10:00:00,8.8,948,25,243,65
2010-10-21 11:00:00,7.5,949.9,14,152,64
2010-10-21 12:00:00,5.1,950.7,7,155,73
2010-10-21 14:00:00,4,954.9,12,103,84
2010-10-21 15:00:00,3,954.6,10,98,67
2010-10-21 16:00:00,2.9,946.9,12,60,71
2010-10-21 17:00:00,4.1,950.9,1,76,86
2010-10-21 18:00:00,1.2,946.8,1,100,69
2010-10-21 19:00:00,-0.1,945.2,9,95,72
2010-10-21 20:00:00,1.8,952.4,5,151,66
2010-10-21 21:00:00,4.6,949,11,128,63
2010-10-21 22:00:00,5,949.6,12,135,70
2010-10-21 23:00:00,3.3,949.4,5,211,71
2010-10-22 00:00:00,3.1,947.5,7,231,70
2010-10-22 01:00:00,6.3,948.5,6,251,64
2010-10-22 02:00:00,11.2,951.5,13,211,74
2010-10-22 03:00:00,8.7,954.6,20,258,66
2010-10-22 04:00:00,9.2,951.7,2,297,81
2010-10-22 05:00:00,10,956.8,8,279,78
2010-10-22 06:00:00,9.7,953.1,3,226,60
2010-10-22 07:00:00,10.3,953.8,21,279,79
2010-10-22 08:00:00,7.8,947.9,6,234,72
2010-10-22 09:00:00,8.5,944.2,13,255,66
2010-10-22 10:00:00,9.3,948.7,11,226,63
2010-10-22 11:00:00,6.7,946.3,9,183,63
2010-10-22 12:00:00,5.6,949.5,0,145,79
2010-10-22 13:00:00,4.1,950.6,8,140,80
2010-10-22 14:00:00,4.6,945.6,7,107,80
2010-10-22 15:00:00,3.3,946.8,7,121,78
2010-10-22 16:00:00,1.6,950.9,18,113,68
2010-10-22 17:00:00,-0.1,954,13,136,73
2010-10-22 18:00:00,3.2,951.6,3,74,64
2010-10-22 19:00:00,1.9,942.4,16,118,83
2010-10-22 20:00:00,3.1,940.1,1,83,73
2010-10-22 21:00:00,3.7,956.2,12,82,88
2010-10-22 22:00:00,4.8,950.4,14,206,75
2010-10-22 23:00:00,5.3,955.3,17,235,78
2010-10-23 00:00:00,7.3,952.7,11,247,73
2010-10-23 01:00:00,6.4,953.6,4,252,73
2010-10-23 02:00:00,6.9,947.6,8,256,60
2010-10-23 03:00:00,7.8,953.8,14,242,84
2010-10-23 04:00:00,7.8,950.1,24,260,67
2010-10-23 05:00:00,9.1,950.7,4,271,75
2010-10-23 06:00:00,11.4,953,9,297,75
2010-10-23 07:00:00,6.8,947.2,9,243,68
2010-10-23 08:00:00,8.3,951.8,2,186,74
2010-10-23 09:00:00,8,947.8,4,215,60
2010-10-23 10:00:00,7.2,944.9,16,206,66
2010-10-23 11:00:00,5.4,948.1,5,224,71
2010-10-23 12:00:00,5.6,947.5,17,153,76
2010-10-23 13:00:00,4.9,948.7,12,120,62
2010-10-23 14:00:00,-0.5,950.9,12,167,83
2010-10-23 15:00:00,3.9,948.5,11,136,98
2010-10-23 16:00:00,1,948.3,7,116,86
2010-10-23 17:00:00,1.9,948.5,9,105,71
2010-10-23 18:00:00,1.3,951.6,16,81,58
2010-10-23 19:00:00,0.8,949,3,131,93
2010-10-23 20:00:00,1.2,955.5,4,80,58
2010-10-23 21:00:00,1,946.6,5,196,71
2010-10-23 22:00:00,2.6,954.7,4,145,61
2010-10-23 23:00:00,2.7,947.3,5,209,76
2010-10-24 00:00:00,8.5,945.6,12,152,67
2010-10-24 01:00:00,7.5,949.8,17,230,64
2010-10-24 02:00:00,8.7,958.8,12,239,75
2010-10-24 03:00:00,11.1,947.7,13,254,66
2010-10-24 04:00:00,8.6,949.5,4,278,73
2010-10-24 05:00:00,7.8,953,10,288,74
2010-10-24 06:00:00,8.4,949.2,10,220,58
2010-10-24 07:00:00,10.5,950.2,7,271,74
2010-10-24 08:00:00,10.8,950.8,1,228,81
2010-10-24 09:00:00,9.5,949.3,12,215,71
2010-10-24 10:00:00,7.8,953,22,164,79
2010-10-24 11:00:00,7.1,952.3,4,173,65
2010-10-24 12:00:00,4.7,951.8,14,160,79
2010-10-24 13:00:00,4.3,945.2,13,138,63
2010-10-24 14:00:00,3.5,951.7,7,58,67
2010-10-24 15:00:00,5.4,944.4,14,42,75
2010-10-24 16:00:00,0.9,951.3,5,75,77
2010-10-24 17:00:00,0.9,952.1,9,144,63
2010-10-24 18:00:00,1,953.2,11,83,69
2010-10-24 19:00:00,2.8,951,19,102,79
2010-10-24 20:00:00,1.9,949.3,5,86,70
2010-10-24 21:00:00,1.4,947.7,5,164,78
2010-10-24 22:00:00,2.6,950.9,15,195,79
2010-10-24 23:00:00,5.3,952.4,7,232,77
2010-10-25 00:00:00,4.2,948.6,11,150,76
2010-10-25 01:00:00,7,961.8,7,282,70
2010-10-25 02:00:00,7.5,950.3,6,258,65
2010-10-25 03:00:00,7.9,945,15,230,69
2010-10-25 04:00:00,9.6,947.7,18,326,74
2010-10-25 05:00:00,9.8,945.8,13,293,80
2010-10-25 06:00:00,8.1,951.2,13,261,67
2010-10-25 07:00:00,8,951.7,24,269,89
2010-10-25 08:00:00,9,948.5,19,284,69
2010-10-25 09:00:00,8.4,950.1,9,221,71
2010-10-25 10:00:00,6.6,950.2,12,136,78
2010-10-25 11:00:00,6.9,950.5,18,138,75
2010-10-25 12:00:00,4.9,954.4,7,140,69
2010-10-25 13:00:00,4.2,948.7,18,178,77
2010-10-25 14:00:00,1.1,953.7,9,130,67
2010-10-25 15:00:00,1.1,952.8,7,66,67
2010-10-25 16:00:00,3.6,948.1,4,129,68
2010-10-25 17:00:00,3.5,952.4,3,101,78
2010-10-25 18:00:00,0,951.9,14,104,60
2010-10-25 19:00:00,-1.5,950.1,13,103,72
2010-10-25 20:00:00,3,949.8,11,114,93
2010-10-25 21:00:00,0.5,947.5,14,163,65
2010-10-25 22:00:00,4.4,955.9,5,204,78
2010-10-25 23:00:00,1.2,955.4,1,220,79
2010-10-26 00:00:00,6.6,951.9,11,151,72
2010-10-26 01:00:00,5.7,947.5,1,183,79
2010-10-26 02:00:00,6.3,949.1,9,237,79
2010-10-26 03:00:00,10.3,948.4,20,270,90
2010-10-26 04:00:00,6.9,951.5,11,301,61
2010-10-26 05:00:00,9.4,948.1,8,266,67
2010-10-26 06:00:00,11.2,952.2,12,202,76
2010-10-26 08:00:00,10.6,957,9,232,68
2010-10-26 09:00:00,3.7,951.3,13,270,74
2010-10-26 10:00:00,8.1,950.2,2,203,80
2010-10-26 11:00:00,6.8,954.9,5,144,75
2010-10-26 12:00:00,2.9,951.5,8,141,77
2010-10-26 13:00:00,4.2,943.9,7,98,70
2010-10-26 15:00:00,2,949,7,100,88
2010-10-26 16:00:00,0.6,950.4,19,119,71
2010-10-26 17:00:00,1.8,951,10,120,57
2010-10-26 18:00:00,2.6,952.4,14,61,75
2010-10-26 19:00:00,1.8,954.2,16,68,88
2010-10-26 20:00:00,2.5,950.9,4,96,70
2010-10-26 21:00:00,2.9,949.9,4,84,76
2010-10-26 22:00:00,-0.3,949.1,18,143,77
2010-10-26 23:00:00,-0.1,949.8,8,179,79
2010-10-27 00:00:00,2.6,950,7,248,79
2010-10-27 01:00:00,7.1,951.5,19,247,82
2010-10-27 02:00:00,6.7,953.5,9,231,72
2010-10-27 03:00:00,6.5,948.7,8,238,69
2010-10-27 04:00:00,11.1,948.2,12,283,71
2010-10-27 05:00:00,10.9,951.5,13,280,82
2010-10-27 06:00:00,11.2,952.5,12,217,78
2010-10-27 07:00:00,10.8,948.5,16,257,71
2010-10-27 08:00:00,7.7,952,15,194,59
2010-10-27 09:00:00,8.8,950.5,6,214,70
2010-10-27 10:00:00,8,953.9,17,205,76
2010-10-27 11:00:00,5.4,949.6,6,256,73
2010-10-27 12:00:00,2.6,951.2,12,160,88
2010-10-27 13:00:00,3.9,951.9,3,140,72
2010-10-27 14:00:00,3.7,953.1,7,83,80
2010-10-27 15:00:00,2,949,20,115,73
2010-10-27 16:00:00,4.1,950.4,12,144,90
2010-10-27 17:00:00,-0.5,950.8,12,105,60
2010-10-27 18:00:00,0.1,952.7,15,158,67
2010-10-27 19:00:00,1.6,953.4,13,151,76
2010-10-27 20:00:00,0.6,951,8,113,70
2010-10-27 21:00:00,-0.4,950,14,144,68
2010-10-27 22:00:00,2,954.6,12,208,76
2010-10-27 23:00:00,3.4,952.3,8,230,74
2010-10-28 00:00:00,4.5,956.4,2,222,73
2010-10-28 01:00:00,4.1,949.9,6,256,78
2010-10-28 02:00:00,6.3,947.4,1,311,53
2010-10-28 03:00:00,9.3,946.9,14,252,75
2010-10-28 04:00:00,7.7,945.6,6,321,71
2010-10-28 05:00:00,9.7,947.4,8,290,59
2010-10-28 06:00:00,8.3,952.6,12,265,79
2010-10-28 07:00:00,10.6,948.8,8,275,69
2010-10-28 08:00:00,9.7,950.7,10,192,86
2010-10-28 09:00:00,6.2,960.3,9,245,76
2010-10-28 10:00:00,6.2,950.7,10,149,85
2010-10-28 11:00:00,5,951.9,16,198,69
2010-10-28 12:00:00,3.4,953.5,10,199,67
2010-10-28 13:00:00,2.8,950.4,17,103,80
2010-10-28 14:00:00,4.4,951.9,11,89,77
2010-10-28 15:00:00,2.2,952.8,10,110,84
2010-10-28 16:00:00,-0.3,948.8,12,63,59
2010-10-28 17:00:00,2.2,954.7,7,112,69
2010-10-28 18:00:00,4,952.1,17,147,72
2010-10-28 19:00:00,0.5,949.4,15,92,84
2010-10-28 20:00:00,1.1,956.4,14,73,84
2010-10-28 21:00:00,0.3,948.1,6,152,71
2010-10-28 22:00:00,5,954.3,10,117,81
2010-10-28 23:00:00,2.4,952,9,217,68
2010-10-29 00:00:00,6.4,954.5,11,251,73
2010-10-29 01:00:00,4,947.2,0,209,85
2010-10-29 02:00:00,8.3,948,12,247,82
2010-10-29 03:00:00,6.3,953.7,12,321,70
2010-10-29 04:00:00,7.9,947,3,283,81
2010-10-29 05:00:00,9,946.4,17,285,90
2010-10-29 06:00:00,6.8,950.9,13,262,82
2010-10-29 08:00:00,8.4,952.5,10,289,82
2010-10-29 09:00:00,9,951.9,8,256,83
2010-10-29 10:00:00,4.4,946.5,7,208,73
2010-10-29 11:00:00,3.9,951.4,11,201,73
2010-10-29 12:00:00,3.1,948.6,8,142,72
2010-10-29 13:00:00,4,946.6,9,89,83
2010-10-29 14:00:00,3.4,950.8,11,59,71
2010-10-29 15:00:00,0.9,954.5,8,106,72
2010-10-29 16:00:00,3.1,947.1,14,70,83
2010-10-29 17:00:00,0.6,952.6,17,131,76
2010-10-29 18:00:00,2.2,951.6,10,92,64
2010-10-29 19:00:00,-0.7,951.5,16,62,77
2010-10-29 20:00:00,-0.6,951.9,9,121,69
2010-10-29 21:00:00,4.2,950.1,5,142,76
2010-10-29 22:00:00,1.2,956.4,7,159,91
2010-10-29 23:00:00,4.7,954.6,14,218,71
2010-10-30 00:00:00,1.3,958.1,7,235,73
2010-10-30 01:00:00,6.2,947.7,11,213,63
2010-10-30 02:00:00,4.4,948.6,15,190,74
2010-10-30 03:00:00,8.4,950.7,9,248,65
2010-10-30 04:00:00,5.2,949.8,12,235,79
2010-10-30 05:00:00,9.1,952.9,12,266,69
2010-10-30 06:00:00,9.9,951.4,17,230,78
2010-10-30 07:00:00,8.3,949.3,14,220,83
2010-10-30 08:00:00,9,954.7,9,233,66
2010-10-30 09:00:00,8.3,954.8,9,255,76
2010-10-30 10:00:00,6.9,949.2,8,187,76
2010-10-30 11:00:00,5.1,949.5,8,197,83
2010-10-30 12:00:00,6.2,945.4,12,96,73
2010-10-30 13:00:00,4.7,956,4,228,63
2010-10-30 14:00:00,4.3,952.2,8,130,80
2010-10-30 15:00:00,-0.7,955.4,17,98,72
2010-10-30 16:00:00,-1,955.8,12,110,85
2010-10-30 17:00:00,-0.5,952.6,5,79,71
2010-10-30 18:00:00,2.7,953,6,93,75
2010-10-30 19:00:00,2.6,954,14,99,76
2010-10-30 20:00:00,1.8,946.8,7,49,74
2010-10-30 21:00:00,2.9,955.8,12,156,85
2010-10-30 22:00:00,1.6,950.7,6,227,75
2010-10-30 23:00:00,2.1,950.5,12,220,74
2010-10-31 00:00:00,2.7,950.9,12,189,70
2010-10-31 01:00:00,3.9,951.2,13,180,78
2010-10-31 02:00:00,7.4,952.6,14,204,80
2010-10-31 03:00:00,5.7,950,2,302,79
2010-10-31 04:00:00,7.9,950.6,10,317,76
2010-10-31 05:00:00,6.1,951.3,23,258,84
2010-10-31 06:00:00,9.7,959.5,14,281,79
2010-10-31 07:00:00,7.7,951.9,7,167,70
2010-10-31 08:00:00,8.6,947.7,7,229,67
2010-10-31 09:00:00,8.4,949.2,11,237,73
2010-10-31 10:00:00,6.9,948.2,10,156,76
2010-10-31 11:00:00,4.2,952.5,9,219,81
2010-10-31 12:00:00,2.3,960.7,5,126,78
2010-10-31 13:00:00,2.6,952.9,12,117,83
2010-10-31 14:00:00,3.4,952.5,17,107,77
2010-10-31 15:00:00,3.2,948.3,13,23,78
2010-10-31 16:00:00,2.6,955.5,15,34,75
2010-10-31 17:00:00,1.6,951.8,12,91,72
2010-10-31 18:00:00,0.2,944.4,11,94,57
2010-10-31 19:00:00,-2.3,954,18,130,85
2010-10-31 20:00:00,1.3,953,13,119,77
2010-10-31 21:00:00,3,953.3,15,150,63
2010-10-31 22:00:00,3.8,950.1,20,157,67
2010-10-31 23:00:00,3.6,948.4,19,147,73
2010-11-01 00:00:00,3.7,952.9,14,167,79
2010-11-01 01:00:00,5.1,947.4,13,177,82
2010-11-01 02:00:00,5.7,949.4,11,225,70
2010-11-01 03:00:00,9.5,950.1,14,274,80
2010-11-01 04:00:00,8.3,945.7,10,223,81
2010-11-01 05:00:00,9.3,954.6,16,236,82
2010-11-01 06:00:00,7.2,945.5,6,228,64
2010-11-01 07:00:00,7.8,959.5,9,278,84
2010-11-01 08:00:00,8.4,951.3,6,234,72
2010-11-01 09:00:00,6.5,952.6,13,235,86
2010-11-01 10:00:00,5.1,949,15,171,78
2010-11-01 11:00:00,4.8,952.1,5,185,73
2010-11-01 12:00:00,5.9,951.7,16,164,75
2010-11-01 13:00:00,3.5,954.9,14,133,81
2010-11-01 14:00:00,3,958.9,6,79,85
2010-11-01 15:00:00,2.2,948.5,14,87,79
2010-11-01 16:00:00,1.1,952.6,5,91,77
2010-11-01 17:00:00,-0.9,951.7,23,112,70
2010-11-01 18:00:00,-0.6,954.7,4,135,75
2010-11-01 19:00:00,-0.8,951.8,13,51,76
2010-11-01 20:00:00,1.3,949.8,11,92,80
2010-11-01 21:00:00,0.4,950.4,9,153,76
2010-11-01 22:00:00,2.4,951.3,1,160,73
2010-11-01 23:00:00,3,949.1,14,199,67
2010-11-02 00:00:00,5.8,945.4,12,191,68
2010-11-02 01:00:00,3.6,953,19,199,78
2010-11-02 02:00:00,6,955.7,6,265,77
2010-11-02 03:00:00,7.7,955.3,6,268,89
2010-11-02 04:00:00,6.1,950.7,15,256,90
2010-11-02 05:00:00,8.8,958,6,257,81
2010-11-02 06:00:00,9.1,952.1,15,253,70
2010-11-02 07:00:00,7.4,944.9,9,238,78
2010-11-02 08:00:00,7.6,953.9,14,235,77
2010-11-02 09:00:00,7.8,954.8,15,241,77
2010-11-02 10:00:00,7.5,951.5,15,162,73
2010-11-02 11:00:00,4.3,953.6,8,145,59
2010-11-02 12:00:00,2.1,948.5,21,178,85
2010-11-02 13:00:00,3.7,951.3,11,93,84
2010-11-02 14:00:00,0.9,951.1,8,109,69
2010-11-02 15:00:00,2.6,954.5,10,81,77
2010-11-02 16:00:00,0.2,951.3,9,81,82
2010-11-02 17:00:00,-1.1,955.1,12,126,81
2010-11-02 18:00:00,-2.2,949.7,17,45,75
2010-11-02 19:00:00,-0.5,953.7,17,87,71
2010-11-02 20:00:00,1.5,952.9,3,129,68
2010-11-02 21:00:00,0.2,952.3,14,123,69
2010-11-02 22:00:00,0.9,954.1,6,128,74
2010-11-02 23:00:00,1.9,951.8,11,190,81
2010-11-03 00:00:00,3.9,955.6,9,176,71
2010-11-03 01:00:00,6.1,953.1,8,284,94
2010-11-03 02:00:00,5.2,956.4,8,271,73
2010-11-03 03:00:00,6.6,948.9,9,319,75
2010-11-03 04:00:00,6.2,951.9,11,253,83
2010-11-03 05:00:00,6.4,953.8,10,337,62
2010-11-03 06:00:00,8.2,952.8,14,257,75
2010-11-03 07:00:00,7.2,953.2,13,253,99
2010-11-03 08:00:00,6.1,956.5,6,284,81
2010-11-03 09:00:00,5.1,951.5,9,170,74
2010-11-03 10:00:00,5.9,958.4,7,192,74
2010-11-03 11:00:00,5.2,951.8,13,172,74
2010-11-03 12:00:00,3.4,954.7,9,179,78
2010-11-03 13:00:00,2,949.3,9,129,89
2010-11-03 14:00:00,-0.9,949.5,7,139,77
2010-11-03 15:00:00,1.2,951.3,5,109,79
2010-11-03 16:00:00,-3,960.5,7,49,100
2010-11-03 17:00:00,0.1,955.2,24,93,72
2010-11-03 18:00:00,0.2,957.1,11,86,69
2010-11-03 19:00:00,0.5,956.1,7,57,93
2010-11-03 20:00:00,0.1,956.7,9,57,88
2010-11-03 21:00:00,-1.5,958,3,113,69
2010-11-03 22:00:00,1.3,949.8,9,172,69
2010-11-03 23:00:00,2.8,949.6,11,185,75
2010-11-04 00:00:00,4.8,954,20,281,90
2010-11-04 01:00:00,5.2,947.3,5,188,68
2010-11-04 02:00:00,6,954,4,232,92
2010-11-04 03:00:00,6.7,949.8,4,248,86
2010-11-04 04:00:00,9.2,955.1,8,287,63
2010-11-04 05:00:00,5.9,951.2,5,287,73
2010-11-04 06:00:00,5.9,954,21,265,67
2010-11-04 07:00:00,7.7,952.9,19,231,80
2010-11-04 08:00:00,8.9,951.6,14,196,80
2010-11-04 09:00:00,5.2,957.8,16,234,80
2010-11-04 10:00:00,6.1,953.8,5,213,71
2010-11-04 11:00:00,3.4,951.8,14,187,77
2010-11-04 12:00:00,3.1,959.3,10,147,85
2010-11-04 13:00:00,0.5,950,13,124,91
2010-11-04 14:00:00,1.9,954.5,15,128,75
2010-11-04 15:00:00,-0.6,955.1,21,153,72
2010-11-04 16:00:00,1.1,954.7,7,90,78
2010-11-04 17:00:00,1.2,955.7,9,104,85
2010-11-04 18:00:00,-0.1,955.1,21,87,74
2010-11-04 19:00:00,-2,949.8,13,91,81
2010-11-04 20:00:00,-0.9,950.9,4,145,68
2010-11-04 21:00:00,-0.8,948,8,118,85
2010-11-04 22:00:00,2.2,953.1,7,143,68
2010-11-04 23:00:00,1.1,956.5,19,184,75
2010-11-05 00:00:00,3.7,948.3,12,178,84
2010-11-05 01:00:00,4.1,954.8,13,224,81
2010-11-05 02:00:00,7.5,951.5,7,229,75
2010-11-05 03:00:00,4.6,953,12,281,83
2010-11-05 04:00:00,5.2,956.8,15,311,85
2010-11-05 05:00:00,6.4,954,10,274,77
2010-11-05 06:00:00,5.1,949.6,16,256,77
2010-11-05 07:00:00,6.5,953.9,9,215,79
2010-11-05 08:00:00,6.2,955.2,7,233,73
2010-11-05 09:00:00,7.8,954.4,9,281,68
2010-11-05 10:00:00,5.6,948.4,8,198,92
2010-11-05 11:00:00,6,953.2,14,211,91
2010-11-05 12:00:00,2.9,955.8,8,138,69
2010-11-05 13:00:00,2.3,951.3,1,143,85
2010-11-05 14:00:00,1.9,952.5,16,120,69
2010-11-05 15:00:00,0.9,960.4,1,95,73
2010-11-05 16:00:00,3.4,954.5,13,150,64
2010-11-05 17:00:00,-2.1,950.5,8,97,77
2010-11-05 18:00:00,-1.3,950.9,8,127,82
2010-11-05 19:00:00,-2.9,951.4,11,61,75
2010-11-05 20:00:00,-0.5,955.7,7,147,74
2010-11-05 21:00:00,1.8,955.6,11,110,75
2010-11-05 22:00:00,1,954.3,13,128,82
2010-11-05 23:00:00,1,952.1,15,175,83
2010-11-06 00:00:00,2.9,956.1,17,268,71
2010-11-06 01:00:00,3.7,949.3,10,237,84
2010-11-06 02:00:00,6.9,952.3,17,219,90
2010-11-06 03:00:00,6,953.8,4,302,84
2010-11-06 04:00:00,4.8,949.8,7,171,81
2010-11-06 05:00:00,8.5,952,15,318,72
2010-11-06 06:00:00,6.3,955.2,7,295,84
2010-11-06 07:00:00,4.4,959.1,14,249,84
2010-11-06 08:00:00,3.3,959.8,3,228,61
2010-11-06 09:00:00,6,953.1,13,227,77
2010-11-06 11:00:00,7.2,952.5,10,246,82
2010-11-06 12:00:00,5.3,953.7,9,155,63
2010-11-06 13:00:00,0.2,953.7,15,153,81
2010-11-06 14:00:00,-1.4,950.1,19,126,76
2010-11-06 15:00:00,3.8,956.1,26,76,72
2010-11-06 16:00:00,0.4,952.7,15,70,72
2010-11-06 17:00:00,1.3,950.3,14,85,76
2010-11-06 18:00:00,-1.4,951.3,9,121,79
2010-11-06 19:00:00,0.4,948.5,18,97,79
2010-11-06 20:00:00,0.1,953.6,11,144,79
2010-11-06 21:00:00,-3.6,952.5,17,116,68
2010-11-06 22:00:00,0.1,956.2,6,152,82
2010-11-06 23:00:00,3.3,956.9,9,187,75
2010-11-07 00:00:00,0.4,951.5,23,196,83
2010-11-07 01:00:00,4.9,956.9,14,250,70
2010-11-07 02:00:00,5.3,950.4,19,282,78
2010-11-07 03:00:00,4,953.6,7,271,74
2010-11-07 04:00:00,5.2,954.2,15,272,63
2010-11-07 05:00:00,6.1,954.5,14,279,82
2010-11-07 06:00:00,6.7,958.3,15,262,87
2010-11-07 07:00:00,5.6,954.5,15,288,83
2010-11-07 08:00:00,4.4,954.8,19,246,73
2010-11-07 09:00:00,7.4,950.1,14,220,76
2010-11-07 10:00:00,5.7,957,14,243,84
2010-11-07 11:00:00,2.1,953.9,13,157,74
2010-11-07 12:00:00,3.6,954.3,16,202,69
2010-11-07 13:00:00,2.6,956.8,13,127,73
2010-11-07 14:00:00,-0.1,950.8,12,111,83
2010-11-07 15:00:00,-0.9,951,9,107,79
2010-11-07 16:00:00,-0.2,951.5,15,67,63
2010-11-07 17:00:00,1,951.6,20,109,69
2010-11-07 18:00:00,-3.8,957.4,20,112,76
2010-11-07 19:00:00,1.2,954.9,16,131,64
2010-11-07 20:00:00,0.1,953.8,13,111,82
2010-11-07 21:00:00,1.7,951.5,4,160,70
2010-11-07 22:00:00,5.1,955.9,15,151,74
2010-11-07 23:00:00,1.1,950.9,4,181,64
2010-11-08 00:00:00,2.6,952.2,19,209,80
2010-11-08 01:00:00,5.4,948,17,235,85
2010-11-08 02:00:00,5.5,950.4,14,226,81
2010-11-08 03:00:00,6,956.2,7,292,71
2010-11-08 04:00:00,8.9,957.2,18,233,78
2010-11-08 05:00:00,6,950,17,258,77
2010-11-08 06:00:00,6.1,957.7,13,270,73
2010-11-08 07:00:00,6.4,956.2,12,263,62
2010-11-08 08:00:00,5.1,955,25,265,89
2010-11-08 09:00:00,6.6,950.5,5,269,78
2010-11-08 10:00:00,6.6,961.5,22,237,78
2010-11-08 11:00:00,4.9,951.5,13,160,71
2010-11-08 12:00:00,4,948.8,13,158,76
2010-11-08 13:00:00,3.8,956.6,8,153,72
2010-11-08 14:00:00,1.9,954.3,6,160,93
2010-11-08 15:00:00,-1.2,951.8,4,180,75
2010-11-08 16:00:00,-0.7,952.7,11,113,87
2010-11-08 17:00:00,-1,953.1,15,93,75
2010-11-08 18:00:00,-2.4,952.5,14,87,73
2010-11-08 19:00:00,-0.6,950.2,12,138,74
2010-11-08 20:00:00,-1.3,955.7,6,110,67
2010-11-08 21:00:00,0.6,953.9,17,66,88
2010-11-08 22:00:00,1.7,952,17,186,73
2010-11-08 23:00:00,2.3,955.8,8,215,74
2010-11-09 00:00:00,1.6,955.9,15,224,70
2010-11-09 01:00:00,3,958,10,181,89
2010-11-09 02:00:00,4.2,947.3,7,258,79
2010-11-09 03:00:00,2.6,957.3,4,291,73
2010-11-09 04:00:00,9.5,954.2,10,276,83
2010-11-09 05:00:00,7.7,959.3,10,271,80
2010-11-09 06:00:00,5.1,952.2,14,302,76
2010-11-09 07:00:00,3.5,951.9,15,278,78
2010-11-09 08:00:00,6.2,955.2,10,240,69
2010-11-09 09:00:00,7.7,958.5,6,184,86
2010-11-09 10:00:00,6.4,958.5,18,151,82
2010-11-09 11:00:00,4,954.5,17,161,81
2010-11-09 12:00:00,4.8,950.5,9,105,78
2010-11-09 13:00:00,-1,960.5,11,138,85
2010-11-09 14:00:00,2.9,951.5,16,160,79
2010-11-09 15:00:00,0.8,955.7,18,75,70
2010-11-09 16:00:00,0.6,956,14,143,82
2010-11-09 17:00:00,-2.1,949.8,14,89,63
2010-11-09 19:00:00,1.7,952.2,8,78,74
2010-11-09 20:00:00,0.7,954.9,23,212,89
2010-11-09 21:00:00,-2.5,952.6,10,125,64
2010-11-09 22:00:00,1.6,949.3,10,182,75
2010-11-09 23:00:00,2.3,954.2,12,137,87
2010-11-10 00:00:00,0.8,954.9,11,198,70
2010-11-10 01:00:00,5.3,954.3,20,197,77
2010-11-10 02:00:00,5.5,953.3,15,246,78
2010-11-10 03:00:00,5.3,954.3,12,257,100
2010-11-10 04:00:00,7.6,954.7,20,281,79
2010-11-10 05:00:00,7.3,952.5,17,247,57
2010-11-10 06:00:00,4.1,955.9,5,238,75
2010-11-10 07:00:00,5.3,955.5,24,228,70
2010-11-10 08:00:00,7.3,957,9,222,93
2010-11-10 09:00:00,2.2,950.8,11,198,80
2010-11-10 10:00:00,1.1,953.5,14,86,74
2010-11-10 11:00:00,3.9,955.3,14,187,70
2010-11-10 12:00:00,1.3,958.9,15,86,81
2010-11-10 13:00:00,0.7,953.9,2,164,91
2010-11-10 14:00:00,0.2,956.1,14,129,74
2010-11-10 15:00:00,1.6,951.6,18,86,73
2010-11-10 16:00:00,-1.6,958.3,17,115,82
2010-11-10 17:00:00,-0.8,956.1,9,75,83
2010-11-10 18:00:00,-0.4,955.4,9,157,82
2010-11-10 19:00:00,0.4,953.9,20,73,71
2010-11-10 20:00:00,-1.4,953.6,10,90,95
2010-11-10 21:00:00,-1.3,957.3,0,142,79
2010-11-10 22:00:00,3.5,953.7,16,177,66
2010-11-10 23:00:00,0.4,953.3,18,201,93
2010-11-11 00:00:00,-0.2,958.2,20,208,72
2010-11-11 01:00:00,4.1,952.3,10,237,98
2010-11-11 02:00:00,4.5,952.3,16,216,82
2010-11-11 03:00:00,1.4,954.4,9,263,79
2010-11-11 05:00:00,7.2,955.7,19,264,74
2010-11-11 06:00:00,3.2,954.3,9,310,69
2010-11-11 07:00:00,5.6,951.1,17,266,87
2010-11-11 08:00:00,7.2,953.4,18,212,68
2010-11-11 09:00:00,4.6,959.4,13,247,77
2010-11-11 10:00:00,6.7,956.1,20,149,82
2010-11-11 11:00:00,5.3,950,16,139,77
2010-11-11 12:00:00,3.3,950.5,13,87,88
2010-11-11 13:00:00,2.5,953,11,150,66
2010-11-11 14:00:00,2.1,955.3,17,90,67
2010-11-11 15:00:00,-2,952.6,13,134,63
2010-11-11 16:00:00,-0.8,952.1,18,81,82
2010-11-11 17:00:00,-2.6,954.7,12,127,84
2010-11-11 18:00:00,-3.5,952.8,6,61,71
2010-11-11 19:00:00,-4.2,950.7,16,122,73
2010-11-11 20:00:00,-0.6,959.2,5,116,73
2010-11-11 21:00:00,1.2,949.3,8,151,69
2010-11-11 22:00:00,1.5,951.4,3,169,77
2010-11-11 23:00:00,2.5,948.3,15,241,77
2010-11-12 00:00:00,2.7,957.6,0,213,84
2010-11-12 01:00:00,5.1,953.5,5,235,71
2010-11-12 02:00:00,3.7,953.7,12,221,74
2010-11-12 03:00:00,3.1,958.3,8,227,85
2010-11-12 04:00:00,7.3,955.1,15,245,73
2010-11-12 05:00:00,3.2,953.7,7,273,89
2010-11-12 06:00:00,7.3,959.6,13,246,73
2010-11-12 07:00:00,5.6,956.6,8,270,81
2010-11-12 08:00:00,5.1,948.8,11,209,69
2010-11-12 09:00:00,6.2,958.6,8,225,89
2010-11-12 10:00:00,3.8,953.5,12,243,71
2010-11-12 11:00:00,3.3,953.7,10,176,74
2010-11-12 12:00:00,1.3,950.8,12,178,87
2010-11-12 13:00:00,-1.4,954,17,138,83
2010-11-12 14:00:00,0.6,952.4,7,104,64
2010-11-12 15:00:00,-0.7,956.8,9,128,82
2010-11-12 16:00:00,-4,956,10,60,80
2010-11-12 17:00:00,-0.4,951.6,15,114,75
2010-11-12 18:00:00,-2.1,957.3,12,84,75
2010-11-12 20:00:00,-2.3,954.4,14,95,89
2010-11-12 21:00:00,-2.3,953,3,110,85
2010-11-12 22:00:00,1,954.4,30,135,96
2010-11-12 23:00:00,1.2,952.7,9,198,85
2010-11-13 00:00:00,-1,955.1,8,235,72
2010-11-13 01:00:00,5.6,958.2,14,187,80
2010-11-13 02:00:00,5.4,958.1,12,209,73
2010-11-13 03:00:00,5.9,946.5,7,226,77
2010-11-13 04:00:00,5.4,955.2,17,279,80
2010-11-13 05:00:00,5.7,949.6,13,242,78
2010-11-13 06:00:00,5.9,954.2,15,251,58
2010-11-13 07:00:00,5.8,954.3,20,236,71
2010-11-13 08:00:00,6.3,952.2,20,265,75
2010-11-13 09:00:00,5.7,956.8,8,241,91
2010-11-13 10:00:00,2.5,957.9,15,168,91
2010-11-13 11:00:00,3.4,956.2,14,189,75
2010-11-13 12:00:00,1.4,953,12,105,90
2010-11-13 13:00:00,2.2,952.5,17,104,85
2010-11-13 14:00:00,-0.9,961.2,16,133,73
2010-11-13 15:00:00,-0.7,955.3,20,110,76
2010-11-13 16:00:00,-1.9,953.6,2,66,81
2010-11-13 17:00:00,-0.9,951.9,6,106,79
2010-11-13 18:00:00,-5,958,16,130,71
2010-11-13 19:00:00,-1.3,953.8,11,97,84
2010-11-13 20:00:00,-4.6,958.4,15,107,78
2010-11-13 21:00:00,-0.9,959.1,13,119,82
2010-11-13 22:00:00,0.5,957.5,17,202,100
2010-11-13 23:00:00,1.1,954.9,22,194,91
2010-11-14 00:00:00,1.7,955.1,4,169,80
2010-11-14 01:00:00,4.3,956.6,10,178,86
2010-11-14 02:00:00,3.1,958,15,278,75
2010-11-14 04:00:00,7.7,955.1,10,225,94
2010-11-14 05:00:00,9.9,950,21,244,86
2010-11-14 06:00:00,6.4,957.8,14,248,75
2010-11-14 07:00:00,2.6,950.1,10,250,89
2010-11-14 08:00:00,3.5,952.1,22,174,80
2010-11-14 09:00:00,6.4,959,15,225,83
2010-11-14 10:00:00,3.9,954.5,16,170,98
2010-11-14 11:00:00,4.6,955.1,21,197,82
2010-11-14 12:00:00,2.8,957.2,5,141,68
2010-11-14 13:00:00,0.8,952.9,13,82,85
2010-11-14 14:00:00,3.2,955.8,11,66,83
2010-11-14 15:00:00,1.7,958.3,15,106,89
2010-11-14 16:00:00,-1.4,960.4,1,67,70
2010-11-14 17:00:00,-1.5,957.9,14,65,84
2010-11-14 18:00:00,-1.8,959.4,18,31,75
2010-11-14 19:00:00,-4,955.4,19,113,81
2010-11-14 20:00:00,-2.3,956,14,94,85
2010-11-14 21:00:00,1,955.9,7,139,73
2010-11-14 22:00:00,-1.3,955.9,5,218,65
2010-11-14 23:00:00,3.2,953.6,10,145,68
2010-11-15 00:00:00,3.1,951.9,1,187,66
2010-11-15 01:00:00,2.5,956.6,16,227,90
2010-11-15 02:00:00,3.4,951.1,12,249,58
2010-11-15 03:00:00,4.1,960,15,290,72
2010-11-15 04:00:00,7.2,955.6,18,254,85
2010-11-15 05:00:00,7.2,957.7,11,308,85
2010-11-15 06:00:00,5.6,957.3,13,232,83
2010-11-15 07:00:00,5.3,953.6,8,259,87
2010-11-15 08:00:00,5.1,963.1,16,180,85
2010-11-15 09:00:00,5.5,952.4,18,179,87
2010-11-15 10:00:00,1,955.6,18,256,77
2010-11-15 11:00:00,0.5,955.3,15,141,93
2010-11-15 12:00:00,1.9,952.7,19,149,78
2010-11-15 13:00:00,1.3,952.6,10,201,82
2010-11-15 14:00:00,1,954.9,10,126,79
2010-11-15 15:00:00,-0.9,951.9,16,106,87
2010-11-15 16:00:00,1.2,966.5,16,38,86
2010-11-15 17:00:00,0,956.6,6,144,93
2010-11-15 18:00:00,-4.3,954.9,21,66,66
2010-11-15 19:00:00,-0.4,958,4,61,81
2010-11-15 20:00:00,-2.1,956.2,3,143,81
2010-11-15 21:00:00,-2.4,952.7,7,160,82
2010-11-15 22:00:00,2.4,950.2,13,144,86
2010-11-15 23:00:00,0.5,958,16,160,78
2010-11-16 00:00:00,0.7,949.8,6,163,81
2010-11-16 01:00:00,3.2,954.7,4,164,88
2010-11-16 02:00:00,0.7,959.4,12,273,59
2010-11-16 03:00:00,3.2,953.9,13,255,84
2010-11-16 04:00:00,5.5,953.3,19,223,79
2010-11-16 05:00:00,5.2,954.8,18,267,85
2010-11-16 06:00:00,5.2,952.5,22,270,66
2010-11-16 07:00:00,6.7,951.2,19,246,64
2010-11-16 08:00:00,2.9,955.6,15,219,76
2010-11-16 09:00:00,1.6,954.2,7,254,74
2010-11-16 10:00:00,4.7,958.7,14,239,79
2010-11-16 11:00:00,1.6,951.4,15,185,84
2010-11-16 12:00:00,0.4,956.6,11,165,76
2010-11-16 13:00:00,1,962.5,25,169,87
2010-11-16 14:00:00,-1.1,954.9,19,74,79
2010-11-16 15:00:00,-3.2,958.7,9,145,84
2010-11-16 16:00:00,-3.6,954.1,8,64,71
2010-11-16 17:00:00,-3.4,957,9,91,88
2010-11-16 18:00:00,-1.2,950.9,12,91,79
2010-11-16 19:00:00,-3,950.4,5,124,80
2010-11-16 20:00:00,-1.1,957.9,16,162,73
2010-11-16 21:00:00,-0.4,956,12,161,77
2010-11-16 22:00:00,-1.8,954.2,15,95,82
2010-11-16 23:00:00,2.7,960,6,124,83
2010-11-17 00:00:00,-2.3,956.6,10,166,77
2010-11-17 01:00:00,0.9,957.2,12,231,84
2010-11-17 02:00:00,2,956.1,12,219,80
2010-11-17 03:00:00,6,956.7,16,250,91
2010-11-17 04:00:00,5.6,956.4,6,264,79
2010-11-17 05:00:00,6.9,962.5,10,279,78
2010-11-17 06:00:00,4.6,960.8,24,311,76
2010-11-17 07:00:00,4.8,953.1,12,251,91
2010-11-17 08:00:00,3.9,958.5,11,201,80
2010-11-17 09:00:00,5.4,954.8,19,224,75
2010-11-17 10:00:00,1.5,955.7,21,191,87
2010-11-17 11:00:00,6.1,957.1,9,187,67
2010-11-17 12:00:00,-0.2,961.8,26,100,79
2010-11-17 13:00:00,-1.7,954.8,10,99,62
2010-11-17 14:00:00,-1.7,956.1,11,112,78
2010-11-17 15:00:00,-0.9,956.4,15,94,79
2010-11-17 16:00:00,-3.2,959.3,5,77,77
2010-11-17 17:00:00,-3,963.5,13,57,88
2010-11-17 18:00:00,-1.9,950.3,13,123,90
2010-11-17 19:00:00,-0.7,950.5,15,131,89
2010-11-17 20:00:00,-3.1,953.5,18,134,74
2010-11-17 21:00:00,-0.4,959.9,16,133,78
2010-11-17 22:00:00,-1.1,960.8,13,159,97
2010-11-17 23:00:00,1.4,946.8,15,187,66
2010-11-18 00:00:00,-3.8,957.5,13,237,82
2010-11-18 01:00:00,-0.6,956.2,5,232,89
2010-11-18 02:00:00,2.8,958.8,10,220,82
2010-11-18 03:00:00,3.7,956.8,17,201,62
2010-11-18 04:00:00,6.5,958,13,255,78
2010-11-18 05:00:00,6.1,954.5,18,279,74
2010-11-18 06:00:00,0.7,954.8,8,267,77
2010-11-18 07:00:00,4.6,961.1,6,317,94
2010-11-18 08:00:00,4.1,952,14,236,65
2010-11-18 09:00:00,1,952,11,235,74
2010-11-18 10:00:00,5.3,949.7,8,215,77
2010-11-18 11:00:00,1.7,952.3,10,183,83
2010-11-18 12:00:00,0.8,956.8,15,204,76
2010-11-18 13:00:00,3.3,956.2,13,127,79
2010-11-18 14:00:00,-1.6,956.2,17,130,90
2010-11-18 15:00:00,0.2,958.2,6,71,83
2010-11-18 16:00:00,-2.2,949.5,17,69,85
2010-11-18 17:00:00,-3.5,956.9,10,86,80
2010-11-18 18:00:00,-3,955.9,13,103,74
2010-11-18 19:00:00,-1,960.5,15,125,76
2010-11-18 20:00:00,-2.1,954.5,9,61,87
2010-11-18 21:00:00,-1,953.5,22,113,76
2010-11-18 22:00:00,-0.4,958,16,151,87
2010-11-18 23:00:00,0.4,961.6,13,164,76
2010-11-19 00:00:00,1.7,955.8,9,211,81
2010-11-19 01:00:00,1.5,954.1,14,234,80
2010-11-19 02:00:00,3.4,953.6,7,234,92
2010-11-19 03:00:00,3.1,957.4,20,307,66
2010-11-19 04:00:00,6.8,953.8,13,250,79
2010-11-19 05:00:00,5.9,955.6,8,277,73
2010-11-19 06:00:00,6,960.9,19,280,84
2010-11-19 07:00:00,5.9,949.2,11,240,76
2010-11-19 08:00:00,1.9,958.6,15,181,70
2010-11-19 09:00:00,5.5,952.1,18,160,71
2010-11-19 10:00:00,1.6,959.6,26,210,89
2010-11-19 11:00:00,1.8,952,16,184,76
2010-11-19 12:00:00,2.5,951.5,20,160,92
2010-11-19 13:00:00,1.3,956.5,13,176,67
2010-11-19 14:00:00,-3.8,958.1,6,99,88
2010-11-19 15:00:00,-3.8,954.7,10,114,88
2010-11-19 16:00:00,-4.2,956.8,19,91,71
2010-11-19 17:00:00,-2.7,954.4,11,83,74
2010-11-19 18:00:00,-3.1,955.7,17,78,73
2010-11-19 19:00:00,-4.3,954.1,17,74,91
2010-11-19 20:00:00,-1.7,952.6,9,110,72
2010-11-19 21:00:00,-2.1,963.1,13,100,84
2010-11-19 22:00:00,-1.7,956.3,12,163,66
2010-11-19 23:00:00,2.3,952.9,26,208,79
2010-11-20 01:00:00,1.1,956.4,14,229,73
2010-11-20 02:00:00,0.9,958.9,13,262,88
2010-11-20 04:00:00,5,956.9,16,231,76
2010-11-20 05:00:00,3.4,956.2,15,266,71
2010-11-20 06:00:00,4.3,953.5,8,278,79
2010-11-20 07:00:00,5.1,959.7,14,300,77
2010-11-20 08:00:00,5.6,949.9,9,233,78
2010-11-20 09:00:00,0.8,963.4,20,234,91
2010-11-20 10:00:00,4,960,16,179,92
2010-11-20 11:00:00,-0.5,954.7,5,203,87
2010-11-20 12:00:00,-0.1,957,22,196,68
2010-11-20 13:00:00,-1,958.4,13,160,78
2010-11-20 14:00:00,-2.8,953,11,103,75
2010-11-20 15:00:00,-1.7,961.5,18,102,75
2010-11-20 16:00:00,-2.1,956.8,20,96,81
2010-11-20 17:00:00,-2.4,957.6,21,113,72
2010-11-20 19:00:00,-1.4,953,11,66,78
2010-11-20 20:00:00,-2.2,958.9,17,16,77
2010-11-20 21:00:00,-4.3,962.2,13,145,75
2010-11-20 22:00:00,-0.4,957.6,6,189,74
2010-11-20 23:00:00,-0.8,956.2,10,143,86
2010-11-21 00:00:00,1.1,962.3,15,214,64
2010-11-21 01:00:00,3.4,955.4,16,252,98
2010-11-21 02:00:00,3.3,954.9,16,253,86
2010-11-21 03:00:00,2,956.3,16,257,73
2010-11-21 04:00:00,3.9,956,13,271,71
2010-11-21 05:00:00,3.8,958.1,15,211,67
2010-11-21 06:00:00,4.9,954.5,13,269,72
2010-11-21 07:00:00,6.9,956.9,11,272,83
2010-11-21 08:00:00,7,961.4,16,292,86
2010-11-21 09:00:00,3.2,955.6,10,212,75
2010-11-21 10:00:00,2.8,956.5,13,165,79
2010-11-21 11:00:00,0.9,958.8,14,142,69
2010-11-21 12:00:00,-0.7,951.9,15,127,78
2010-11-21 13:00:00,0,961.9,10,133,76
2010-11-21 14:00:00,1.2,961.7,18,123,87
2010-11-21 15:00:00,-1.9,957.3,19,103,83
2010-11-21 16:00:00,-0.1,950.6,11,81,89
2010-11-21 17:00:00,-2.4,960.7,3,81,78
2010-11-21 18:00:00,-4.7,952.7,24,82,76
2010-11-21 19:00:00,-5,957.4,18,104,71
2010-11-21 20:00:00,-1.9,952.8,9,137,84
2010-11-21 22:00:00,0.1,960.7,5,213,85
2010-11-21 23:00:00,0.5,953.8,8,229,82
2010-11-22 00:00:00,-0.3,958.1,6,197,70
2010-11-22 01:00:00,1,958.8,13,251,82
2010-11-22 02:00:00,4.4,955.3,12,196,82
2010-11-22 03:00:00,3.4,961.5,16,244,90
2010-11-22 04:00:00,4.1,955.6,10,252,77
2010-11-22 05:00:00,6.7,959.2,12,266,76
2010-11-22 06:00:00,5.2,961.1,21,225,86
2010-11-22 07:00:00,4.7,956.8,13,234,76
2010-11-22 08:00:00,5.2,955.2,15,228,77
2010-11-22 09:00:00,2.9,954.1,11,288,75
2010-11-22 10:00:00,0.3,959.5,18,198,82
2010-11-22 11:00:00,2.9,960,6,182,81
2010-11-22 12:00:00,1.6,960,23,209,90
2010-11-22 13:00:00,0,958.3,14,123,72
2010-11-22 14:00:00,-4.1,955.2,10,117,70
2010-11-22 15:00:00,-2.5,954.2,20,44,85
2010-11-22 16:00:00,-2.2,955.7,10,81,75
2010-11-22 17:00:00,-3.5,961.2,15,67,88
2010-11-22 18:00:00,-3.2,956.1,15,90,79
2010-11-22 19:00:00,-1.7,960.8,14,81,81
2010-11-22 20:00:00,-6.1,955.6,15,78,92
2010-11-22 21:00:00,-2.3,958.1,14,95,79
2010-11-22 22:00:00,-0.8,956.1,7,162,84
2010-11-22 23:00:00,1.2,957.9,15,212,92
2010-11-23 00:00:00,1.9,954.4,17,224,90
2010-11-23 01:00:00,2.5,955.9,15,233,78
2010-11-23 02:00:00,3.8,954.8,18,256,66
2010-11-23 03:00:00,6.2,957.9,14,264,84
2010-11-23 04:00:00,6.4,962.5,12,270,98
2010-11-23 05:00:00,3,952.4,19,261,77
2010-11-23 06:00:00,3.6,959.3,12,269,63
2010-11-23 07:00:00,2.6,960.1,15,332,86
2010-11-23 08:00:00,4.1,960.8,26,269,69
2010-11-23 09:00:00,5.3,962.2,14,200,87
2010-11-23 10:00:00,0.8,958.8,16,264,89
2010-11-23 11:00:00,0.4,957.3,17,150,83
2010-11-23 12:00:00,1.2,960.3,8,143,81
2010-11-23 13:00:00,-0.3,959,2,113,83
2010-11-23 14:00:00,-1.4,958.9,20,132,69
2010-11-23 15:00:00,-4.5,958,19,104,74
2010-11-23 16:00:00,-4,959.4,14,29,87
2010-11-23 17:00:00,-3.4,963,16,19,75
2010-11-23 18:00:00,-3,959.4,10,95,64
2010-11-23 19:00:00,-3.8,958.9,15,150,71
2010-11-23 20:00:00,-5.8,953.1,12,82,74
2010-11-23 21:00:00,-3.6,955.2,13,134,80
2010-11-23 22:00:00,-3.3,954,20,191,73
2010-11-23 23:00:00,2.1,956.4,16,215,86
2010-11-24 00:00:00,0.9,957.1,9,206,83
2010-11-24 01:00:00,3.6,957.9,12,247,69
2010-11-24 02:00:00,-0.4,954.1,14,288,85
2010-11-24 03:00:00,0.7,956.6,11,282,94
2010-11-24 04:00:00,3.4,958.7,15,331,70
2010-11-24 05:00:00,7.1,963.9,6,261,93
2010-11-24 06:00:00,3.2,956.9,13,307,90
2010-11-24 07:00:00,5.5,956.5,13,291,99
2010-11-24 08:00:00,4.5,955.4,17,219,84
2010-11-24 09:00:00,4.2,957.7,20,223,72
2010-11-24 10:00:00,1.6,960.5,16,206,89
2010-11-24 11:00:00,2.6,957.4,16,152,80
2010-11-24 12:00:00,2.9,960,4,94,87
2010-11-24 13:00:00,-1.8,956,17,134,82
2010-11-24 14:00:00,-1,956.2,17,150,72
2010-11-24 15:00:00,-4.2,961,14,47,90
2010-11-24 16:00:00,-1.8,958,17,123,92
2010-11-24 17:00:00,-4.6,956.3,16,83,65
2010-11-24 18:00:00,-0.6,959.5,14,95,75
2010-11-24 19:00:00,-5.4,961.2,13,149,75
2010-11-24 20:00:00,-4.6,956.1,12,156,82
2010-11-24 21:00:00,-3.6,956.7,15,207,61
2010-11-24 22:00:00,-1.1,954.3,13,131,70
2010-11-24 23:00:00,0.1,962.7,11,161,73
2010-11-25 00:00:00,-2.2,958.3,11,231,68
2010-11-25 01:00:00,-0.5,960.9,15,278,58
2010-11-25 02:00:00,1.1,952.6,9,227,80
2010-11-25 03:00:00,5.8,951.7,4,283,67
2010-11-25 04:00:00,3.9,955,12,237,77
2010-11-25 05:00:00,2,961.9,6,277,72
2010-11-25 06:00:00,5.3,958.9,21,258,84
2010-11-25 07:00:00,4.6,953.5,16,256,88
2010-11-25 08:00:00,3.2,954.1,11,248,75
2010-11-25 09:00:00,5.9,954.7,18,201,83
2010-11-25 10:00:00,2.6,959.9,9,167,78
2010-11-25 11:00:00,1.5,956.7,9,125,83
2010-11-25 12:00:00,-1.8,955.8,12,197,91
2010-11-25 13:00:00,-4,961.6,12,162,81
2010-11-25 14:00:00,-2.5,960.1,12,109,85
2010-11-25 15:00:00,-2.3,955.4,16,78,72
2010-11-25 16:00:00,-4.2,958.7,13,120,89
2010-11-25 17:00:00,-3.4,959.6,16,72,82
2010-11-25 18:00:00,-5.6,958.3,12,67,81
2010-11-25 19:00:00,-5.8,960,13,104,74
2010-11-25 20:00:00,-0.5,960.2,21,140,87
2010-11-25 21:00:00,-2.7,956,10,110,74
2010-11-25 22:00:00,-2,962.9,13,180,66
2010-11-25 23:00:00,0.6,957.4,17,246,88
2010-11-26 00:00:00,0,961.6,7,192,79
2010-11-26 01:00:00,0.8,954.6,10,195,77
2010-11-26 02:00:00,1.5,960.8,4,257,79
2010-11-26 03:00:00,3,960.1,14,282,82
2010-11-26 04:00:00,4.5,961.6,19,263,68
2010-11-26 05:00:00,1.4,961,19,293,70
2010-11-26 06:00:00,4.5,959.4,10,280,75
2010-11-26 07:00:00,5.6,962.5,15,246,92
2010-11-26 08:00:00,2.5,959.6,7,231,81
2010-11-26 09:00:00,2.4,960.4,18,241,62
2010-11-26 10:00:00,-0.7,963.3,8,246,85
2010-11-26 11:00:00,1.2,954.7,6,175,74
2010-11-26 12:00:00,0.6,959.4,16,159,78
2010-11-26 13:00:00,1,955.6,15,109,63
2010-11-26 14:00:00,-4.1,957.2,10,138,74
2010-11-26 15:00:00,-3.8,961,21,113,83
2010-11-26 16:00:00,-3.4,958.8,11,96,61
2010-11-26 17:00:00,-3.6,954.5,21,88,79
2010-11-26 18:00:00,-3,956.6,8,137,81
2010-11-26 19:00:00,-1.3,954.3,13,162,86
2010-11-26 20:00:00,-3.3,954.8,11,120,85
2010-11-26 21:00:00,-1.5,959.8,13,98,79
2010-11-26 22:00:00,-3.2,960.3,18,192,83
2010-11-26 23:00:00,0,957.5,24,179,82
2010-11-27 00:00:00,3.9,960.1,8,197,85
2010-11-27 01:00:00,1.4,961.3,27,211,75
2010-11-27 02:00:00,1.2,960.2,4,210,80
2010-11-27 03:00:00,3.8,963.1,23,270,85
2010-11-27 04:00:00,1.9,956.7,18,251,83
2010-11-27 05:00:00,7.7,959.1,25,254,77
2010-11-27 06:00:00,4,954.6,16,259,79
2010-11-27 07:00:00,2.4,958.9,19,220,87
2010-11-27 08:00:00,4.7,956.5,8,243,83
2010-11-27 09:00:00,1.3,960.2,19,209,70
2010-11-27 10:00:00,1.3,957.1,20,159,80
2010-11-27 11:00:00,2.7,955.8,15,162,77
2010-11-27 12:00:00,-1,957.3,22,153,85
2010-11-27 13:00:00,1.3,959.9,13,103,66
2010-11-27 14:00:00,-4.5,955.7,20,105,90
2010-11-27 15:00:00,-3.9,958.9,14,114,78
2010-11-27 16:00:00,-5.2,957.2,15,65,75
2010-11-27 17:00:00,-2.9,958.4,15,52,82
2010-11-27 18:00:00,-2.9,957.4,11,169,94
2010-11-27 19:00:00,-4,961.9,14,145,65
2010-11-27 20:00:00,-1.1,960.2,15,98,83
2010-11-27 21:00:00,-4.4,959,18,178,85
2010-11-27 22:00:00,-1.6,959.7,9,152,78
2010-11-27 23:00:00,-2.2,964.7,7,137,78
2010-11-28 00:00:00,-2.1,958.9,20,203,74
2010-11-28 01:00:00,-0.7,962,13,239,85
2010-11-28 02:00:00,3.8,960.2,24,226,72
2010-11-28 03:00:00,4.2,959,17,239,65
2010-11-28 04:00:00,3.2,960.1,11,242,68
2010-11-28 05:00:00,4.7,957,5,291,62
2010-11-28 06:00:00,5.4,960.8,10,246,81
2010-11-28 07:00:00,5.5,960.8,10,290,79
2010-11-28 08:00:00,2.4,954.8,24,230,85
2010-11-28 09:00:00,2.3,959,17,221,71
2010-11-28 10:00:00,-1.8,955.4,12,189,100
2010-11-28 11:00:00,0,957.7,18,157,74
2010-11-28 12:00:00,0.8,959.3,16,108,77
2010-11-28 13:00:00,-1.4,957.8,19,117,92
2010-11-28 14:00:00,-1.4,961.4,16,140,93
2010-11-28 15:00:00,-0.4,963.2,12,164,82
2010-11-28 16:00:00,-4.2,953.9,6,92,89
2010-11-28 17:00:00,-2.5,957.6,23,90,80
2010-11-28 18:00:00,-2,961.3,9,72,78
2010-11-28 19:00:00,-4.1,959.3,6,89,80
2010-11-28 20:00:00,-1.4,962.8,12,92,86
2010-11-28 21:00:00,-1.3,963.5,10,130,69
2010-11-28 22:00:00,-0.2,961.5,12,207,91
2010-11-28 23:00:00,0.5,958.3,12,157,82
2010-11-29 00:00:00,2.7,960.3,19,222,75
2010-11-29 01:00:00,1.2,958.6,19,227,81
2010-11-29 02:00:00,0.6,956.5,4,205,98
2010-11-29 03:00:00,2.9,956.9,14,237,80
2010-11-29 04:00:00,4.4,958.7,24,267,77
2010-11-29 05:00:00,6.1,958.3,20,232,70
2010-11-29 06:00:00,4.6,955.9,11,281,74
2010-11-29 07:00:00,8.3,957.1,17,217,83
2010-11-29 08:00:00,2.8,962.6,16,268,69
2010-11-29 09:00:00,-0.2,966.6,17,224,77
2010-11-29 10:00:00,1.6,957.3,13,206,75
2010-11-29 11:00:00,0.5,957.7,8,198,83
2010-11-29 12:00:00,1.3,958.1,17,101,75
2010-11-29 13:00:00,-1.2,960.8,10,110,90
2010-11-29 14:00:00,-1.5,958.1,13,84,77
2010-11-29 15:00:00,-2.4,961,22,94,91
2010-11-29 16:00:00,-2.8,958.9,20,97,86
2010-11-29 17:00:00,-5.6,960.6,18,47,77
2010-11-29 18:00:00,-5.9,956.6,24,85,77
2010-11-29 19:00:00,-3.5,961.7,15,61,75
2010-11-29 20:00:00,-3.6,956.3,11,161,86
2010-11-29 21:00:00,-2.2,959.6,12,101,71
2010-11-29 23:00:00,-0.1,956.5,13,153,79
2010-11-30 00:00:00,-0.7,955.5,16,234,83
2010-11-30 01:00:00,2.6,957.9,17,258,94
2010-11-30 02:00:00,1.8,964.9,21,209,91
2010-11-30 03:00:00,3.2,963,18,249,82
2010-11-30 04:00:00,2.9,956.3,14,274,71
2010-11-30 05:00:00,3.7,958.3,21,247,77
2010-11-30 06:00:00,3.8,961.6,12,271,82
2010-11-30 07:00:00,6.1,959.6,23,278,87
2010-11-30 08:00:00,5,960.1,2,208,83
2010-11-30 09:00:00,0.8,962.9,19,260,83
2010-11-30 10:00:00,1.6,961.5,15,195,83
2010-11-30 11:00:00,1.3,963.9,3,149,80
2010-11-30 12:00:00,-0.8,956.8,11,169,81
2010-11-30 13:00:00,-0.6,956.8,8,142,78
2010-11-30 14:00:00,-0.4,955.9,24,139,81
2010-11-30 15:00:00,-3.7,959.8,12,139,89
2010-11-30 16:00:00,-4.5,962.4,14,71,86
2010-11-30 17:00:00,-3.9,959.6,21,108,73
2010-11-30 18:00:00,-5.8,954.5,17,77,80
2010-11-30 19:00:00,-4.2,964.2,7,67,72
2010-11-30 20:00:00,-3.7,961.6,7,85,78
2010-11-30 21:00:00,-3.5,959.2,12,156,90
2010-11-30 22:00:00,-2.3,960.2,9,152,72
2010-11-30 23:00:00,-3.1,961,23,152,71
2010-12-01 00:00:00,-0.6,955.3,15,203,99
2010-12-01 01:00:00,-1.3,956.3,13,250,74
2010-12-01 02:00:00,3.8,957,13,220,73
2010-12-01 03:00:00,1.1,959.5,13,233,80
2010-12-01 04:00:00,0.8,966.4,17,278,80
2010-12-01 05:00:00,2.9,962.7,13,214,85
2010-12-01 06:00:00,6.3,960,15,244,79
2010-12-01 07:00:00,4.4,952.7,21,221,74
2010-12-01 08:00:00,4.3,957.3,14,211,79
2010-12-01 09:00:00,2.3,966.1,11,198,96
2010-12-01 10:00:00,0.3,959.7,8,139,80
2010-12-01 11:00:00,-0.6,958,24,197,87
2010-12-01 12:00:00,2.3,960.4,16,143,87
2010-12-01 13:00:00,0.2,959,9,157,75
2010-12-01 14:00:00,0.9,962.3,14,144,83
2010-12-01 15:00:00,-6.9,957.4,7,126,74
2010-12-01 16:00:00,-8.7,961.2,6,141,64
2010-12-01 17:00:00,-4.9,962,27,131,79
2010-12-01 18:00:00,-6.7,962.4,17,127,95
2010-12-01 19:00:00,-4.1,961.2,11,84,86
2010-12-01 20:00:00,-3.6,959.2,10,78,95
2010-12-01 21:00:00,-4,957.8,17,94,58
2010-12-01 22:00:00,-0.5,958.9,23,152,72
2010-12-01 23:00:00,-1.6,961.8,13,212,73
2010-12-02 00:00:00,0.7,966,22,205,88
2010-12-02 01:00:00,0.8,958.5,17,248,82
2010-12-02 02:00:00,-0.5,962.5,13,226,76
2010-12-02 03:00:00,3.5,962.2,16,209,86
2010-12-02 04:00:00,0.4,959.1,15,319,73
2010-12-02 05:00:00,2.6,957,21,295,81
2010-12-02 06:00:00,4.1,962.8,18,224,82
2010-12-02 07:00:00,4.8,956.9,22,252,95
2010-12-02 08:00:00,4.4,956.6,5,234,81
2010-12-02 09:00:00,3.4,961.6,14,250,89
2010-12-02 10:00:00,-1.8,955,10,230,59
2010-12-02 11:00:00,1.5,959.1,10,201,87
2010-12-02 12:00:00,-0.5,959.6,16,126,77
2010-12-02 13:00:00,-0.8,951.5,15,140,91
2010-12-02 14:00:00,-3.8,957.7,21,152,75
2010-12-02 15:00:00,-3,959.8,12,95,78
2010-12-02 16:00:00,-3.2,961.3,13,64,88
2010-12-02 17:00:00,-4.6,959.7,17,37,75
2010-12-02 18:00:00,-2.7,964,24,67,70
2010-12-02 19:00:00,-6.3,962,21,167,68
2010-12-02 20:00:00,-3.9,959.5,18,129,79
2010-12-02 21:00:00,-2.9,958.8,13,136,78
2010-12-02 22:00:00,0.1,959.4,12,152,75
2010-12-02 23:00:00,-3.7,957.1,10,172,83
2010-12-03 00:00:00,-0.6,961.7,14,225,78
2010-12-03 01:00:00,0,958.5,7,215,70
2010-12-03 02:00:00,0.5,959.3,11,275,64
2010-12-03 03:00:00,2.3,954.4,19,256,74
2010-12-03 04:00:00,1.8,966,7,323,60
2010-12-03 05:00:00,4.3,963.6,9,269,80
2010-12-03 06:00:00,5,955.3,11,252,79
2010-12-03 07:00:00,5.7,959.1,13,291,74
2010-12-03 08:00:00,2.7,960.6,15,234,94
2010-12-03 09:00:00,0.5,959.3,12,235,85
2010-12-03 10:00:00,0.2,959.3,13,211,90
2010-12-03 11:00:00,-0.4,957.4,19,124,80
2010-12-03 12:00:00,-1.3,961.5,11,142,80
2010-12-03 13:00:00,-2.3,964,17,140,88
2010-12-03 14:00:00,-2,960.2,14,96,77
2010-12-03 15:00:00,-3.1,964.4,13,57,79
2010-12-03 16:00:00,-4.8,965.8,20,149,79
2010-12-03 17:00:00,-4.2,958.4,9,90,81
2010-12-03 18:00:00,-4.5,959,17,75,79
2010-12-03 19:00:00,-4.9,960.4,15,105,78
2010-12-03 20:00:00,-4.3,962.8,20,122,77
2010-12-03 21:00:00,-1.7,962.3,12,106,77
2010-12-03 22:00:00,-3.8,957.6,10,162,58
2010-12-03 23:00:00,-1.7,963.5,16,219,88
2010-12-04 00:00:00,0.5,963.9,16,213,80
2010-12-04 01:00:00,-1.1,965,9,226,90
2010-12-04 02:00:00,1.6,961,14,255,82
2010-12-04 03:00:00,0.3,958.9,7,240,75
2010-12-04 04:00:00,3,956.8,16,260,87
2010-12-04 05:00:00,1.5,960,25,267,77
2010-12-04 06:00:00,3.8,956.5,18,246,85
2010-12-04 07:00:00,3.3,958.9,14,263,79
2010-12-04 08:00:00,4.9,963.1,14,315,69
2010-12-04 09:00:00,2.3,961.4,17,184,78
2010-12-04 10:00:00,-0.2,960.4,20,177,80
2010-12-04 11:00:00,-0.3,960.1,9,205,88
2010-12-04 12:00:00,-1.2,960.9,17,118,82
2010-12-04 14:00:00,-3.4,962,20,112,84
2010-12-04 15:00:00,-3.3,963.6,7,140,68
2010-12-04 16:00:00,-4.9,960.6,22,87,82
2010-12-04 17:00:00,-4.6,960.7,24,136,81
2010-12-04 18:00:00,-5.2,959.4,17,57,63
2010-12-04 19:00:00,-7.2,964.3,8,142,85
2010-12-04 20:00:00,-6.2,962.1,15,85,91
2010-12-04 21:00:00,-3.2,960.5,22,125,81
2010-12-04 22:00:00,-4.3,957.3,9,141,61
2010-12-04 23:00:00,-0.4,963.5,15,188,80
2010-12-05 00:00:00,-3.6,958.1,15,200,67
2010-12-05 01:00:00,0.2,961.3,19,186,83
2010-12-05 02:00:00,3.3,959,18,270,58
2010-12-05 03:00:00,1.3,965.1,16,228,91
2010-12-05 04:00:00,3.9,955.6,17,223,81
2010-12-05 05:00:00,2.3,960.2,12,286,84
2010-12-05 06:00:00,-0.6,960.5,18,271,77
2010-12-05 07:00:00,2.9,962.1,19,207,90
2010-12-05 08:00:00,3.3,965,23,244,80
2010-12-05 09:00:00,1.7,958.5,9,217,68
2010-12-05 10:00:00,2,958.6,15,196,88
2010-12-05 11:00:00,-1,961.8,19,269,91
2010-12-05 12:00:00,-0.6,956.9,13,164,78
2010-12-05 13:00:00,-2.4,958.8,15,128,84
2010-12-05 14:00:00,-2.4,962.7,7,92,77
2010-12-05 15:00:00,-3.6,959.4,15,108,86
2010-12-05 16:00:00,-6,960.6,12,95,84
2010-12-05 17:00:00,-5.4,955.5,23,76,60
2010-12-05 18:00:00,-4,957.4,3,119,74
2010-12-05 19:00:00,-3.7,957.1,11,66,83
2010-12-05 20:00:00,-6.2,959.5,16,65,87
2010-12-05 21:00:00,-2.9,960.2,10,115,69
2010-12-05 22:00:00,-3.7,959.8,14,166,98
2010-12-05 23:00:00,-1,962.2,24,126,79
2010-12-06 00:00:00,-1.7,964.2,19,184,77
2010-12-06 02:00:00,-0.1,960.6,24,248,80
2010-12-06 03:00:00,2.9,966.3,10,292,77
2010-12-06 04:00:00,2,959.7,8,237,89
2010-12-06 05:00:00,3.4,958.4,22,259,81
2010-12-06 06:00:00,2,959.7,18,285,74
2010-12-06 07:00:00,3,963.2,19,305,70
2010-12-06 08:00:00,3.1,961.5,13,189,82
2010-12-06 09:00:00,3.4,961.6,10,257,66
2010-12-06 10:00:00,2.2,956.8,18,187,75
2010-12-06 11:00:00,-3.3,957.1,4,204,95
2010-12-06 12:00:00,-0.8,961,20,138,76
2010-12-06 13:00:00,-3.8,961.3,11,134,70
2010-12-06 14:00:00,-0.1,963.9,15,98,77
2010-12-06 15:00:00,-2.6,961.9,10,128,90
2010-12-06 16:00:00,-4.6,965.8,18,63,80
2010-12-06 17:00:00,-5.5,960.8,17,80,65
2010-12-06 18:00:00,-6.4,955.9,15,129,86
2010-12-06 19:00:00,-6.1,960.3,16,113,72
2010-12-06 20:00:00,-5.3,964.7,22,97,84
2010-12-06 21:00:00,-3.4,959.5,12,98,64
2010-12-06 22:00:00,-2.4,960.1,6,103,71
2010-12-06 23:00:00,-1.5,960.2,8,193,68
2010-12-07 00:00:00,0.1,963.1,22,204,80
2010-12-07 01:00:00,-2.4,962.2,20,281,84
2010-12-07 02:00:00,1.5,961.4,11,220,82
2010-12-07 03:00:00,3.7,960.2,27,276,81
2010-12-07 04:00:00,4.4,959.6,6,318,92
2010-12-07 05:00:00,3.3,962.7,12,257,79
2010-12-07 06:00:00,3,958.4,9,300,79
2010-12-07 07:00:00,2.9,961.4,17,216,94
2010-12-07 08:00:00,2.5,962.2,9,227,71
2010-12-07 09:00:00,2.4,958.7,21,219,76
2010-12-07 10:00:00,-1.2,964.9,19,208,89
2010-12-07 11:00:00,-0.4,960.6,16,159,84
2010-12-07 12:00:00,-2.3,969.1,19,148,86
2010-12-07 13:00:00,-2.1,959.1,12,128,80
2010-12-07 15:00:00,-3.5,961.7,3,97,76
2010-12-07 16:00:00,-2.4,955.8,15,113,73
2010-12-07 17:00:00,-4.6,963.2,11,128,87
2010-12-07 18:00:00,-3.7,961.5,22,84,74
2010-12-07 19:00:00,-3,961.3,7,126,69
2010-12-07 20:00:00,-2.1,956.1,15,129,84
2010-12-07 21:00:00,-5.7,963.3,20,129,84
2010-12-07 22:00:00,-3.8,962,14,157,63
2010-12-07 23:00:00,-1.3,960.6,20,141,78
2010-12-08 00:00:00,-3.5,962.7,13,150,88
2010-12-08 01:00:00,-0.1,962.1,17,216,60
2010-12-08 02:00:00,2,961.2,19,303,89
2010-12-08 03:00:00,2.7,965,21,294,68
2010-12-08 04:00:00,1,963.7,13,278,86
2010-12-08 05:00:00,2.6,955.4,12,294,80
2010-12-08 06:00:00,1,959.7,22,278,87
2010-12-08 08:00:00,1.5,962.7,23,206,75
2010-12-08 09:00:00,2,962.1,8,223,86
2010-12-08 10:00:00,0.9,961.3,6,170,87
2010-12-08 11:00:00,-1.3,959.1,15,172,74
2010-12-08 12:00:00,-0.8,963.9,11,98,69
2010-12-08 13:00:00,-1.3,957.4,12,163,96
2010-12-08 14:00:00,-4,961.9,17,142,84
2010-12-08 15:00:00,-3.2,961.9,7,156,79
2010-12-08 16:00:00,-4,965.9,31,133,100
2010-12-08 17:00:00,-4.2,959.1,3,84,72
2010-12-08 18:00:00,-5.3,964,21,77,58
2010-12-08 19:00:00,-8.2,962.9,13,119,79
2010-12-08 20:00:00,-2,960.2,17,104,87
2010-12-08 21:00:00,-2.5,961.8,10,155,70
2010-12-08 22:00:00,-0.1,958.5,12,170,85
2010-12-08 23:00:00,-2.6,962.7,16,129,69
2010-12-09 00:00:00,0.7,960.4,26,188,69
2010-12-09 01:00:00,0.8,961.4,14,174,78
2010-12-09 02:00:00,2.3,961,24,201,73
2010-12-09 03:00:00,-0.2,961.9,14,269,67
2010-12-09 04:00:00,1.3,965.7,13,286,85
2010-12-09 05:00:00,-0.3,965,12,253,81
2010-12-09 06:00:00,5.5,961.4,18,217,77
2010-12-09 08:00:00,4.5,960.7,23,249,86
2010-12-09 09:00:00,0.8,963.1,12,278,78
2010-12-09 10:00:00,-0.3,961.1,17,197,73
2010-12-09 11:00:00,1.9,961.5,16,140,86
2010-12-09 12:00:00,-2.5,956.1,16,146,76
2010-12-09 13:00:00,-2.5,965.5,14,182,85
2010-12-09 14:00:00,-2.3,956.2,22,118,93
2010-12-09 15:00:00,-1.6,964.7,23,144,80
2010-12-09 16:00:00,-3,964.6,17,54,96
2010-12-09 17:00:00,-4.4,967.8,20,124,82
2010-12-09 18:00:00,-2.9,958.8,10,106,70
2010-12-09 19:00:00,-6.8,959.4,24,109,82
2010-12-09 21:00:00,-6.2,964,21,162,73
2010-12-09 22:00:00,-5.7,956.3,18,166,77
2010-12-09 23:00:00,-4.6,961.2,19,178,77
2010-12-10 00:00:00,2,963.5,16,220,77
2010-12-10 01:00:00,1.4,966.6,13,238,85
2010-12-10 02:00:00,3.4,964.1,16,260,85
2010-12-10 03:00:00,-1.1,957.6,10,258,63
2010-12-10 04:00:00,4.2,954.8,15,206,77
2010-12-10 05:00:00,2.5,960.8,19,282,99
2010-12-10 06:00:00,-0.6,963.4,3,241,81
2010-12-10 07:00:00,1,961.9,17,265,83
2010-12-10 08:00:00,2.8,963,18,192,84
2010-12-10 09:00:00,0.5,966.5,14,240,79
2010-12-10 10:00:00,1.3,960.8,14,211,77
2010-12-10 11:00:00,-1.1,963.2,13,140,77
2010-12-10 12:00:00,-2.1,958.1,15,118,59
2010-12-10 13:00:00,-3.8,961,20,149,79
2010-12-10 14:00:00,-3.5,959.1,21,129,83
2010-12-10 16:00:00,-6.4,961.3,16,104,88
2010-12-10 17:00:00,-4.9,966.3,10,44,84
2010-12-10 18:00:00,-3.8,956,20,103,80
2010-12-10 19:00:00,-5.5,962.7,19,106,80
2010-12-10 20:00:00,-3.4,960.1,19,124,82
2010-12-10 21:00:00,-5.8,959.2,18,166,73
2010-12-10 22:00:00,-5.6,960.9,10,208,78
2010-12-10 23:00:00,-0.4,960,25,163,76
2010-12-11 00:00:00,-1.5,962.7,15,207,69
2010-12-11 01:00:00,-0.1,964.2,13,214,81
2010-12-11 02:00:00,0.9,965.2,17,217,71
2010-12-11 03:00:00,-1.5,964.4,21,225,80
2010-12-11 04:00:00,2,962.3,16,234,75
2010-12-11 05:00:00,0.7,961.5,21,223,75
2010-12-11 06:00:00,5.2,962.3,12,301,85
2010-12-11 07:00:00,2.3,965,13,246,75
2010-12-11 08:00:00,-0.1,964.1,21,222,77
2010-12-11 09:00:00,3.7,960.5,15,160,68
2010-12-11 10:00:00,0.5,963.7,12,220,75
2010-12-11 11:00:00,-0.7,961.8,13,180,81
2010-12-11 12:00:00,-2.1,966.2,21,220,66
2010-12-11 13:00:00,-0.6,965.9,13,134,74
2010-12-11 14:00:00,-7.1,958.8,20,145,82
2010-12-11 15:00:00,-0.5,963.6,15,117,91
2010-12-11 16:00:00,-5.2,957.4,11,54,73
2010-12-11 17:00:00,-2.4,961.4,15,82,83
2010-12-11 18:00:00,-8.5,960,11,110,80
2010-12-11 19:00:00,-3.9,963.7,16,118,97
2010-12-11 20:00:00,-4.3,954.8,14,89,77
2010-12-11 21:00:00,-4.4,964.7,14,100,71
2010-12-11 22:00:00,-2.3,958.2,16,159,84
2010-12-11 23:00:00,-3.8,959.2,20,199,77
2010-12-12 00:00:00,-1.5,964.1,22,195,84
2010-12-12 01:00:00,0.6,959.2,12,238,100
2010-12-12 02:00:00,0.5,960.2,23,269,76
2010-12-12 03:00:00,-0.8,963.4,16,295,65
2010-12-12 04:00:00,-1.4,960,12,231,87
2010-12-12 05:00:00,2.3,960,18,256,87
2010-12-12 06:00:00,1.1,964,17,259,71
2010-12-12 07:00:00,3.9,965.1,16,292,83
2010-12-12 08:00:00,1.7,958.1,14,262,75
2010-12-12 09:00:00,2.1,962.3,21,260,82
2010-12-12 10:00:00,1.3,962.8,22,217,79
2010-12-12 11:00:00,1.4,964.6,24,172,66
2010-12-12 12:00:00,0.8,965.4,12,191,89
2010-12-12 13:00:00,0.8,963,13,152,67
2010-12-12 14:00:00,-3.7,968.5,26,162,56
2010-12-12 15:00:00,-5.4,965.2,19,102,80
2010-12-12 16:00:00,-3,966.6,23,154,84
2010-12-12 17:00:00,-5.2,959.3,23,115,70
2010-12-12 18:00:00,-5.5,965.4,19,95,87
2010-12-12 19:00:00,-5.7,957.8,15,125,82
2010-12-12 20:00:00,-5.4,958.6,14,107,73
2010-12-12 21:00:00,-6.1,959.8,14,145,88
2010-12-12 22:00:00,-2.9,965.1,16,103,84
2010-12-12 23:00:00,-0.2,963.3,16,187,90
2010-12-13 00:00:00,-1.2,965.6,9,240,76
2010-12-13 01:00:00,-1.1,962.8,17,187,74
2010-12-13 02:00:00,0.4,964.3,13,239,76
2010-12-13 03:00:00,-0.2,965.4,21,297,76
2010-12-13 04:00:00,0.7,963.3,15,257,76
2010-12-13 05:00:00,1.2,963.7,9,257,83
2010-12-13 06:00:00,3,958.9,17,220,89
2010-12-13 07:00:00,2.3,961.2,18,263,67
2010-12-13 08:00:00,1.7,966.7,13,218,77
2010-12-13 10:00:00,0.7,960.4,15,217,74
2010-12-13 11:00:00,0,970.5,14,179,70
2010-12-13 12:00:00,-1.7,959.2,19,117,71
2010-12-13 13:00:00,-4.2,963.1,10,136,86
2010-12-13 14:00:00,-5.5,965.9,9,81,76
2010-12-13 15:00:00,-5.3,960.9,6,109,80
2010-12-13 16:00:00,-6.5,962.6,10,125,80
2010-12-13 17:00:00,-2.4,965.5,13,82,88
2010-12-13 18:00:00,-5.3,965.4,22,65,80
2010-12-13 19:00:00,-3.2,964,7,154,78
2010-12-13 20:00:00,-3.4,962.1,23,87,91
2010-12-13 22:00:00,-3.5,964.2,12,185,70
2010-12-13 23:00:00,-2.1,960.2,16,219,87
2010-12-14 00:00:00,-0.9,964.1,14,222,78
2010-12-14 02:00:00,1.2,957.1,11,315,67
2010-12-14 03:00:00,1.7,967.5,13,296,82
2010-12-14 04:00:00,2.3,959.1,12,284,83
2010-12-14 05:00:00,1.3,964.8,6,206,86
2010-12-14 06:00:00,2.6,964.5,23,313,83
2010-12-14 07:00:00,0.6,967.9,22,272,89
2010-12-14 08:00:00,2.4,964.6,20,208,79
2010-12-14 09:00:00,1.1,967.6,19,208,81
2010-12-14 10:00:00,1.9,964.6,13,233,77
2010-12-14 11:00:00,-0.3,958.7,19,201,70
2010-12-14 12:00:00,1.8,964,19,204,79
2010-12-14 13:00:00,-1.4,965.2,18,110,92
2010-12-14 14:00:00,-6.3,967.2,17,90,89
2010-12-14 15:00:00,-3.7,962.4,12,82,71
2010-12-14 16:00:00,-5.6,966.8,17,112,84
2010-12-14 17:00:00,-4.4,961.4,11,117,81
2010-12-14 18:00:00,-4.8,962,17,57,79
2010-12-14 19:00:00,-5.2,965.7,14,103,77
2010-12-14 20:00:00,-4.5,965.9,26,142,84
2010-12-14 21:00:00,-4,964.4,10,141,89
2010-12-14 22:00:00,-4.4,959.6,17,132,71
2010-12-14 23:00:00,-5.4,969.4,12,178,83
2010-12-15 00:00:00,-1.4,960.7,16,205,78
2010-12-15 01:00:00,0.4,967,12,232,76
2010-12-15 02:00:00,0.7,965.1,20,272,80
2010-12-15 03:00:00,-0.2,962.1,17,251,87
2010-12-15 04:00:00,-0.1,970.3,23,222,80
2010-12-15 05:00:00,1.4,961.5,18,308,90
2010-12-15 06:00:00,4.7,960,9,257,80
2010-12-15 07:00:00,4.3,963.5,20,216,82
2010-12-15 08:00:00,0,965.2,27,246,82
2010-12-15 09:00:00,-0.3,962.4,9,233,51
2010-12-15 10:00:00,2.1,965.9,20,149,79
2010-12-15 11:00:00,-0.5,962.9,23,175,94
2010-12-15 12:00:00,-1.4,959.1,21,169,100
2010-12-15 13:00:00,-4,966.8,10,129,83
2010-12-15 14:00:00,-5.2,965.4,11,166,78
2010-12-15 15:00:00,-4.6,966.1,20,76,73
2010-12-15 16:00:00,-3.4,965.6,26,149,81
2010-12-15 17:00:00,-5.4,966.1,22,59,74
2010-12-15 18:00:00,-5.4,962.2,21,65,92
2010-12-15 19:00:00,-6.2,966.3,24,103,62
2010-12-15 20:00:00,-7.7,962.5,21,114,90
2010-12-15 21:00:00,-5.7,959.5,15,140,87
2010-12-15 22:00:00,-6,960.2,22,180,81
2010-12-15 23:00:00,-1.9,963.7,14,182,77
2010-12-16 00:00:00,-2,964,17,190,87
2010-12-16 01:00:00,-1,957.4,13,230,98
2010-12-16 02:00:00,-0.8,965,19,294,82
2010-12-16 04:00:00,3.3,962.4,19,266,86
2010-12-16 05:00:00,2.1,965.7,24,239,91
2010-12-16 06:00:00,3.7,963.4,14,253,78
2010-12-16 07:00:00,-0.8,959.4,8,245,66
2010-12-16 08:00:00,3.9,959.7,19,142,69
2010-12-16 09:00:00,0.6,964.7,24,236,76
2010-12-16 10:00:00,-1.9,963.2,15,198,76
2010-12-16 11:00:00,-2,962.5,8,124,90
2010-12-16 12:00:00,-2,967.1,12,129,77
2010-12-16 13:00:00,-3,967.5,20,125,83
2010-12-16 14:00:00,-3.6,966.6,24,153,80
2010-12-16 15:00:00,-1,968.2,20,42,85
2010-12-16 16:00:00,-5.7,960.9,12,122,86
2010-12-16 17:00:00,-7.1,962.8,19,39,87
2010-12-16 18:00:00,-2.9,966.2,11,84,81
2010-12-16 19:00:00,-6.3,964.9,18,82,78
2010-12-16 20:00:00,-6.7,961,23,154,82
2010-12-16 21:00:00,-9.1,962.2,17,138,75
2010-12-16 22:00:00,-2.4,964.5,31,207,78
2010-12-16 23:00:00,-2.5,962.2,12,202,77
2010-12-17 00:00:00,-1.9,967.9,20,174,91
2010-12-17 01:00:00,-1,965.6,18,196,81
2010-12-17 03:00:00,-0.2,962.7,19,265,70
2010-12-17 04:00:00,2.4,962.8,21,246,76
2010-12-17 05:00:00,3,967.4,15,322,67
2010-12-17 06:00:00,1.9,967.2,9,239,74
2010-12-17 07:00:00,2.6,960.8,14,292,91
2010-12-17 08:00:00,3,964.8,16,243,69
2010-12-17 09:00:00,0.4,966.8,18,228,77
2010-12-17 10:00:00,-0.2,960.6,16,202,83
2010-12-17 11:00:00,-0.4,963.5,16,216,80
2010-12-17 12:00:00,-1.2,955.5,13,158,79
2010-12-17 13:00:00,-2.7,966.9,23,94,76
2010-12-17 14:00:00,-5.8,964,18,105,86
2010-12-17 15:00:00,-6.2,961.2,16,121,78
2010-12-17 16:00:00,-4.2,964.5,6,60,79
2010-12-17 17:00:00,-4,959.5,15,62,62
2010-12-17 18:00:00,-5.8,963.4,20,98,92
2010-12-17 19:00:00,-6.5,962.1,16,49,73
2010-12-17 21:00:00,-4.7,961.5,12,67,88
2010-12-17 22:00:00,-2.4,960.7,13,153,82
2010-12-17 23:00:00,-3.7,963,26,185,71
2010-12-18 00:00:00,0,964.4,17,215,65
2010-12-18 01:00:00,0.6,960.7,9,221,79
2010-12-18 02:00:00,0.7,957.2,13,246,73
2010-12-18 03:00:00,3.1,966.1,19,308,79
2010-12-18 04:00:00,0.7,960.8,10,262,84
2010-12-18 05:00:00,4.3,964.6,22,263,84
2010-12-18 06:00:00,0.2,964.4,20,267,70
2010-12-18 07:00:00,2.9,965.6,20,254,77
2010-12-18 08:00:00,-1.8,960,15,322,78
2010-12-18 09:00:00,0.2,964.9,26,217,76
2010-12-18 10:00:00,-0.5,960.4,24,220,83
2010-12-18 11:00:00,2,963.2,19,146,79
2010-12-18 12:00:00,-3.5,968.2,20,152,76
2010-12-18 13:00:00,-2,963.6,14,134,80
2010-12-18 14:00:00,-2.6,967.7,15,135,78
2010-12-18 15:00:00,-1.7,960,7,135,88
2010-12-18 16:00:00,-3.7,966.2,19,75,91
2010-12-18 17:00:00,-4.6,962.9,20,97,77
2010-12-18 18:00:00,-5,965.8,13,25,77
2010-12-18 19:00:00,-6.5,967.9,15,59,78
2010-12-18 20:00:00,-4.6,964.9,12,74,82
2010-12-18 21:00:00,-5.9,963.8,9,147,80
2010-12-18 22:00:00,-2.2,962.2,24,149,83
2010-12-18 23:00:00,-0.6,958.6,17,138,77
2010-12-19 00:00:00,-0.9,965.4,14,214,73
2010-12-19 01:00:00,-0.6,969.9,23,239,73
2010-12-19 02:00:00,1.1,959.6,23,321,79
2010-12-19 03:00:00,2.9,961.2,14,260,85
2010-12-19 04:00:00,-1.7,961.8,17,265,81
2010-12-19 05:00:00,2.3,962.2,12,251,83
2010-12-19 06:00:00,1.9,964.8,19,295,84
2010-12-19 07:00:00,4.5,965.2,19,314,77
2010-12-19 08:00:00,1.4,965.7,9,263,73
2010-12-19 09:00:00,2,964.2,15,253,70
2010-12-19 10:00:00,-0.5,964.1,10,168,76
2010-12-19 11:00:00,-1.7,961.8,19,182,95
2010-12-19 12:00:00,-1.7,960.6,10,168,68
2010-12-19 13:00:00,-5.4,965.9,26,103,72
2010-12-19 14:00:00,-4.4,964.3,22,125,68
2010-12-19 15:00:00,-3.7,966,27,73,82
2010-12-19 16:00:00,-8.4,968.4,15,75,92
2010-12-19 17:00:00,-7.3,962.3,14,42,86
2010-12-19 18:00:00,-8.7,963.9,14,102,77
2010-12-19 19:00:00,-7.7,958.3,19,117,94
2010-12-19 20:00:00,-6.1,960.7,13,136,83
2010-12-19 21:00:00,-5.7,968.1,17,125,79
2010-12-19 22:00:00,-3.9,963.7,19,179,78
2010-12-19 23:00:00,-2.2,963.1,22,223,70
2010-12-20 00:00:00,-4.6,958.9,30,215,83
2010-12-20 01:00:00,-1.4,966.6,12,203,76
2010-12-20 02:00:00,0.1,963.6,23,266,70
2010-12-20 03:00:00,1,967.8,22,247,63
2010-12-20 04:00:00,-1.3,965.8,7,322,74
2010-12-20 05:00:00,3.3,967.1,19,297,77
2010-12-20 06:00:00,1.8,962.9,16,303,81
2010-12-20 07:00:00,4.3,966.6,23,221,69
2010-12-20 08:00:00,0.6,963.8,17,225,76
2010-12-20 09:00:00,3.7,965.1,20,154,63
2010-12-20 10:00:00,1.6,966.1,23,204,85
2010-12-20 11:00:00,-2.6,967.1,19,153,85
2010-12-20 12:00:00,-3.8,962.5,19,108,86
2010-12-20 13:00:00,-3.1,968,13,108,79
2010-12-20 14:00:00,-3.6,965,25,132,71
2010-12-20 15:00:00,-3.2,967.4,15,88,72
2010-12-20 16:00:00,-6.2,964.5,17,143,82
2010-12-20 17:00:00,-6,959.1,19,89,72
2010-12-20 18:00:00,-7,964,20,107,84
2010-12-20 19:00:00,-5.5,963.8,20,130,70
2010-12-20 20:00:00,-4.3,965.9,18,177,79
2010-12-20 21:00:00,-5.2,965.4,16,123,92
2010-12-20 22:00:00,-2.7,965.5,4,146,79
2010-12-20 23:00:00,-3.4,960.2,14,178,71
2010-12-21 00:00:00,1.9,965.4,9,195,77
2010-12-21 01:00:00,-0.5,960,7,222,72
2010-12-21 02:00:00,0,963.2,23,271,75
2010-12-21 03:00:00,2.4,959.7,27,250,76
2010-12-21 04:00:00,-0.1,967.8,13,265,70
2010-12-21 05:00:00,0.8,967.9,23,301,80
2010-12-21 06:00:00,1,966,14,274,68
2010-12-21 07:00:00,0.7,970.6,31,283,84
2010-12-21 08:00:00,1.9,965.9,21,225,85
2010-12-21 09:00:00,1,964.5,17,190,76
2010-12-21 10:00:00,0.1,964.1,16,219,72
2010-12-21 11:00:00,0.9,967.5,19,146,82
2010-12-21 12:00:00,-1.2,973.4,9,109,92
2010-12-21 13:00:00,-4.1,966.3,23,95,83
2010-12-21 14:00:00,-3.1,963.8,7,125,75
2010-12-21 15:00:00,-6,960.5,20,77,77
2010-12-21 16:00:00,-5.6,961.4,11,99,71
2010-12-21 17:00:00,-3.1,959,22,79,84
2010-12-21 19:00:00,-6,963.9,23,168,82
2010-12-21 20:00:00,-5.1,966.9,16,112,85
2010-12-21 21:00:00,-4.9,964.8,18,166,90
2010-12-21 22:00:00,-2.9,963.1,20,156,86
2010-12-21 23:00:00,-3.7,965.5,11,214,77
2010-12-22 00:00:00,-1,960.3,6,233,91
2010-12-22 01:00:00,1.1,963.2,22,222,89
2010-12-22 02:00:00,-1,967.4,8,200,63
2010-12-22 03:00:00,4.5,964.1,20,200,70
2010-12-22 04:00:00,2.9,968.4,24,282,84
2010-12-22 05:00:00,4.4,965.1,21,283,77
2010-12-22 06:00:00,2.7,965.4,15,225,68
2010-12-22 07:00:00,1.4,965.2,17,244,90
2010-12-22 08:00:00,2.6,964,8,259,71
2010-12-22 09:00:00,4.7,961.4,21,248,88
2010-12-22 10:00:00,2.9,963.7,22,227,92
2010-12-22 11:00:00,-0.5,965.7,23,194,96
2010-12-22 12:00:00,-1.5,960.6,23,110,91
2010-12-22 14:00:00,-4.8,968,15,95,81
2010-12-22 15:00:00,-6,959.9,17,115,75
2010-12-22 16:00:00,-6.8,962,12,115,87
2010-12-22 17:00:00,-4.6,970,17,26,88
2010-12-22 18:00:00,-5,963.8,13,136,76
2010-12-22 19:00:00,-4.2,963.1,26,85,72
2010-12-22 20:00:00,-5,964.7,17,152,73
2010-12-22 21:00:00,-2.5,967.3,9,141,79
2010-12-22 22:00:00,-1.3,970.7,11,155,69
2010-12-22 23:00:00,-4.2,965.4,16,171,78
2010-12-23 00:00:00,-0.1,963.8,19,193,90
2010-12-23 01:00:00,-3,961.9,16,203,82
2010-12-23 02:00:00,-2.6,963.7,18,229,95
2010-12-23 03:00:00,-0.4,963.9,24,207,74
2010-12-23 04:00:00,0,963.8,19,211,83
2010-12-23 05:00:00,3.8,967.1,17,292,87
2010-12-23 06:00:00,-0.5,971.8,24,241,75
2010-12-23 07:00:00,0.9,969.8,9,275,84
2010-12-23 08:00:00,2.1,960.8,17,243,79
2010-12-23 09:00:00,-0.7,966.1,24,223,84
2010-12-23 10:00:00,0,966.2,23,235,81
2010-12-23 11:00:00,0.8,970.4,18,169,84
2010-12-23 12:00:00,-3,965.8,14,138,72
2010-12-23 13:00:00,-2.3,965.8,11,135,78
2010-12-23 14:00:00,-2.1,966.9,12,109,81
2010-12-23 15:00:00,-5.1,973.8,16,86,72
2010-12-23 16:00:00,-5.9,965.7,11,103,64
2010-12-23 17:00:00,-2.7,967.3,22,117,84
2010-12-23 18:00:00,-5.1,967.3,25,89,85
2010-12-23 19:00:00,-4.9,971.1,21,113,72
2010-12-23 20:00:00,-3.7,971.6,22,130,78
2010-12-23 21:00:00,-7.7,964.5,8,197,70
2010-12-23 22:00:00,-2,962.2,11,194,76
2010-12-23 23:00:00,-3.1,967.1,19,145,79
2010-12-24 00:00:00,-1.9,967.8,22,175,76
2010-12-24 01:00:00,0.6,963.2,13,224,66
2010-12-24 02:00:00,0.7,960.7,20,292,78
2010-12-24 03:00:00,2.8,966.7,14,209,77
2010-12-24 04:00:00,1.4,968,16,245,91
2010-12-24 05:00:00,2.9,965.7,18,293,89
2010-12-24 06:00:00,2.8,964.2,17,296,77
2010-12-24 07:00:00,2.9,967.2,9,179,94
2010-12-24 09:00:00,-0.6,964.9,15,230,88
2010-12-24 10:00:00,-2.9,968.3,11,190,65
2010-12-24 11:00:00,-1.1,963.9,12,251,65
2010-12-24 12:00:00,-5.6,966.1,17,114,72
2010-12-24 13:00:00,-2.1,961.3,16,124,67
2010-12-24 14:00:00,-2.9,970.1,29,107,73
2010-12-24 15:00:00,-5.7,968,11,115,74
2010-12-24 16:00:00,-8.4,961.4,15,49,79
2010-12-24 17:00:00,-5.4,963.8,13,65,65
2010-12-24 18:00:00,-7.1,965.9,20,89,63
2010-12-24 19:00:00,-5.2,965.1,19,116,80
2010-12-24 20:00:00,-5.3,961.4,15,143,76
2010-12-24 21:00:00,-6.1,967.1,18,169,78
2010-12-24 22:00:00,-1.6,968.3,25,171,90
2010-12-24 23:00:00,-3.1,965.5,12,151,87
2010-12-25 00:00:00,-2.7,967.5,14,200,83
2010-12-25 01:00:00,-1.3,966.7,19,235,75
2010-12-25 02:00:00,-0.3,969.9,20,219,77
2010-12-25 03:00:00,-0.1,966.7,20,281,86
2010-12-25 04:00:00,3.5,968.3,18,292,81
2010-12-25 05:00:00,2.2,964.6,18,253,96
2010-12-25 06:00:00,2.4,959.3,18,279,64
2010-12-25 07:00:00,0.6,960.5,15,261,64
2010-12-25 08:00:00,3.9,971.4,14,226,90
2010-12-25 09:00:00,2.6,964.4,18,208,81
2010-12-25 10:00:00,2.1,971.3,23,153,84
2010-12-25 11:00:00,-0.8,971.4,21,182,62
2010-12-25 12:00:00,-2.8,965.6,11,183,81
2010-12-25 13:00:00,-1,961.7,8,89,81
2010-12-25 15:00:00,-2.1,966.9,14,47,75
2010-12-25 16:00:00,-3,968.8,19,3,82
2010-12-25 17:00:00,-6.5,969,24,97,72
2010-12-25 18:00:00,-5,967,21,94,80
2010-12-25 19:00:00,-2.7,961.5,21,108,66
2010-12-25 20:00:00,-3.8,962.2,18,117,82
2010-12-25 21:00:00,-4.5,962.6,14,194,86
2010-12-25 22:00:00,-1.7,963,20,168,82
2010-12-25 23:00:00,-2.7,966.4,17,159,64
2010-12-26 00:00:00,-1,964.4,3,203,80
2010-12-26 01:00:00,0.2,969.1,15,208,84
2010-12-26 02:00:00,0.7,967.3,16,240,68
2010-12-26 03:00:00,0.2,970.4,19,238,65
2010-12-26 04:00:00,0.4,967.7,20,285,77
2010-12-26 05:00:00,1.8,964.2,21,253,76
2010-12-26 06:00:00,0.6,964.1,12,322,74
2010-12-26 07:00:00,1.4,961.1,8,250,81
2010-12-26 08:00:00,1.6,969.9,26,304,76
2010-12-26 09:00:00,1.2,970.4,13,194,79
2010-12-26 10:00:00,-0.2,969.8,13,237,78
2010-12-26 11:00:00,-3.8,963.1,17,180,83
2010-12-26 12:00:00,-0.6,965,18,183,81
2010-12-26 13:00:00,-1.8,969,20,130,73
2010-12-26 14:00:00,-1.5,965.2,12,147,63
2010-12-26 15:00:00,-3.9,968.1,25,113,78
2010-12-26 16:00:00,-3.8,963.2,9,108,89
2010-12-26 17:00:00,-1.7,963,15,100,86
2010-12-26 18:00:00,-5.7,970.6,15,90,99
2010-12-26 19:00:00,-4,964.2,13,139,91
2010-12-26 20:00:00,-4.3,967.7,9,117,74
2010-12-26 21:00:00,-6.4,967.5,15,115,70
2010-12-26 22:00:00,-2.7,967.8,20,204,76
2010-12-26 23:00:00,-3.7,969.6,27,158,76
2010-12-27 00:00:00,-3.9,967.7,21,191,75
2010-12-27 01:00:00,-3.1,967.5,16,273,73
2010-12-27 02:00:00,1,963.5,18,295,92
2010-12-27 03:00:00,-2.1,971,19,331,87
2010-12-27 04:00:00,2,970.6,15,219,78
2010-12-27 05:00:00,4.4,965.4,30,227,80
2010-12-27 06:00:00,1.1,966.1,21,278,58
2010-12-27 07:00:00,2.8,967.7,15,228,79
2010-12-27 08:00:00,1.2,967.1,22,211,82
2010-12-27 09:00:00,2.2,962.2,18,152,73
2010-12-27 10:00:00,-0.3,968.7,14,171,89
2010-12-27 11:00:00,1.6,969.7,17,122,84
2010-12-27 12:00:00,-0.4,962.8,15,223,86
2010-12-27 13:00:00,-1.8,966.8,10,131,89
2010-12-27 14:00:00,-4.9,961.7,16,105,80
2010-12-27 15:00:00,-9.7,969.3,17,84,76
2010-12-27 16:00:00,-3.3,967.5,20,76,85
2010-12-27 17:00:00,-6.2,969.4,23,115,90
2010-12-27 18:00:00,-5.8,962.8,8,79,85
2010-12-27 19:00:00,-6.1,967,31,141,89
2010-12-27 20:00:00,-5.7,969.5,15,75,89
2010-12-27 21:00:00,-6.8,969.3,17,111,92
2010-12-27 22:00:00,-4.1,962.2,24,181,86
2010-12-27 23:00:00,-1.5,967.8,23,167,72
2010-12-28 00:00:00,-1.2,967.4,6,214,82
2010-12-28 01:00:00,-1.4,967.8,17,269,75
2010-12-28 02:00:00,0.3,967.3,4,214,78
2010-12-28 03:00:00,-0.7,967.3,15,323,68
2010-12-28 04:00:00,1.6,961.6,24,268,77
2010-12-28 05:00:00,2.4,969,16,229,73
2010-12-28 06:00:00,1.6,964.4,9,263,79
2010-12-28 07:00:00,1.6,968.7,17,227,67
2010-12-28 08:00:00,-0.1,964.3,12,212,77
2010-12-28 09:00:00,2,962.4,23,222,92
2010-12-28 10:00:00,-1.8,965.4,21,242,75
2010-12-28 11:00:00,2.7,966.3,20,118,83
2010-12-28 12:00:00,-1.4,970.2,12,120,80
2010-12-28 13:00:00,-1.9,965.7,4,84,68
2010-12-28 14:00:00,-4.8,963.1,20,151,87
2010-12-28 15:00:00,-5.1,973.5,18,122,77
2010-12-28 16:00:00,-7.5,967.6,11,99,68
2010-12-28 17:00:00,-7.5,964.7,15,81,89
2010-12-28 18:00:00,-3.6,959.7,18,122,83
2010-12-28 19:00:00,-3.8,967.6,20,82,84
2010-12-28 20:00:00,-4.6,973.1,17,117,72
2010-12-28 21:00:00,-5.3,969,8,143,76
2010-12-28 22:00:00,-5.2,965.4,15,146,94
2010-12-28 23:00:00,-2.4,968.1,27,198,69
2010-12-29 00:00:00,-4.3,966.1,24,183,77
2010-12-29 01:00:00,2.3,964.4,16,167,100
2010-12-29 02:00:00,-0.5,969,13,269,53
2010-12-29 03:00:00,3.4,968.1,17,296,81
2010-12-29 04:00:00,4.1,964.4,15,229,71
2010-12-29 05:00:00,1.8,963.3,15,219,67
2010-12-29 06:00:00,2.6,968.9,20,294,69
2010-12-29 07:00:00,1.5,968,23,227,85
2010-12-29 09:00:00,0.1,969.8,21,221,91
2010-12-29 10:00:00,-0.2,971.5,12,185,98
2010-12-29 11:00:00,-2.3,966,24,216,68
2010-12-29 12:00:00,-3,965.7,10,164,79
2010-12-29 13:00:00,-4.9,966,22,138,80
2010-12-29 14:00:00,-3.6,964.9,17,134,85
2010-12-29 15:00:00,-6.7,965.1,26,130,77
2010-12-29 16:00:00,-6.7,967.4,1,123,78
2010-12-29 17:00:00,-6.7,966.3,17,25,71
2010-12-29 18:00:00,-4.9,966.2,14,94,82
2010-12-29 19:00:00,-3.5,963.4,13,79,83
2010-12-29 20:00:00,-5.7,964.3,23,131,78
2010-12-29 21:00:00,-4.9,968.4,16,171,74
2010-12-29 22:00:00,-3.7,968.6,18,115,72
2010-12-29 23:00:00,-3.4,963,20,178,87
2010-12-30 00:00:00,-1.3,967.4,18,204,79
2010-12-30 01:00:00,0.6,967.3,14,235,74
2010-12-30 02:00:00,2.3,962.2,10,242,90
2010-12-30 03:00:00,-1.8,970.9,11,253,77
2010-12-30 04:00:00,1.3,967.8,15,236,73
2010-12-30 05:00:00,1.8,965.4,16,266,74
2010-12-30 06:00:00,1.7,961.6,23,287,97
2010-12-30 07:00:00,-2.1,968.1,22,268,79
2010-12-30 08:00:00,2.2,966,17,256,81
2010-12-30 09:00:00,-0.8,971.9,26,210,86
2010-12-30 10:00:00,0,964,19,175,69
2010-12-30 11:00:00,-1.5,971.1,24,141,71
2010-12-30 12:00:00,-1.8,964,17,171,84
2010-12-30 13:00:00,-3.8,968.1,26,105,88
2010-12-30 14:00:00,-1.9,963.3,16,102,81
2010-12-30 15:00:00,-5.8,969.5,5,129,64
2010-12-30 16:00:00,-6.1,965.6,24,113,83
2010-12-30 17:00:00,-9.2,961.1,26,101,85
2010-12-30 18:00:00,-6.2,966.1,26,109,67
2010-12-30 19:00:00,-7.7,968.6,13,87,80
2010-12-30 20:00:00,-7.5,964.3,10,80,63
2010-12-30 21:00:00,-5.1,966.3,18,183,80
2010-12-30 22:00:00,-6.7,964.7,11,151,99
2010-12-30 23:00:00,-4.9,965,21,171,84
2010-12-31 00:00:00,-2.3,965.7,15,184,73
2010-12-31 01:00:00,2.4,971,17,234,81
2010-12-31 02:00:00,2.2,972.3,21,205,85
2010-12-31 03:00:00,1.4,970.6,16,236,86
2010-12-31 04:00:00,1.3,967.9,17,285,71
2010-12-31 05:00:00,3.8,969.1,15,241,77
2010-12-31 06:00:00,2.9,964.1,17,255,76
2010-12-31 07:00:00,2.1,966.5,11,302,91
2010-12-31 08:00:00,3.8,968.2,31,242,67
2010-12-31 09:00:00,0.7,967.7,19,314,85
2010-12-31 10:00:00,-0.4,967,7,242,86
2010-12-31 11:00:00,1.1,963,16,197,82
2010-12-31 12:00:00,0.5,969.2,22,176,82
2010-12-31 13:00:00,-3.5,971.8,14,153,86
2010-12-31 14:00:00,-4.8,960.6,19,97,82
2010-12-31 15:00:00,-6.4,968.1,10,119,75
2010-12-31 16:00:00,-6.9,967.8,26,58,83
2010-12-31 17:00:00,-6.3,964.2,11,87,88
2010-12-31 18:00:00,-5.5,966.9,20,81,78
2010-12-31 19:00:00,-8.8,965.8,19,126,67
2010-12-31 20:00:00,-2.8,964.7,17,121,74
2010-12-31 21:00:00,-6.5,964.5,20,149,75
2010-12-31 22:00:00,-3.8,964,18,164,73
2010-12-31 23:00:00,-3.4,968.7,18,200,71
2011-01-01 00:00:00,-0.8,965.9,21,182,88
2011-01-01 01:00:00,-0.4,969.9,20,208,68
2011-01-01 02:00:00,0.6,966.5,19,236,81
2011-01-01 03:00:00,4.2,965.8,13,250,67
2011-01-01 04:00:00,0.5,967.8,15,293,85
2011-01-01 05:00:00,1.3,966.9,18,292,77
2011-01-01 06:00:00,2.7,967.6,26,296,54
2011-01-01 07:00:00,1.6,970.6,14,273,74
2011-01-01 08:00:00,1.7,966.9,28,251,80
2011-01-01 09:00:00,-1,969.7,21,244,86
2011-01-01 10:00:00,1.2,967.2,15,143,96
2011-01-01 11:00:00,0.3,970,24,192,82
2011-01-01 12:00:00,-3.3,964.5,12,137,79
2011-01-01 13:00:00,-3.6,970,14,115,75
2011-01-01 14:00:00,-2,965.1,12,123,89
2011-01-01 15:00:00,-5.4,970.3,16,55,83
2011-01-01 16:00:00,-4.7,963.4,23,68,83
2011-01-01 17:00:00,-4.7,961.4,12,80,91
2011-01-01 18:00:00,-4.6,971.7,15,64,73
2011-01-01 19:00:00,-8.5,965.3,14,116,65
2011-01-01 20:00:00,-3.6,966,23,121,96
2011-01-01 21:00:00,-3.7,972,14,141,72
2011-01-01 22:00:00,-2.9,973.6,28,141,94
2011-01-01 23:00:00,-6.3,965.8,13,228,82
2011-01-02 00:00:00,-2.7,975.3,18,238,91
2011-01-02 01:00:00,0.5,968.7,18,223,80
2011-01-02 02:00:00,1.1,966.2,18,250,79
2011-01-02 03:00:00,2.4,965.7,24,184,85
2011-01-02 04:00:00,1.3,962.4,15,304,75
2011-01-02 05:00:00,1.2,970,14,337,81
2011-01-02 06:00:00,3.9,969.7,20,211,71
2011-01-02 07:00:00,-1,965.7,19,271,75
2011-01-02 09:00:00,0.9,966.9,19,216,76
2011-01-02 10:00:00,-3.5,972.9,16,230,74
2011-01-02 11:00:00,-2.1,964.7,10,211,90
2011-01-02 12:00:00,-3.9,964.6,11,155,76
2011-01-02 13:00:00,-2.4,970.6,23,145,91
2011-01-02 14:00:00,-2.3,967.9,18,97,86
2011-01-02 15:00:00,-2.3,973.2,11,89,68
2011-01-02 16:00:00,-5,966.1,22,77,68
2011-01-02 17:00:00,-3.8,965.8,9,75,80
2011-01-02 18:00:00,-4.6,959.5,14,50,82
2011-01-02 19:00:00,-4.9,963.8,19,135,78
2011-01-02 20:00:00,-5,972.1,23,107,65
2011-01-02 21:00:00,-7.4,969.1,19,175,92
2011-01-02 22:00:00,-4.5,971.3,16,193,73
2011-01-02 23:00:00,1.1,970,14,147,79
2011-01-03 00:00:00,-3.4,960,17,243,75
2011-01-03 01:00:00,-0.3,966.1,24,243,80
2011-01-03 02:00:00,0.3,971.3,14,229,73
2011-01-03 03:00:00,0.5,967.6,21,178,71
2011-01-03 04:00:00,1.8,970.2,14,254,80
2011-01-03 05:00:00,1.8,970.3,23,301,91
2011-01-03 06:00:00,2.8,970.7,16,245,77
2011-01-03 07:00:00,4.8,966.2,19,258,78
2011-01-03 08:00:00,1.6,971.9,22,227,84
2011-01-03 09:00:00,0.2,966.1,9,197,74
2011-01-03 10:00:00,-0.4,972.1,26,209,73
2011-01-03 11:00:00,-1.6,964.2,17,227,77
2011-01-03 12:00:00,-1.2,965.6,24,146,89
2011-01-03 13:00:00,-3.9,967.7,19,132,85
2011-01-03 14:00:00,-5.4,967.9,19,134,86
2011-01-03 15:00:00,-1.9,967.1,12,150,85
2011-01-03 16:00:00,-6.8,973.9,23,107,78
2011-01-03 17:00:00,-5.6,972.3,12,134,76
2011-01-03 18:00:00,-8.5,968.1,23,87,67
2011-01-03 19:00:00,-4.6,971.2,26,77,78
2011-01-03 20:00:00,-5.5,963.3,21,100,81
2011-01-03 21:00:00,-3.9,974.6,22,157,77
2011-01-03 22:00:00,-2.5,969.5,23,185,82
2011-01-03 23:00:00,-1.8,967.4,10,231,70
2011-01-04 00:00:00,-2,967.9,22,232,82
2011-01-04 01:00:00,1.4,971.2,21,219,78
2011-01-04 02:00:00,-0.3,962.5,15,236,64
2011-01-04 03:00:00,1.7,969.8,20,294,83
2011-01-04 04:00:00,1.2,962.3,14,310,76
2011-01-04 05:00:00,2.9,972.2,9,225,87
2011-01-04 06:00:00,2.6,968,22,256,79
2011-01-04 07:00:00,5,965.6,14,280,63
2011-01-04 08:00:00,2,965.4,11,226,73
2011-01-04 09:00:00,1.9,966.6,16,256,89
2011-01-04 10:00:00,-1.8,974.9,13,238,83
2011-01-04 11:00:00,-0.4,969.4,21,178,89
2011-01-04 12:00:00,-0.8,967.5,9,172,74
2011-01-04 13:00:00,-2.5,965.5,23,190,70
2011-01-04 14:00:00,-5.4,969.6,20,120,73
2011-01-04 15:00:00,-4.9,967.2,23,131,79
2011-01-04 16:00:00,-3,964.2,20,96,83
2011-01-04 17:00:00,-7.5,969.7,18,83,78
2011-01-04 18:00:00,-6.7,969.9,20,83,74
2011-01-04 19:00:00,-7.5,972.7,21,105,80
2011-01-04 20:00:00,-4.5,969.2,9,131,80
2011-01-04 21:00:00,-7.1,971,14,153,78
2011-01-04 22:00:00,-5.5,965,23,129,82
2011-01-04 23:00:00,-3.3,970.7,15,173,75
2011-01-05 00:00:00,-4,972.9,11,243,78
2011-01-05 01:00:00,-1.1,972.7,23,214,78
2011-01-05 02:00:00,-0.7,964.7,14,234,71
2011-01-05 03:00:00,1,966.6,14,254,73
2011-01-05 04:00:00,0.4,969.8,20,215,76
2011-01-05 05:00:00,2.5,967.4,12,212,64
2011-01-05 06:00:00,1.7,970.7,12,269,80
2011-01-05 07:00:00,1.1,966.6,24,280,68
2011-01-05 08:00:00,1.1,969.5,19,203,64
2011-01-05 09:00:00,3.8,976.4,24,231,93
2011-01-05 10:00:00,0.3,966,27,170,85
2011-01-05 11:00:00,0.6,964.2,18,155,70
2011-01-05 12:00:00,-1.1,967.7,13,178,86
2011-01-05 13:00:00,-1.9,967.1,20,92,74
2011-01-05 14:00:00,-2.5,967.4,16,84,76
2011-01-05 15:00:00,-6.4,969.1,9,89,68
2011-01-05 16:00:00,-7.3,963.4,14,108,77
2011-01-05 17:00:00,-5.7,971.3,20,100,79
2011-01-05 18:00:00,-6.8,964.8,19,59,71
2011-01-05 19:00:00,-7.6,972.2,19,128,75
2011-01-05 20:00:00,-5.6,969.1,18,146,86
2011-01-05 21:00:00,-5.3,963.2,15,173,77
2011-01-05 22:00:00,-5,968.7,17,176,64
2011-01-05 23:00:00,-3.2,967,19,167,68
2011-01-06 00:00:00,-0.3,965.6,24,168,83
2011-01-06 01:00:00,-3,969.3,17,189,93
2011-01-06 02:00:00,1.3,965.5,28,233,72
2011-01-06 03:00:00,2.7,969,16,265,77
2011-01-06 04:00:00,2.1,969,21,257,85
2011-01-06 05:00:00,0.9,968.4,11,320,81
2011-01-06 06:00:00,5.6,966.6,29,257,93
2011-01-06 07:00:00,1.8,967.4,20,260,82
2011-01-06 08:00:00,-1.1,964.8,12,281,76
2011-01-06 09:00:00,0.3,963.5,23,186,77
2011-01-06 10:00:00,-2.9,969.2,22,179,82
2011-01-06 11:00:00,-0.2,968.2,20,201,77
2011-01-06 12:00:00,-2.8,963.9,18,138,75
2011-01-06 13:00:00,-2.1,969.1,19,84,78
2011-01-06 14:00:00,-6.4,965.9,24,117,74
2011-01-06 15:00:00,-3.3,964.2,14,67,74
2011-01-06 16:00:00,-6.7,971.5,19,119,82
2011-01-06 17:00:00,-4.7,968.7,16,68,90
2011-01-06 18:00:00,-7.2,969.8,18,71,82
2011-01-06 19:00:00,-4.1,967.3,24,82,83
2011-01-06 20:00:00,-6.8,965.8,16,151,63
2011-01-06 21:00:00,-3.2,967.3,18,142,88
2011-01-06 22:00:00,-3.2,967.4,24,128,83
2011-01-06 23:00:00,-4.6,969.3,14,229,80
2011-01-07 00:00:00,-3.7,967.9,20,217,69
2011-01-07 01:00:00,-0.8,967.1,12,263,76
2011-01-07 02:00:00,0.8,971.6,16,320,81
2011-01-07 03:00:00,1.9,966.2,15,245,64
2011-01-07 04:00:00,0.1,968.6,23,252,91
2011-01-07 05:00:00,1.4,967.3,28,264,80
2011-01-07 06:00:00,3.2,963.9,13,229,71
2011-01-07 07:00:00,0.5,965.7,21,237,88
2011-01-07 08:00:00,2.7,971.7,19,239,82
2011-01-07 09:00:00,0.9,968.9,11,245,74
2011-01-07 10:00:00,2,963.3,18,225,63
2011-01-07 11:00:00,-1,965.7,13,192,90
2011-01-07 12:00:00,-3.7,970.9,27,160,74
2011-01-07 13:00:00,-2.2,971,15,176,88
2011-01-07 14:00:00,-4.7,971.2,26,114,75
2011-01-07 15:00:00,-4.9,964.2,28,118,76
2011-01-07 16:00:00,-4.7,969.1,15,122,70
2011-01-07 17:00:00,-5.3,965.7,21,108,72
2011-01-07 18:00:00,-6.1,967.8,9,132,82
2011-01-07 19:00:00,-5.5,966,12,125,74
2011-01-07 21:00:00,-1.9,970.1,10,188,75
2011-01-07 22:00:00,-3,970,21,193,77
2011-01-07 23:00:00,-3.9,968.6,19,225,95
2011-01-08 00:00:00,-1.9,968.2,19,215,73
2011-01-08 01:00:00,-1,963.9,7,205,80
2011-01-08 02:00:00,2.8,973.1,8,268,85
2011-01-08 03:00:00,2.5,969.9,21,208,67
2011-01-08 04:00:00,1.4,969.5,28,246,72
2011-01-08 05:00:00,1.8,966.7,18,296,78
2011-01-08 06:00:00,1.2,970.3,18,235,92
2011-01-08 07:00:00,1.9,966.5,21,272,68
2011-01-08 08:00:00,-0.8,967,16,265,73
2011-01-08 10:00:00,-0.9,967.7,13,197,69
2011-01-08 11:00:00,-0.7,968.7,16,123,82
2011-01-08 12:00:00,-1.7,974.3,4,171,73
2011-01-08 13:00:00,-4.2,964.6,25,124,74
2011-01-08 14:00:00,-3.7,971.4,22,121,84
2011-01-08 15:00:00,-6.9,965.6,19,82,76
2011-01-08 16:00:00,-6.9,961.3,19,56,69
2011-01-08 17:00:00,-7.2,968.1,16,101,73
2011-01-08 18:00:00,-7.7,972.3,9,134,74
2011-01-08 19:00:00,-4.5,964.4,16,141,64
2011-01-08 20:00:00,-5.7,970.2,20,132,76
2011-01-08 21:00:00,-3.6,974.2,19,116,59
2011-01-08 22:00:00,-1.9,963.6,25,162,79
2011-01-08 23:00:00,-1.3,968.1,12,164,71
2011-01-09 00:00:00,-1.7,969,22,224,79
2011-01-09 01:00:00,-1.5,970.9,11,240,74
2011-01-09 02:00:00,0.9,969.9,19,242,77
2011-01-09 03:00:00,2.6,966.7,15,247,95
2011-01-09 04:00:00,1.7,964.4,13,281,66
2011-01-09 05:00:00,2.3,964.5,30,246,82
2011-01-09 06:00:00,2.8,973.3,16,224,74
2011-01-09 07:00:00,4.7,969.4,23,234,88
2011-01-09 08:00:00,1.9,968.2,20,240,70
2011-01-09 09:00:00,2.7,968.7,21,188,68
2011-01-09 10:00:00,-2.1,965.8,16,198,84
2011-01-09 12:00:00,-4.3,968.8,13,159,69
2011-01-09 13:00:00,-1.8,967.6,17,92,90
2011-01-09 14:00:00,-2.5,968.9,16,140,80
2011-01-09 15:00:00,-6.5,971.1,10,122,78
2011-01-09 16:00:00,-6.3,972,16,57,73
2011-01-09 17:00:00,-5.8,964.3,17,91,73
2011-01-09 18:00:00,-7.1,967.4,18,50,71
2011-01-09 19:00:00,-3.7,971.7,11,80,73
2011-01-09 21:00:00,-3.8,970.4,22,150,70
2011-01-09 22:00:00,-6.5,967.4,26,139,88
2011-01-09 23:00:00,-4.1,965,27,138,87
2011-01-10 00:00:00,-2,964.6,15,236,76
2011-01-10 01:00:00,-0.5,969.3,7,239,83
2011-01-10 02:00:00,-0.4,968.5,22,231,77
2011-01-10 03:00:00,-0.2,960.4,18,253,88
2011-01-10 04:00:00,0,973.6,22,260,73
2011-01-10 05:00:00,2.6,968.3,14,266,77
2011-01-10 06:00:00,2.1,969.9,13,278,82
2011-01-10 07:00:00,0.2,974.8,14,225,77
2011-01-10 08:00:00,-0.2,970,12,253,84
2011-01-10 09:00:00,0,964.2,12,219,74
2011-01-10 10:00:00,-0.5,969.5,19,199,73
2011-01-10 11:00:00,-3.6,973.7,15,152,71
2011-01-10 12:00:00,0.3,968.5,22,199,77
2011-01-10 13:00:00,-2.7,972.4,24,107,82
2011-01-10 14:00:00,-2.4,970.1,25,117,64
2011-01-10 15:00:00,-7.6,969.4,6,115,77
2011-01-10 16:00:00,-6.8,971.3,14,90,68
2011-01-10 17:00:00,-5.8,972.4,15,96,78
2011-01-10 18:00:00,-5.2,966.5,26,92,85
2011-01-10 19:00:00,-8.1,969.7,9,141,79
2011-01-10 20:00:00,-7.9,970.4,24,152,69
2011-01-10 21:00:00,-4.2,969.8,18,163,82
2011-01-10 22:00:00,-3.9,967.2,9,107,67
2011-01-10 23:00:00,-4.3,967.9,27,189,74
2011-01-11 00:00:00,-5.2,964.2,18,193,61
2011-01-11 01:00:00,-1.2,970.2,15,225,73
2011-01-11 02:00:00,0.6,970.3,11,255,81
2011-01-11 03:00:00,1.8,972.2,12,294,72
2011-01-11 04:00:00,0.7,965,15,289,87
2011-01-11 06:00:00,0.1,963.4,17,274,65
2011-01-11 07:00:00,4,971.4,18,276,72
2011-01-11 08:00:00,1.4,970.5,15,230,67
2011-01-11 09:00:00,-2.4,968.5,13,224,81
2011-01-11 10:00:00,0.6,970.8,19,174,92
2011-01-11 11:00:00,-3.1,968.5,14,208,80
2011-01-11 12:00:00,-2.8,966.4,19,126,73
2011-01-11 13:00:00,-1.9,970.9,19,70,78
2011-01-11 14:00:00,-4.2,963.2,18,173,66
2011-01-11 15:00:00,-4.4,969.9,20,86,58
2011-01-11 16:00:00,-6.2,964.9,20,98,78
2011-01-11 17:00:00,-5.2,969.3,15,101,84
2011-01-11 18:00:00,-4.8,973.8,23,142,83
2011-01-11 19:00:00,-4.9,965.6,22,80,83
2011-01-11 20:00:00,-1.5,969.4,20,55,90
2011-01-11 21:00:00,-3.6,962.7,12,78,79
2011-01-11 22:00:00,-4.3,968.7,11,179,69
2011-01-11 23:00:00,-3.4,966.1,16,156,85
2011-01-12 00:00:00,0.7,966.5,27,191,71
2011-01-12 01:00:00,-1.4,971.3,17,204,59
2011-01-12 02:00:00,2,973.6,20,243,73
2011-01-12 03:00:00,2.6,968.8,20,258,89
2011-01-12 04:00:00,0.7,965,28,208,83
2011-01-12 05:00:00,-0.7,969.9,19,227,60
2011-01-12 06:00:00,3.7,972.2,10,264,76
2011-01-12 07:00:00,2.5,971,15,251,70
2011-01-12 08:00:00,1.4,965.1,14,240,83
2011-01-12 09:00:00,2.7,969.8,11,240,64
2011-01-12 10:00:00,1.1,969.4,16,208,93
2011-01-12 11:00:00,1.4,967.5,16,183,76
2011-01-12 12:00:00,-1.4,967.3,12,209,70
2011-01-12 13:00:00,-1.7,971,26,132,77
2011-01-12 14:00:00,-4.4,972,22,97,65
2011-01-12 15:00:00,-4.9,971.8,24,143,71
2011-01-12 17:00:00,-6.9,966.1,27,60,76
2011-01-12 18:00:00,-7.9,970.4,19,77,75
2011-01-12 19:00:00,-5.3,971.6,15,73,81
2011-01-12 20:00:00,-6.2,970.7,21,126,70
2011-01-12 21:00:00,-2.3,970.8,16,206,60
2011-01-12 22:00:00,-2.5,965.7,17,147,86
2011-01-12 23:00:00,-0.2,968.7,20,178,67
2011-01-13 00:00:00,-3.5,969.7,24,214,77
2011-01-13 01:00:00,-1.2,968,20,246,75
2011-01-13 02:00:00,0.2,962.4,25,242,84
2011-01-13 03:00:00,-1.2,974.2,15,268,62
2011-01-13 04:00:00,-0.3,970.4,26,215,75
2011-01-13 05:00:00,2.3,969.1,20,262,74
2011-01-13 06:00:00,2.4,968.3,19,244,80
2011-01-13 07:00:00,2.5,961.5,20,258,83
2011-01-13 08:00:00,1.8,972.9,13,226,78
2011-01-13 10:00:00,1.9,968,23,290,82
2011-01-13 11:00:00,-0.4,969.2,18,195,70
2011-01-13 12:00:00,0.2,969.6,19,137,78
2011-01-13 13:00:00,-2.2,971.4,14,85,76
2011-01-13 14:00:00,-5.4,971.7,24,83,70
2011-01-13 15:00:00,-3.1,977.1,24,64,73
2011-01-13 16:00:00,-6.5,978,12,183,71
2011-01-13 17:00:00,-4,968.2,21,54,95
2011-01-13 18:00:00,-4.4,977.2,14,79,76
2011-01-13 19:00:00,-4.6,972.6,18,64,72
2011-01-13 20:00:00,-5.4,967.6,22,85,76
2011-01-13 21:00:00,-5,966.9,12,193,77
2011-01-13 22:00:00,-5.8,973.7,21,124,75
2011-01-13 23:00:00,-4,975.7,7,242,83
2011-01-14 00:00:00,-2.7,968.9,12,152,86
2011-01-14 01:00:00,-2.1,971,25,232,78
2011-01-14 02:00:00,0.1,967,14,236,80
2011-01-14 03:00:00,0.6,969.7,17,217,84
2011-01-14 04:00:00,2.2,971.2,18,260,78
2011-01-14 05:00:00,1.7,971.9,26,297,76
2011-01-14 07:00:00,0.7,973,20,249,84
2011-01-14 08:00:00,1.3,971,20,259,82
2011-01-14 09:00:00,1.8,975.9,30,239,79
2011-01-14 10:00:00,0.7,966.5,25,235,68
2011-01-14 11:00:00,-1.2,973.8,20,101,93
2011-01-14 12:00:00,-3,970.3,23,158,88
2011-01-14 13:00:00,-2.7,970.1,17,114,73
2011-01-14 14:00:00,-6.9,970.4,12,156,85
2011-01-14 15:00:00,-3.6,974.2,17,66,80
2011-01-14 17:00:00,-3,971.1,7,132,78
2011-01-14 18:00:00,-6.2,971.5,22,136,68
2011-01-14 19:00:00,-3.8,970.5,19,117,74
2011-01-14 20:00:00,-5.3,971,6,84,70
2011-01-14 21:00:00,-4.2,971.7,15,160,78
2011-01-14 22:00:00,-5.4,971.2,17,137,74
2011-01-14 23:00:00,-4.5,974,25,188,79
2011-01-15 00:00:00,1,971.6,27,185,88
2011-01-15 01:00:00,0.9,968.1,12,199,73
2011-01-15 02:00:00,1.3,966.1,15,187,78
2011-01-15 03:00:00,0.4,970.3,15,263,68
2011-01-15 04:00:00,-0.3,965.6,11,269,82
2011-01-15 05:00:00,1.9,973.1,10,257,84
2011-01-15 06:00:00,1.2,969.1,10,291,71
2011-01-15 07:00:00,2.3,971.3,12,223,67
2011-01-15 08:00:00,1.1,971.8,12,239,70
2011-01-15 09:00:00,-0.4,968.9,20,228,77
2011-01-15 10:00:00,1.1,972.2,26,219,77
2011-01-15 12:00:00,0.5,965.1,19,174,75
2011-01-15 13:00:00,-2.9,975.9,21,128,67
2011-01-15 14:00:00,-3,968.5,24,130,84
2011-01-15 15:00:00,-1.6,969.5,17,142,70
2011-01-15 16:00:00,-4.8,973.6,19,42,69
2011-01-15 17:00:00,-4.7,974.5,18,134,70
2011-01-15 18:00:00,-5.7,972.9,18,105,78
2011-01-15 19:00:00,-6.3,963.8,23,79,78
2011-01-15 20:00:00,-3.7,973,24,83,76
2011-01-15 21:00:00,-3.5,971.7,15,127,72
2011-01-15 22:00:00,-1.7,972.4,17,153,77
2011-01-15 23:00:00,-3.5,975.2,21,217,70
2011-01-16 00:00:00,-1.3,970.3,4,200,77
2011-01-16 01:00:00,-1.4,965.3,22,222,69
2011-01-16 02:00:00,2,968,27,290,69
2011-01-16 04:00:00,1.6,973.3,22,288,87
2011-01-16 05:00:00,2.8,973.2,24,262,75
2011-01-16 06:00:00,2.6,971.2,25,280,89
2011-01-16 07:00:00,0.2,969.9,18,264,71
2011-01-16 08:00:00,1.1,966,15,202,65
2011-01-16 09:00:00,2,971.2,13,244,76
2011-01-16 10:00:00,1,968.7,15,194,68
2011-01-16 11:00:00,1.6,971.1,16,195,65
2011-01-16 12:00:00,0.7,972.1,25,199,77
2011-01-16 13:00:00,-0.5,974.8,18,179,82
2011-01-16 14:00:00,-6,968.1,15,127,75
2011-01-16 15:00:00,-4.7,971.1,20,68,75
2011-01-16 16:00:00,-2,968.4,17,84,82
2011-01-16 17:00:00,-7.6,971.3,25,41,76
2011-01-16 18:00:00,-5.8,972.8,14,88,85
2011-01-16 19:00:00,-5.3,975.1,13,93,73
2011-01-16 20:00:00,-6.3,971.7,23,112,79
2011-01-16 21:00:00,-4.1,974.3,9,189,57
2011-01-16 22:00:00,-4.2,973.3,18,188,81
2011-01-16 23:00:00,-3.1,968.5,19,193,67
2011-01-17 01:00:00,-3.7,967.2,25,214,77
2011-01-17 02:00:00,-0.3,973.3,13,256,80
2011-01-17 03:00:00,0.9,973.2,22,296,66
2011-01-17 04:00:00,0.5,968.5,3,210,78
2011-01-17 05:00:00,1.3,975.1,24,305,74
2011-01-17 06:00:00,1.4,970.8,14,217,66
2011-01-17 07:00:00,4.2,969.5,25,258,71
2011-01-17 08:00:00,4.2,968.8,17,222,78
2011-01-17 09:00:00,1.4,972.1,10,200,71
2011-01-17 10:00:00,0,974.6,25,195,71
2011-01-17 11:00:00,0.6,970,22,156,54
2011-01-17 12:00:00,1.9,972.8,20,177,91
2011-01-17 13:00:00,-3.3,966.3,9,152,73
2011-01-17 14:00:00,-3.3,969.8,21,74,70
2011-01-17 15:00:00,-5.1,971.5,17,146,64
2011-01-17 16:00:00,-6.8,978.2,16,78,77
2011-01-17 17:00:00,-6.1,969.8,13,83,69
2011-01-17 18:00:00,-4.2,970.2,8,116,83
2011-01-17 19:00:00,-5.6,968.9,22,71,89
2011-01-17 20:00:00,-6,972.8,18,117,71
2011-01-17 21:00:00,-3.1,962.2,22,133,76
2011-01-17 22:00:00,0.1,969.1,14,188,86
2011-01-18 00:00:00,0.3,966.4,12,208,68
2011-01-18 01:00:00,1,967.8,16,220,62
2011-01-18 02:00:00,2.2,975.5,16,267,82
2011-01-18 03:00:00,0.2,967.7,17,248,77
2011-01-18 04:00:00,1.4,969.3,28,252,71
2011-01-18 05:00:00,5.9,972.7,22,277,73
2011-01-18 06:00:00,-0.1,971.1,16,247,82
2011-01-18 07:00:00,2,970.6,13,265,68
2011-01-18 08:00:00,-0.1,967.8,9,268,74
2011-01-18 09:00:00,2.8,970.3,25,198,65
2011-01-18 10:00:00,0.3,970.5,11,207,79
2011-01-18 11:00:00,2.4,971.6,18,186,73
2011-01-18 12:00:00,-0.2,970.5,24,132,77
2011-01-18 13:00:00,-2.1,967,14,126,86
2011-01-18 14:00:00,-6.7,971.9,22,66,70
2011-01-18 15:00:00,-5.1,970.8,9,121,80
2011-01-18 16:00:00,-4.9,973,20,74,67
2011-01-18 17:00:00,-4.3,969.9,17,133,89
2011-01-18 18:00:00,-2.3,972.3,22,87,71
2011-01-18 19:00:00,-4.6,970.3,12,82,67
2011-01-18 20:00:00,-5.8,969,21,94,74
2011-01-18 21:00:00,-4.6,972.1,22,75,71
2011-01-18 22:00:00,-1.7,970.1,15,189,73
2011-01-18 23:00:00,-1.1,968.7,15,225,73
2011-01-19 00:00:00,-1,972.2,17,204,68
2011-01-19 01:00:00,-1.4,970.5,15,239,85
2011-01-19 02:00:00,0.2,972.7,17,279,71
2011-01-19 03:00:00,1.6,973.3,13,260,76
2011-01-19 04:00:00,2.5,972.2,18,254,81
2011-01-19 05:00:00,1.9,970,12,259,76
2011-01-19 06:00:00,2.6,974.6,26,286,90
2011-01-19 07:00:00,3.8,968.8,25,282,84
2011-01-19 08:00:00,2.9,967.1,22,227,79
2011-01-19 09:00:00,0.9,970,17,195,76
2011-01-19 10:00:00,-0.2,974.8,16,240,67
2011-01-19 11:00:00,-3.3,975.6,21,185,79
2011-01-19 12:00:00,-1.4,973.5,13,149,74
2011-01-19 13:00:00,-4.2,969.2,19,105,79
2011-01-19 14:00:00,-1.8,970.6,11,134,64
2011-01-19 15:00:00,-2.7,971.7,14,119,72
2011-01-19 16:00:00,-7.8,973.3,21,60,65
2011-01-19 17:00:00,-4.6,973.3,15,84,86
2011-01-19 18:00:00,-3.2,976.2,13,116,92
2011-01-19 19:00:00,-3.3,971.1,17,74,58
2011-01-19 20:00:00,-5.3,972.9,16,157,91
2011-01-19 21:00:00,-1.3,967.4,14,199,86
2011-01-19 22:00:00,-5.2,968.7,22,156,72
2011-01-19 23:00:00,-3.6,969.6,17,153,65
2011-01-20 00:00:00,-1.7,967.3,19,177,63
2011-01-20 01:00:00,-1.8,970.7,18,214,67
2011-01-20 02:00:00,0.3,968.1,16,208,76
2011-01-20 03:00:00,0.7,972.1,9,272,83
2011-01-20 04:00:00,2.8,971.8,18,320,84
2011-01-20 05:00:00,3.2,970.1,9,252,65
2011-01-20 06:00:00,3.3,967.2,7,322,76
2011-01-20 07:00:00,2.3,971.2,20,271,75
2011-01-20 08:00:00,1.9,969.8,17,237,78
2011-01-20 09:00:00,1.8,970.3,29,207,74
2011-01-20 10:00:00,0.8,969.4,16,228,70
2011-01-20 11:00:00,-1.6,974.6,15,187,79
2011-01-20 12:00:00,-4.4,975.5,11,181,86
2011-01-20 13:00:00,-2.5,971.7,28,167,80
2011-01-20 14:00:00,0.2,972.8,19,84,83
2011-01-20 15:00:00,-6.7,969.5,15,68,64
2011-01-20 16:00:00,-4.3,966.1,13,72,76
2011-01-20 17:00:00,-4.3,972,11,129,74
2011-01-20 18:00:00,-4.5,967.2,13,110,70
2011-01-20 20:00:00,-2.2,972,18,101,66
2011-01-20 21:00:00,-2.1,972.2,12,135,74
2011-01-20 22:00:00,-2.5,973.5,22,175,67
2011-01-20 23:00:00,-3.8,970.3,17,222,80
2011-01-21 00:00:00,-2,967.7,18,165,65
2011-01-21 01:00:00,-1.8,968.1,25,217,84
2011-01-21 02:00:00,1.1,967.6,23,265,71
2011-01-21 03:00:00,1.8,972.8,16,263,99
2011-01-21 04:00:00,1.6,970.4,14,274,79
2011-01-21 05:00:00,4.7,970.9,14,335,67
2011-01-21 06:00:00,2.4,976.2,35,282,64
2011-01-21 07:00:00,3,970.9,21,241,79
2011-01-21 08:00:00,2,970.3,15,237,65
2011-01-21 09:00:00,-0.6,969.7,15,222,77
2011-01-21 10:00:00,-2,972.4,18,211,68
2011-01-21 11:00:00,0.1,970.9,16,167,85
2011-01-21 12:00:00,-2.8,969.6,19,123,65
2011-01-21 13:00:00,-4.2,974.9,20,167,81
2011-01-21 14:00:00,-3.7,972.6,20,92,58
2011-01-21 15:00:00,-5.7,969.6,15,61,73
2011-01-21 16:00:00,-4.3,974.5,27,102,64
2011-01-21 17:00:00,-6.7,974.8,15,101,73
2011-01-21 18:00:00,-6,966.2,6,95,83
2011-01-21 19:00:00,-2.1,973.6,17,125,74
2011-01-21 20:00:00,-6.8,971.4,23,128,73
2011-01-21 21:00:00,-4.2,971.5,23,146,82
2011-01-21 22:00:00,-2.4,974,23,175,81
2011-01-21 23:00:00,-3.6,973.9,19,205,76
2011-01-22 00:00:00,-1.1,968.2,14,241,100
2011-01-22 01:00:00,-3.2,969.1,14,221,85
2011-01-22 02:00:00,-0.4,972.4,20,255,63
2011-01-22 03:00:00,2.3,971.2,21,230,72
2011-01-22 04:00:00,2.9,969.9,18,328,64
2011-01-22 05:00:00,2.4,972.4,18,270,80
2011-01-22 06:00:00,3.4,972.3,20,292,78
2011-01-22 07:00:00,2.3,968.5,20,224,65
2011-01-22 08:00:00,-0.1,976,22,242,70
2011-01-22 09:00:00,2.5,972.9,17,228,80
2011-01-22 10:00:00,2.4,976.4,14,224,74
2011-01-22 11:00:00,-0.4,975.6,11,211,72
2011-01-22 12:00:00,0.5,966.5,19,121,80
2011-01-22 13:00:00,-4,970.3,15,163,87
2011-01-22 14:00:00,-2.8,969.9,12,150,74
2011-01-22 15:00:00,-4.5,968.2,15,103,75
2011-01-22 16:00:00,-6.8,970.8,17,111,79
2011-01-22 17:00:00,-5.7,967.5,15,92,79
2011-01-22 18:00:00,-3.3,973.8,15,136,91
2011-01-22 19:00:00,-3.4,979.4,15,60,87
2011-01-22 20:00:00,-4.5,973.1,17,102,75
2011-01-22 21:00:00,-6.3,966.3,19,165,61
2011-01-22 22:00:00,-4.9,973,10,185,84
2011-01-22 23:00:00,-2.9,975.4,13,154,71
2011-01-23 00:00:00,0.3,979,24,218,85
2011-01-23 01:00:00,0.7,969.3,17,220,73
2011-01-23 02:00:00,-0.2,969.8,15,237,89
2011-01-23 03:00:00,3.9,968.6,17,228,68
2011-01-23 04:00:00,2.1,973.9,21,259,85
2011-01-23 05:00:00,2.3,969.3,19,281,70
2011-01-23 06:00:00,1.1,976.1,18,298,74
2011-01-23 07:00:00,2.2,969.4,21,286,69
2011-01-23 08:00:00,1,973.2,20,255,80
2011-01-23 09:00:00,2.4,979.3,10,223,67
2011-01-23 10:00:00,1.4,969.8,25,213,78
2011-01-23 11:00:00,-2,976.1,15,162,69
2011-01-23 12:00:00,-2.4,968.8,15,172,85
2011-01-23 13:00:00,-3,974.5,19,129,70
2011-01-23 14:00:00,-5,973.1,19,105,79
2011-01-23 15:00:00,-3.9,969,22,23,91
2011-01-23 16:00:00,-5.2,967.5,18,86,67
2011-01-23 17:00:00,-4.5,974.4,11,79,67
2011-01-23 18:00:00,-5.2,968.5,21,85,70
2011-01-23 19:00:00,-7.8,971.4,20,119,72
2011-01-23 20:00:00,-3.8,973.5,16,176,61
2011-01-23 21:00:00,-3.6,966,24,95,74
2011-01-23 22:00:00,-1.8,970,10,133,77
2011-01-23 23:00:00,-0.3,971.1,17,241,75
2011-01-24 00:00:00,-1,969.6,23,170,80
2011-01-24 01:00:00,0.6,976.2,16,206,83
2011-01-24 02:00:00,2.1,970,26,234,75
2011-01-24 03:00:00,3.1,974.6,16,301,81
2011-01-24 04:00:00,2.8,975.4,31,297,80
2011-01-24 05:00:00,2.4,972.7,23,229,66
2011-01-24 06:00:00,2.1,971,13,264,70
2011-01-24 07:00:00,0.9,972.3,20,185,69
2011-01-24 08:00:00,1.4,968.9,18,148,92
2011-01-24 09:00:00,2.1,972.2,15,232,67
2011-01-24 10:00:00,0.9,969.4,15,189,76
2011-01-24 11:00:00,-1,972.3,15,201,77
2011-01-24 12:00:00,-0.3,974.1,24,219,74
2011-01-24 13:00:00,-1.4,967,14,165,71
2011-01-24 14:00:00,-6.1,976.2,22,123,69
2011-01-24 15:00:00,-4,970.9,12,104,84
2011-01-24 16:00:00,-4.1,970.3,16,91,85
2011-01-24 17:00:00,-7,975.8,17,90,79
2011-01-24 18:00:00,-4.1,973.2,22,125,83
2011-01-24 19:00:00,-4.5,971.3,22,111,70
2011-01-24 20:00:00,-2.5,969.7,14,104,58
2011-01-24 21:00:00,-2.3,971,20,92,68
2011-01-24 22:00:00,-3,974.4,12,170,83
2011-01-24 23:00:00,-2.4,973.3,19,185,77
2011-01-25 00:00:00,-0.2,972.9,23,169,64
2011-01-25 01:00:00,-2.8,971.2,17,230,76
2011-01-25 02:00:00,0.8,971.9,13,306,75
2011-01-25 03:00:00,1.9,975.7,17,270,65
2011-01-25 04:00:00,1.5,969.3,22,244,77
2011-01-25 05:00:00,5,974.1,16,249,73
2011-01-25 06:00:00,2.7,973.7,12,259,67
2011-01-25 07:00:00,1.7,970.5,16,227,80
2011-01-25 08:00:00,2.6,967.1,15,175,60
2011-01-25 09:00:00,2.7,973.8,25,221,81
2011-01-25 10:00:00,0,974.5,18,225,82
2011-01-25 11:00:00,0.3,976.3,28,202,80
2011-01-25 12:00:00,-2.7,967.8,19,182,79
2011-01-25 13:00:00,-0.7,971.8,7,123,70
2011-01-25 14:00:00,-2.8,973.7,18,115,82
2011-01-25 15:00:00,-3.6,970.3,24,110,74
2011-01-25 16:00:00,-2.4,969.6,22,128,72
2011-01-25 17:00:00,-5.4,976.3,21,73,79
2011-01-25 18:00:00,-4.7,978.7,10,77,80
2011-01-25 19:00:00,-7.6,971.6,15,87,84
2011-01-25 20:00:00,-4.6,971.9,13,36,63
2011-01-25 21:00:00,-4.2,978.3,23,145,67
2011-01-25 22:00:00,-1.5,974.1,18,230,69
2011-01-25 23:00:00,-0.3,973.6,23,152,88
2011-01-26 00:00:00,1.6,973.7,12,215,75
2011-01-26 01:00:00,1.5,973.2,24,264,86
2011-01-26 02:00:00,-1.8,968.4,9,219,74
2011-01-26 03:00:00,2.6,969.5,20,250,69
2011-01-26 04:00:00,1.6,977.2,13,266,72
2011-01-26 05:00:00,2.8,974.8,21,249,57
2011-01-26 06:00:00,1,973.4,17,299,65
2011-01-26 07:00:00,1.3,970,22,282,79
2011-01-26 08:00:00,3.1,970.2,21,235,63
2011-01-26 09:00:00,2.3,977.8,13,255,71
2011-01-26 10:00:00,2.8,971.2,21,167,62
2011-01-26 11:00:00,0.5,973,30,130,64
2011-01-26 12:00:00,-3,969.9,15,178,66
2011-01-26 13:00:00,0.1,975.9,17,125,59
2011-01-26 14:00:00,-4.1,978,17,99,71
2011-01-26 15:00:00,-2.4,977.3,13,137,82
2011-01-26 16:00:00,-6.6,972.8,21,57,69
2011-01-26 17:00:00,-4.1,973.6,19,115,72
2011-01-26 18:00:00,-3.4,976.2,14,69,91
2011-01-26 19:00:00,-7.4,971.4,22,97,74
2011-01-26 20:00:00,-3.6,974,26,184,75
2011-01-26 21:00:00,0.1,975.1,20,187,65
2011-01-26 22:00:00,-2.8,973.5,22,185,68
2011-01-26 23:00:00,0.7,969.9,23,238,46
2011-01-27 00:00:00,0.2,967.1,18,225,77
2011-01-27 01:00:00,-1.3,977.3,10,274,71
2011-01-27 02:00:00,0.5,975.2,13,282,70
2011-01-27 03:00:00,4.6,970.1,12,295,88
2011-01-27 04:00:00,1.8,970.2,17,275,81
2011-01-27 05:00:00,2.8,969.8,17,291,74
2011-01-27 06:00:00,5.4,967.9,16,235,73
2011-01-27 07:00:00,1.8,967.3,25,251,83
2011-01-27 08:00:00,4.5,974.6,15,233,72
2011-01-27 09:00:00,2,977.3,20,218,89
2011-01-27 10:00:00,-0.7,969.6,16,191,73
2011-01-27 11:00:00,1.6,969.5,21,174,68
2011-01-27 12:00:00,-1.5,973.8,13,73,81
2011-01-27 13:00:00,-0.8,973.9,8,113,71
2011-01-27 14:00:00,-4.4,975.6,22,125,67
2011-01-27 15:00:00,-2.5,973.7,15,63,84
2011-01-27 16:00:00,-3.1,967.6,13,133,75
2011-01-27 17:00:00,-4,971.6,9,85,73
2011-01-27 18:00:00,-1.6,975.6,14,20,70
2011-01-27 19:00:00,-6.4,971.6,22,147,94
2011-01-27 20:00:00,-3.6,969.8,26,133,75
2011-01-27 21:00:00,-3.8,970.1,17,102,84
2011-01-27 22:00:00,-3.9,970.7,14,186,60
2011-01-27 23:00:00,-0.4,974.5,20,202,74
2011-01-28 00:00:00,-0.2,971.3,23,205,78
2011-01-28 01:00:00,0.2,968.9,19,223,65
2011-01-28 02:00:00,1.8,975.8,28,253,60
2011-01-28 03:00:00,4.5,974.3,12,257,74
2011-01-28 04:00:00,1.8,968.9,17,320,75
2011-01-28 05:00:00,3.7,969.6,24,295,79
2011-01-28 06:00:00,-0.1,971.3,18,310,82
2011-01-28 07:00:00,4.6,976.4,13,251,75
2011-01-28 08:00:00,1.8,976.9,20,214,81
2011-01-28 09:00:00,1,979,22,226,59
2011-01-28 10:00:00,1.6,972.8,18,242,69
2011-01-28 11:00:00,0.3,968.3,16,196,66
2011-01-28 12:00:00,-0.3,976,19,153,80
2011-01-28 13:00:00,-2.2,977.8,14,111,72
2011-01-28 14:00:00,-1.2,966.4,8,100,63
2011-01-28 15:00:00,-4.6,970.5,19,116,78
2011-01-28 16:00:00,-7.2,976,21,124,79
2011-01-28 17:00:00,-2.1,976.7,17,92,64
2011-01-28 18:00:00,-4.7,970.9,21,90,65
2011-01-28 19:00:00,-3.5,974.4,17,96,70
2011-01-28 20:00:00,-5.5,974.1,6,124,72
2011-01-28 21:00:00,-3.3,973.7,17,228,73
2011-01-28 22:00:00,-5.5,969.5,9,147,66
2011-01-28 23:00:00,2.2,970.5,16,139,76
2011-01-29 00:00:00,-0.2,974.2,12,144,70
2011-01-29 01:00:00,1.3,973,17,218,65
2011-01-29 02:00:00,3.3,967.1,21,264,84
2011-01-29 03:00:00,1.2,971.8,17,275,76
2011-01-29 04:00:00,2.9,973.9,17,281,67
2011-01-29 05:00:00,3.1,978.1,17,229,82
2011-01-29 06:00:00,2.6,973.6,17,311,64
2011-01-29 07:00:00,3,972.4,13,244,76
2011-01-29 08:00:00,0.9,967.8,22,223,81
2011-01-29 10:00:00,1.8,968.6,18,227,63
2011-01-29 11:00:00,-1.5,972.7,17,202,66
2011-01-29 12:00:00,-0.7,969.6,24,151,73
2011-01-29 13:00:00,-2.4,969.2,23,90,71
2011-01-29 14:00:00,-3,973.6,14,140,68
2011-01-29 15:00:00,-4,970.5,32,114,68
2011-01-29 16:00:00,-2.1,974.4,14,90,78
2011-01-29 17:00:00,-5.3,968.9,12,76,72
2011-01-29 18:00:00,-8.8,975.9,20,124,86
2011-01-29 19:00:00,-2.8,972.6,13,160,85
2011-01-29 20:00:00,-5.5,978.5,14,106,90
2011-01-29 21:00:00,-3.5,976,15,94,66
2011-01-29 22:00:00,-1.9,976.6,19,130,82
2011-01-29 23:00:00,-1,976.5,12,147,74
2011-01-30 00:00:00,-1.2,967.7,16,248,71
2011-01-30 01:00:00,-0.5,974.4,19,274,67
2011-01-30 02:00:00,0.3,976.3,13,258,75
2011-01-30 03:00:00,1.2,966.6,18,283,77
2011-01-30 04:00:00,0,972.9,14,284,54
2011-01-30 05:00:00,3.5,969.5,14,309,68
2011-01-30 06:00:00,4.3,972.8,16,320,66
2011-01-30 07:00:00,2.4,975,10,271,78
2011-01-30 08:00:00,1.6,970.6,17,242,79
2011-01-30 09:00:00,2.6,969.9,17,243,77
2011-01-30 11:00:00,-1.2,964.6,15,206,67
2011-01-30 12:00:00,-1.3,973.7,20,183,63
2011-01-30 13:00:00,-4,966.1,19,160,63
2011-01-30 14:00:00,-0.7,973.8,17,130,83
2011-01-30 15:00:00,-3,978,17,108,82
2011-01-30 17:00:00,-7.3,974.6,10,88,65
2011-01-30 18:00:00,-5.4,969.5,19,111,71
2011-01-30 19:00:00,-4.8,969.7,12,93,82
2011-01-30 20:00:00,-5.5,977.7,15,111,68
2011-01-30 21:00:00,-1,969.5,18,123,71
2011-01-30 22:00:00,-3.8,972.5,13,151,68
2011-01-30 23:00:00,-2,973.7,17,179,71
2011-01-31 00:00:00,-1.5,970.6,16,197,76
2011-01-31 01:00:00,0.9,973.4,19,249,76
2011-01-31 02:00:00,0.9,975.6,27,289,84
2011-01-31 03:00:00,2.5,973.2,13,249,75
2011-01-31 04:00:00,4.7,973.6,24,223,72
2011-01-31 05:00:00,1.9,975.3,21,247,74
2011-01-31 06:00:00,3.4,971,16,276,72
2011-01-31 07:00:00,2.4,967.2,21,220,73
2011-01-31 08:00:00,2.4,969.9,20,255,73
2011-01-31 09:00:00,0.4,970.9,20,264,70
2011-01-31 10:00:00,3.2,971,14,210,59
2011-01-31 11:00:00,-1,971.3,18,155,57
2011-01-31 12:00:00,-2.4,973.4,6,134,71
2011-01-31 13:00:00,-2.5,967.8,23,176,78
2011-01-31 14:00:00,-2.7,975.2,19,87,82
2011-01-31 15:00:00,-6.6,971.5,16,149,75
2011-01-31 16:00:00,-5.9,970.6,14,98,80
2011-01-31 17:00:00,-5.3,971,13,123,54
2011-01-31 18:00:00,-4.2,972.8,7,128,73
2011-01-31 19:00:00,-5.1,971,22,188,81
2011-01-31 20:00:00,-4.6,975.9,14,133,54
2011-01-31 21:00:00,-5.2,969.4,20,173,64
2011-01-31 22:00:00,-5.3,973.4,29,152,64
2011-01-31 23:00:00,-4.6,973.8,16,158,61
2011-02-01 00:00:00,0.3,973.6,12,226,72
2011-02-01 01:00:00,1,967.9,12,185,65
2011-02-01 02:00:00,2.7,974.5,16,256,87
2011-02-01 03:00:00,2.9,971.2,17,298,69
2011-02-01 04:00:00,3,971.6,24,271,63
2011-02-01 05:00:00,1.5,974,19,271,69
2011-02-01 06:00:00,3.8,973.6,11,270,73
2011-02-01 07:00:00,5.7,971.3,5,255,81
2011-02-01 08:00:00,1.4,969.9,23,236,62
2011-02-01 09:00:00,2.3,975.4,20,222,83
2011-02-01 10:00:00,-0.4,975.4,23,223,72
2011-02-01 11:00:00,-0.6,970.5,25,173,81
2011-02-01 12:00:00,-2.4,974.8,18,134,70
2011-02-01 13:00:00,-0.7,975.2,24,102,63
2011-02-01 14:00:00,-2.7,974.6,18,116,70
2011-02-01 15:00:00,-4.1,976.7,20,103,76
2011-02-01 16:00:00,-4.7,974.8,21,105,75
2011-02-01 17:00:00,-5.8,971.6,12,68,78
2011-02-01 18:00:00,-3.4,979.8,21,58,74
2011-02-01 19:00:00,-4.5,972.7,19,97,67
2011-02-01 20:00:00,-3.9,970.5,21,88,80
2011-02-01 21:00:00,-2.9,973.2,23,170,71
2011-02-01 22:00:00,-0.5,975.9,12,160,71
2011-02-01 23:00:00,-1.2,974.2,27,219,66
2011-02-02 00:00:00,0.7,969.5,20,204,64
2011-02-02 01:00:00,0.9,972.3,23,213,70
2011-02-02 02:00:00,3.6,971.5,19,266,64
2011-02-02 03:00:00,0.5,970.7,12,303,89
2011-02-02 04:00:00,4.1,976.9,16,228,61
2011-02-02 05:00:00,3.4,980.3,15,244,67
2011-02-02 06:00:00,4.5,968.2,19,249,64
2011-02-02 07:00:00,3,980.2,20,257,73
2011-02-02 08:00:00,3.3,974.5,19,224,85
2011-02-02 09:00:00,4.1,978.3,10,222,72
2011-02-02 10:00:00,-1.3,973.6,16,207,80
2011-02-02 12:00:00,2.4,970.1,14,148,63
2011-02-02 13:00:00,0,974.2,23,157,80
2011-02-02 14:00:00,-1.8,976,14,96,65
2011-02-02 15:00:00,-5.9,976.3,18,137,74
2011-02-02 16:00:00,-5.3,971.7,15,54,76
2011-02-02 17:00:00,-6.2,977.4,26,103,84
2011-02-02 18:00:00,-3.3,971.3,12,79,66
2011-02-02 19:00:00,-3.1,971.7,24,94,73
2011-02-02 20:00:00,-5.4,975,23,114,81
2011-02-02 21:00:00,-3,979.2,17,205,68
2011-02-02 22:00:00,-3.1,976.4,24,213,76
2011-02-02 23:00:00,0.3,971.8,20,228,65
2011-02-03 00:00:00,0.2,975.7,17,246,71
2011-02-03 01:00:00,2.2,973.6,14,250,64
2011-02-03 02:00:00,0.7,972.5,16,173,74
2011-02-03 03:00:00,0.7,966,21,262,60
2011-02-03 04:00:00,3,972.7,12,228,80
2011-02-03 06:00:00,5.9,972.9,15,250,73
2011-02-03 07:00:00,1.7,975.3,4,300,76
2011-02-03 08:00:00,5.7,972.4,23,267,71
2011-02-03 09:00:00,2.9,974.6,11,193,66
2011-02-03 10:00:00,3.9,976.8,4,249,75
2011-02-03 11:00:00,1,974.2,17,222,78
2011-02-03 12:00:00,2,971.3,19,154,76
2011-02-03 13:00:00,-1,978.8,22,109,60
2011-02-03 14:00:00,-2.1,973.9,19,63,80
2011-02-03 15:00:00,-6,974,22,157,58
2011-02-03 16:00:00,-3.2,969.5,21,101,78
2011-02-03 17:00:00,-1.4,968.9,26,45,76
2011-02-03 18:00:00,-4.3,971,16,110,92
2011-02-03 19:00:00,-4.5,970.8,14,111,72
2011-02-03 20:00:00,-4.9,968.2,16,106,70
2011-02-03 21:00:00,-2.9,979.3,22,127,70
2011-02-03 22:00:00,-2.7,978.3,19,139,73
2011-02-03 23:00:00,-3.8,971,21,180,83
2011-02-04 00:00:00,-0.6,971.3,11,158,78
2011-02-04 01:00:00,2.7,969.2,21,232,78
2011-02-04 02:00:00,1.3,973.7,17,243,83
2011-02-04 03:00:00,4.5,971.2,15,206,70
2011-02-04 04:00:00,6.4,975.5,15,329,64
2011-02-04 05:00:00,4.1,976.5,11,281,71
2011-02-04 06:00:00,4.5,971.2,12,248,83
2011-02-04 07:00:00,1.8,975.2,23,278,69
2011-02-04 08:00:00,7.1,975.5,20,274,56
2011-02-04 09:00:00,1,974,18,184,57
2011-02-04 10:00:00,1.1,972.2,16,234,78
2011-02-04 11:00:00,0.3,975.8,18,230,73
2011-02-04 12:00:00,1.5,977.2,14,128,83
2011-02-04 13:00:00,-2,973.5,15,142,50
2011-02-04 14:00:00,-2,970.8,14,154,73
2011-02-04 15:00:00,-3,969.1,13,108,70
2011-02-04 16:00:00,-1.6,974.8,12,94,74
2011-02-04 17:00:00,-5.7,978.8,14,77,77
2011-02-04 18:00:00,-4.4,975.5,12,55,73
2011-02-04 19:00:00,-4.1,970.6,12,142,84
2011-02-04 20:00:00,-5.4,974.2,16,103,64
2011-02-04 21:00:00,-2.8,973.2,18,161,52
2011-02-04 22:00:00,-4.2,975.7,7,137,62
2011-02-04 23:00:00,-1.7,973.7,11,188,70
2011-02-05 00:00:00,-0.3,975.1,12,199,69
2011-02-05 01:00:00,0,968.6,13,208,73
2011-02-05 02:00:00,1.1,968.5,18,279,73
2011-02-05 03:00:00,0.9,969.4,18,278,67
2011-02-05 04:00:00,3.8,971.1,11,296,82
2011-02-05 05:00:00,2.5,971,22,228,60
2011-02-05 06:00:00,2.2,974,12,287,62
2011-02-05 07:00:00,5.1,973.7,16,239,70
2011-02-05 08:00:00,2.3,975.7,17,226,47
2011-02-05 09:00:00,4,970.3,19,237,85
2011-02-05 10:00:00,3.2,980.7,16,205,60
2011-02-05 11:00:00,1.9,972.4,17,169,81
2011-02-05 12:00:00,0.9,975.8,18,162,72
2011-02-05 13:00:00,-1.8,971,21,141,63
2011-02-05 14:00:00,-2.4,972.4,20,120,62
2011-02-05 15:00:00,-4.2,971.5,22,85,67
2011-02-05 16:00:00,-6,967.7,17,180,63
2011-02-05 17:00:00,-2.9,973.5,24,98,81
2011-02-05 18:00:00,-4,978.1,18,99,81
2011-02-05 19:00:00,-3.4,976.5,22,109,60
2011-02-05 20:00:00,-0.3,968.9,18,107,76
2011-02-05 21:00:00,-1.8,980,19,119,63
2011-02-05 22:00:00,-1.1,976.1,14,201,60
2011-02-05 23:00:00,1.8,975.6,16,193,75
2011-02-06 00:00:00,-0.7,970.8,16,171,67
2011-02-06 01:00:00,-0.3,978.2,13,185,61
2011-02-06 03:00:00,2.4,973.7,18,268,50
2011-02-06 04:00:00,2.3,979.1,21,258,65
2011-02-06 05:00:00,3.2,973.9,25,288,76
2011-02-06 06:00:00,3.6,977.5,11,235,85
2011-02-06 07:00:00,3.9,975.4,16,332,72
2011-02-06 08:00:00,3.8,975,14,206,82
2011-02-06 09:00:00,1.1,973.8,22,217,56
2011-02-06 10:00:00,1.2,976.7,22,230,63
2011-02-06 11:00:00,1.4,970.9,16,214,65
2011-02-06 12:00:00,-1.4,972.2,15,137,61
2011-02-06 13:00:00,-0.6,973.1,17,94,64
2011-02-06 14:00:00,0.2,982,18,145,74
2011-02-06 15:00:00,-6.2,971.8,22,163,82
2011-02-06 16:00:00,-2.5,969.9,14,87,67
2011-02-06 17:00:00,-3.1,975.6,17,37,63
2011-02-06 18:00:00,-5,978.4,13,96,64
2011-02-06 19:00:00,-5.6,976.3,14,85,62
2011-02-06 21:00:00,-2.5,974,20,152,81
2011-02-06 22:00:00,-3.8,972.5,24,211,73
2011-02-06 23:00:00,0.5,976.8,12,167,61
2011-02-07 00:00:00,0.4,975.7,27,247,73
2011-02-07 01:00:00,1.7,974.1,17,245,76
2011-02-07 02:00:00,2.3,976.4,8,330,69
2011-02-07 03:00:00,0.2,973.3,20,285,75
2011-02-07 04:00:00,2.5,967.2,12,255,64
2011-02-07 05:00:00,4.3,979.9,27,245,58
2011-02-07 06:00:00,2.7,972.8,11,259,77
2011-02-07 07:00:00,3.8,975.8,20,221,60
2011-02-07 08:00:00,3,975.5,25,209,74
2011-02-07 09:00:00,4,971.5,19,182,71
2011-02-07 10:00:00,3.6,977.6,17,228,69
2011-02-07 11:00:00,0.4,978,24,189,67
2011-02-07 12:00:00,-1.5,970.4,29,182,77
2011-02-07 13:00:00,1.4,973.4,11,138,66
2011-02-07 14:00:00,-1.4,973.4,19,81,75
2011-02-07 15:00:00,-2.7,977.7,21,116,63
2011-02-07 16:00:00,-1.6,976.3,23,46,73
2011-02-07 17:00:00,-0.3,974.5,11,96,73
2011-02-07 18:00:00,-5.1,975.3,15,137,67
2011-02-07 19:00:00,-4.9,974.9,15,74,64
2011-02-07 20:00:00,-6.3,971.1,28,142,74
2011-02-07 22:00:00,-2.4,978.2,15,177,68
2011-02-07 23:00:00,1,974.4,27,170,62
2011-02-08 00:00:00,3,971.5,20,154,75
2011-02-08 01:00:00,3,973.3,18,228,62
2011-02-08 02:00:00,3,977.3,15,206,68
2011-02-08 03:00:00,4.3,977.3,28,287,67
2011-02-08 04:00:00,2.3,976.8,29,247,72
2011-02-08 05:00:00,4.6,970.6,15,276,71
2011-02-08 06:00:00,4.8,975.7,22,308,56
2011-02-08 07:00:00,0.9,971.9,17,216,68
2011-02-08 08:00:00,3.9,973.6,16,240,77
2011-02-08 09:00:00,3.7,979.5,16,268,67
2011-02-08 10:00:00,3.4,973.5,25,192,81
2011-02-08 11:00:00,2.7,975.8,21,176,56
2011-02-08 12:00:00,-1.6,974.2,12,134,76
2011-02-08 13:00:00,-0.5,980.3,13,153,72
2011-02-08 15:00:00,-2.4,973.6,21,120,62
2011-02-08 16:00:00,-2.5,970.4,9,63,68
2011-02-08 17:00:00,-2.2,975.4,24,18,65
2011-02-08 18:00:00,-1.8,969.5,18,69,69
2011-02-08 19:00:00,-1.9,973.7,15,46,65
2011-02-08 20:00:00,-2.9,969.9,20,102,73
2011-02-08 21:00:00,-2.8,971.8,24,95,78
2011-02-08 22:00:00,-2.5,971.3,16,118,69
2011-02-08 23:00:00,0.3,974.6,13,199,77
2011-02-09 00:00:00,2.7,968.4,26,191,61
2011-02-09 01:00:00,-1.1,974.8,11,246,58
2011-02-09 02:00:00,0.4,974.8,13,216,69
2011-02-09 03:00:00,1.4,972.7,17,238,69
2011-02-09 04:00:00,7,975.9,21,241,63
2011-02-09 05:00:00,3.9,968.5,9,235,78
2011-02-09 06:00:00,4.3,977.2,18,258,63
2011-02-09 07:00:00,3.2,973.7,17,263,72
2011-02-09 08:00:00,4.6,972.7,19,210,90
2011-02-09 09:00:00,3.9,972.5,19,179,54
2011-02-09 10:00:00,0.4,975.5,10,197,73
2011-02-09 11:00:00,0.3,971.3,11,134,83
2011-02-09 12:00:00,0.6,974,22,168,67
2011-02-09 13:00:00,4.2,973.3,20,139,71
2011-02-09 14:00:00,-0.3,973.1,16,142,72
2011-02-09 15:00:00,-1.7,972,11,123,71
2011-02-09 16:00:00,-4,976.4,15,114,56
2011-02-09 17:00:00,-2.8,971.7,13,97,84
2011-02-09 18:00:00,-3.3,969.4,21,127,80
2011-02-09 20:00:00,-3.4,969.4,17,146,54
2011-02-09 21:00:00,-2.2,970.3,11,153,68
2011-02-09 22:00:00,0.3,973.9,17,183,79
2011-02-10 00:00:00,-0.4,975.1,22,196,70
2011-02-10 01:00:00,2.3,971.4,24,204,69
2011-02-10 02:00:00,1.7,972.3,18,236,57
2011-02-10 03:00:00,3.6,972.2,21,267,83
2011-02-10 04:00:00,4,975.1,23,272,65
2011-02-10 05:00:00,6.1,972.8,17,279,64
2011-02-10 06:00:00,5.8,975.9,22,258,67
2011-02-10 07:00:00,4.8,973.9,16,300,66
2011-02-10 08:00:00,4.2,975.4,24,243,61
2011-02-10 09:00:00,3.2,972.4,19,230,66
2011-02-10 10:00:00,3.6,974.3,19,209,71
2011-02-10 11:00:00,0.6,973.4,15,207,71
2011-02-10 12:00:00,1.6,972.4,16,148,55
2011-02-10 13:00:00,0.2,972.1,11,142,75
2011-02-10 14:00:00,-0.7,973.1,17,76,75
2011-02-10 15:00:00,0.2,977.4,13,138,75
2011-02-10 16:00:00,-1.7,970.8,24,26,75
2011-02-10 17:00:00,-2.4,973.6,7,79,75
2011-02-10 18:00:00,-4.6,976.2,8,44,73
2011-02-10 19:00:00,-3.9,979.7,21,115,78
2011-02-10 20:00:00,-1,970.9,24,82,64
2011-02-10 21:00:00,-0.8,968.1,14,168,77
2011-02-10 22:00:00,-0.7,974.2,15,156,73
2011-02-10 23:00:00,-1.1,974.9,22,210,69
2011-02-11 00:00:00,2.6,976.6,23,164,69
2011-02-11 01:00:00,0.1,971.4,18,240,71
2011-02-11 02:00:00,2.7,973.4,20,251,67
2011-02-11 03:00:00,2.7,972.7,20,235,59
2011-02-11 04:00:00,2.2,973,11,302,74
2011-02-11 05:00:00,7.7,977.6,20,276,79
2011-02-11 07:00:00,2.4,975.4,14,273,72
2011-02-11 08:00:00,5.6,969.1,19,263,70
2011-02-11 09:00:00,3.8,971.6,11,283,68
2011-02-11 10:00:00,3.9,972,16,196,69
2011-02-11 11:00:00,4.9,975.7,13,181,76
2011-02-11 12:00:00,0.8,978.2,13,181,58
2011-02-11 13:00:00,-3.4,972.4,22,118,71
2011-02-11 14:00:00,-0.6,972.1,19,71,70
2011-02-11 15:00:00,0.1,975.3,24,153,50
2011-02-11 16:00:00,-3,981.7,17,116,79
2011-02-11 17:00:00,-4.6,973,15,74,60
2011-02-11 18:00:00,-2,983.2,15,71,87
2011-02-11 19:00:00,-1.9,975.8,20,110,65
2011-02-11 20:00:00,-3,980.4,23,85,81
2011-02-11 21:00:00,-3.3,977.9,5,150,79
2011-02-11 22:00:00,-1.4,974.1,23,135,88
2011-02-11 23:00:00,0.4,978.6,30,218,66
2011-02-12 00:00:00,1.5,975.6,16,172,69
2011-02-12 01:00:00,2.6,979.1,16,254,64
2011-02-12 02:00:00,4.6,973.4,23,235,79
2011-02-12 04:00:00,3.9,966.7,31,283,61
2011-02-12 05:00:00,3.8,973.9,24,294,54
2011-02-12 06:00:00,4.4,982.5,24,258,63
2011-02-12 07:00:00,3.8,968.5,23,242,66
2011-02-12 08:00:00,3.3,976,28,256,73
2011-02-12 09:00:00,4.2,972.8,19,216,57
2011-02-12 10:00:00,1.7,979.5,19,269,67
2011-02-12 11:00:00,1.9,969.9,19,153,74
2011-02-12 12:00:00,-2.5,977.2,15,171,76
2011-02-12 13:00:00,2.6,977.8,16,87,69
2011-02-12 14:00:00,-0.2,979.9,19,51,85
2011-02-12 15:00:00,-2,972.5,20,125,84
2011-02-12 16:00:00,-2.8,980.4,22,138,56
2011-02-12 17:00:00,-3.2,975,15,81,49
2011-02-12 18:00:00,-1.8,971.4,16,57,63
2011-02-12 19:00:00,-1.3,972.6,26,139,62
2011-02-12 20:00:00,-4,976.4,9,110,72
2011-02-12 21:00:00,2,972.3,12,171,64
2011-02-12 22:00:00,0,964.5,22,83,51
2011-02-12 23:00:00,1,966.6,13,180,56
2011-02-13 00:00:00,3,973.3,17,227,65
2011-02-13 01:00:00,3.8,971.7,19,183,57
2011-02-13 02:00:00,2.4,971.4,24,235,58
2011-02-13 03:00:00,4.9,972.4,18,273,69
2011-02-13 04:00:00,5.3,973.2,13,355,71
2011-02-13 05:00:00,4.8,975,27,251,53
2011-02-13 06:00:00,5,973.8,14,268,74
2011-02-13 07:00:00,5.4,972,20,263,61
2011-02-13 08:00:00,6.2,974.2,22,222,69
2011-02-13 09:00:00,3.6,977.7,17,255,65
2011-02-13 10:00:00,3.9,980.5,21,212,69
2011-02-13 11:00:00,2.8,973.2,27,151,59
2011-02-13 12:00:00,0.3,973.4,22,186,65
2011-02-13 13:00:00,0.8,974.6,10,136,58
2011-02-13 14:00:00,0.6,976.2,13,50,70
2011-02-13 15:00:00,-1.3,972.5,17,72,66
2011-02-13 16:00:00,-4.9,975.8,16,162,79
2011-02-13 17:00:00,-4.1,974.9,18,86,65
2011-02-13 18:00:00,-4.6,972.6,17,118,79
2011-02-13 19:00:00,-1.8,977.2,19,137,56
2011-02-13 20:00:00,-4.9,978.8,15,130,77
2011-02-13 21:00:00,-0.6,973.3,23,163,74
2011-02-13 22:00:00,0.2,969.9,14,158,72
2011-02-13 23:00:00,1.9,972.2,17,156,67
2011-02-14 00:00:00,2.4,973.7,20,227,70
2011-02-14 01:00:00,4.6,974.8,19,218,67
2011-02-14 02:00:00,3.9,977.1,16,222,67
2011-02-14 03:00:00,2.7,979.5,21,232,52
2011-02-14 04:00:00,4.7,976,23,243,70
2011-02-14 05:00:00,7.6,972.4,15,284,60
2011-02-14 06:00:00,5.8,974.4,18,244,75
2011-02-14 07:00:00,6.5,974.4,22,271,64
2011-02-14 08:00:00,2.4,976.3,18,266,66
2011-02-14 09:00:00,3.6,969.8,26,236,70
2011-02-14 10:00:00,4.6,971,24,168,81
2011-02-14 11:00:00,4.2,973.1,25,192,63
2011-02-14 12:00:00,0.4,970.4,18,177,66
2011-02-14 13:00:00,0,974.9,26,76,79
2011-02-14 14:00:00,-1.9,972.9,24,96,56
2011-02-14 15:00:00,-1.9,977.4,19,93,74
2011-02-14 16:00:00,-3,971.3,14,85,70
2011-02-14 17:00:00,0.4,973.4,18,110,78
2011-02-14 18:00:00,-5.6,970.4,21,150,56
2011-02-14 19:00:00,-4.8,972.4,19,26,76
2011-02-14 20:00:00,-1.3,976.5,13,163,76
2011-02-14 21:00:00,-3,974.2,13,163,73
2011-02-14 22:00:00,-2.5,976,23,197,71
2011-02-14 23:00:00,0.7,970.6,14,205,63
2011-02-15 00:00:00,3.8,974.1,12,217,62
2011-02-15 01:00:00,-0.8,977.5,15,247,68
2011-02-15 02:00:00,3.8,974,15,324,64
2011-02-15 03:00:00,3.2,971.9,14,257,71
2011-02-15 04:00:00,3,968.6,24,231,68
2011-02-15 05:00:00,5.2,975.3,14,202,62
2011-02-15 06:00:00,3.3,972,10,193,72
2011-02-15 07:00:00,6.8,971.9,20,233,73
2011-02-15 08:00:00,7.4,973.8,21,188,57
2011-02-15 09:00:00,6.4,975.2,10,248,64
2011-02-15 10:00:00,2.9,981.9,23,192,56
2011-02-15 11:00:00,3.3,971.9,20,169,69
2011-02-15 12:00:00,3.1,976.4,14,106,60
2011-02-15 13:00:00,0.9,975,16,136,66
2011-02-15 14:00:00,-1.7,977.8,15,98,64
2011-02-15 15:00:00,-2,979.9,12,133,63
2011-02-15 16:00:00,-0.9,976.5,9,109,76
2011-02-15 17:00:00,-1.6,975.6,17,65,82
2011-02-15 18:00:00,-3.3,972.9,20,159,62
2011-02-15 19:00:00,-0.4,977.5,25,161,78
2011-02-15 20:00:00,-1,972.1,21,118,60
2011-02-15 21:00:00,-1.7,971.3,16,209,62
2011-02-15 22:00:00,-1.1,978.8,19,176,78
2011-02-15 23:00:00,0.2,973.1,15,149,66
2011-02-16 00:00:00,1.9,971.5,17,185,72
2011-02-16 01:00:00,2.5,971.6,30,182,61
2011-02-16 02:00:00,2.4,975.3,16,220,66
2011-02-16 03:00:00,4.2,974.6,13,309,67
2011-02-16 04:00:00,5.1,969.4,12,244,49
2011-02-16 05:00:00,4.6,981.4,16,277,62
2011-02-16 06:00:00,4.6,972.7,14,252,66
2011-02-16 07:00:00,3.2,973.4,16,270,59
2011-02-16 08:00:00,5.9,982,19,251,64
2011-02-16 09:00:00,4.3,972.1,12,213,80
2011-02-16 10:00:00,3,977.2,23,198,64
2011-02-16 11:00:00,2.5,974.9,17,231,71
2011-02-16 12:00:00,1.8,980.2,11,184,71
2011-02-16 13:00:00,3,972.6,12,125,71
2011-02-16 14:00:00,0.9,980.3,21,178,68
2011-02-16 15:00:00,-0.6,975.9,19,146,79
2011-02-16 16:00:00,-2.9,977.6,20,134,83
2011-02-16 17:00:00,-2.1,971.4,7,79,66
2011-02-16 18:00:00,-3.4,973.5,14,108,62
2011-02-16 19:00:00,-2.2,981.3,31,133,70
2011-02-16 20:00:00,-1.4,975.3,16,72,63
2011-02-16 21:00:00,-2.1,977.8,17,185,69
2011-02-16 22:00:00,-1.5,973.5,17,125,72
2011-02-16 23:00:00,0.2,969.8,30,208,52
2011-02-17 00:00:00,1.1,973.6,13,256,71
2011-02-17 01:00:00,3.4,975.1,18,189,70
2011-02-17 02:00:00,1.6,974.2,16,254,73
2011-02-17 03:00:00,5.7,975.6,23,295,79
2011-02-17 04:00:00,6.9,977.6,11,228,78
2011-02-17 05:00:00,5.6,979.5,20,244,59
2011-02-17 06:00:00,5.9,974.2,29,202,82
2011-02-17 07:00:00,5.4,975.6,25,282,67
2011-02-17 08:00:00,6.5,971.7,22,220,67
2011-02-17 09:00:00,4.8,974.4,11,245,70
2011-02-17 10:00:00,2.6,970.5,17,180,62
2011-02-17 11:00:00,2,975.8,21,191,74
2011-02-17 12:00:00,3.5,980.1,8,178,75
2011-02-17 13:00:00,1.4,971.2,18,112,40
2011-02-17 14:00:00,-2,979.2,12,129,51
2011-02-17 15:00:00,0.3,976.5,17,81,84
2011-02-17 16:00:00,-2.1,976.5,19,73,74
2011-02-17 17:00:00,-0.1,977,21,101,70
2011-02-17 18:00:00,-4,974.6,14,101,52
2011-02-17 19:00:00,-1.4,973.1,22,76,71
2011-02-17 20:00:00,0.7,975.9,9,99,71
2011-02-17 21:00:00,-1.9,966.5,18,76,55
2011-02-17 22:00:00,-1.3,975.7,11,129,57
2011-02-17 23:00:00,-1.1,968.8,11,157,68
2011-02-18 00:00:00,0.5,975.5,19,159,61
2011-02-18 01:00:00,1.2,974.4,25,244,61
2011-02-18 02:00:00,6.2,977.5,5,306,64
2011-02-18 03:00:00,3.7,972,25,255,74
2011-02-18 05:00:00,5.6,977.4,18,305,66
2011-02-18 06:00:00,5.1,974.5,23,269,79
2011-02-18 07:00:00,7.1,976.5,30,269,92
2011-02-18 08:00:00,6.1,975.6,11,256,65
2011-02-18 09:00:00,1.4,977.7,24,235,55
2011-02-18 10:00:00,4.1,973.6,15,180,68
2011-02-18 11:00:00,1,978.8,22,218,78
2011-02-18 12:00:00,1.1,972.1,19,180,37
2011-02-18 13:00:00,3.1,978.8,19,128,69
2011-02-18 14:00:00,0.3,975.9,24,94,60
2011-02-18 15:00:00,1.8,970.1,16,110,62
2011-02-18 16:00:00,0.1,974.2,18,82,62
2011-02-18 17:00:00,-0.9,977.2,19,81,66
2011-02-18 18:00:00,-3.2,973.9,23,42,68
2011-02-18 19:00:00,-3.3,973.9,11,48,68
2011-02-18 20:00:00,-0.8,969.6,7,123,70
2011-02-18 21:00:00,-3,969.5,20,159,70
2011-02-18 22:00:00,-1.1,977,20,133,71
2011-02-18 23:00:00,-1.4,972.6,14,205,62
2011-02-19 00:00:00,4.3,977.6,10,192,75
2011-02-19 01:00:00,5.1,969.9,24,154,76
2011-02-19 02:00:00,2.2,972,24,249,77
2011-02-19 03:00:00,4.9,973,18,209,71
2011-02-19 04:00:00,7.7,972.8,16,325,61
2011-02-19 05:00:00,4.4,977.3,10,310,65
2011-02-19 06:00:00,6.5,972.6,16,275,78
2011-02-19 07:00:00,7,973.8,16,188,63
2011-02-19 08:00:00,7.1,975.7,18,224,65
2011-02-19 09:00:00,6.6,974.2,19,267,56
2011-02-19 10:00:00,3.9,970.5,12,156,56
2011-02-19 11:00:00,2.5,973.2,20,157,77
2011-02-19 12:00:00,3.3,972.5,20,162,61
2011-02-19 13:00:00,3,972.4,17,151,65
2011-02-19 14:00:00,0.7,977.4,21,98,61
2011-02-19 15:00:00,-0.6,971.8,21,121,68
2011-02-19 16:00:00,1.2,975.6,15,94,58
2011-02-19 17:00:00,-2.6,975.2,20,51,51
2011-02-19 18:00:00,-0.4,972.4,15,62,70
2011-02-19 19:00:00,-0.8,975.6,18,106,66
2011-02-19 20:00:00,-1.6,975.5,26,144,63
2011-02-19 21:00:00,-1.8,976.9,16,101,65
2011-02-19 22:00:00,1.6,976.7,19,110,60
2011-02-19 23:00:00,1,976,8,181,66
2011-02-20 00:00:00,3.2,974.2,6,196,51
2011-02-20 01:00:00,3,970.3,16,225,59
2011-02-20 02:00:00,5.2,971.6,10,237,71
2011-02-20 03:00:00,4.4,970.7,13,214,55
2011-02-20 04:00:00,5.2,972.9,6,238,60
2011-02-20 05:00:00,6.9,972.9,16,238,71
2011-02-20 06:00:00,3.6,975.4,9,263,66
2011-02-20 07:00:00,6.5,977.7,16,268,79
2011-02-20 08:00:00,8.6,975.4,16,193,75
2011-02-20 09:00:00,5.9,969.9,10,265,69
2011-02-20 10:00:00,3.9,975.2,19,227,77
2011-02-20 11:00:00,2.6,976.5,14,150,65
2011-02-20 12:00:00,-0.4,973.1,15,109,64
2011-02-20 13:00:00,1.5,978.2,19,160,76
2011-02-20 14:00:00,-1.1,983.1,18,88,68
2011-02-20 15:00:00,-1.8,974.6,30,89,61
2011-02-20 16:00:00,-3.9,973.9,14,115,79
2011-02-20 17:00:00,-2.7,970.9,16,140,63
2011-02-20 18:00:00,-0.5,978.6,19,108,67
2011-02-20 19:00:00,1.5,977.2,5,119,59
2011-02-20 20:00:00,-4.5,974.9,15,98,62
2011-02-20 21:00:00,0.4,973.3,13,112,57
2011-02-20 22:00:00,0,973.3,24,146,77
2011-02-20 23:00:00,2.6,972.5,18,197,82
2011-02-21 00:00:00,1.1,974.1,17,238,68
2011-02-21 01:00:00,2,971,15,259,69
2011-02-21 02:00:00,1.2,971.7,8,241,57
2011-02-21 03:00:00,5.3,975.1,7,239,76
2011-02-21 04:00:00,5.5,973.6,15,292,57
2011-02-21 06:00:00,5.7,975,18,283,75
2011-02-21 07:00:00,4.1,970.7,20,200,66
2011-02-21 08:00:00,7.4,972,21,215,65
2011-02-21 09:00:00,4.1,972.9,15,197,69
2011-02-21 10:00:00,6.5,975.8,18,218,70
2011-02-21 11:00:00,2.4,977.1,28,175,63
2011-02-21 12:00:00,4.2,973.6,13,223,72
2011-02-21 13:00:00,0.4,977.6,15,131,73
2011-02-21 14:00:00,0.5,974.3,11,93,54
2011-02-21 15:00:00,-0.9,973.7,16,104,67
2011-02-21 16:00:00,-1.8,972.3,11,111,62
2011-02-21 17:00:00,1.1,977.7,19,67,66
2011-02-21 18:00:00,-2.2,973.8,27,144,60
2011-02-21 19:00:00,-2.1,967.9,21,101,58
2011-02-21 20:00:00,2.1,972.3,18,184,62
2011-02-21 21:00:00,0.5,978,22,121,71
2011-02-21 22:00:00,1.3,975.3,15,159,67
2011-02-21 23:00:00,2.6,974,10,228,67
2011-02-22 00:00:00,3.6,974.2,17,215,49
2011-02-22 01:00:00,4.4,975.7,16,222,64
2011-02-22 02:00:00,4.5,974.7,18,254,62
2011-02-22 03:00:00,5.7,979.5,12,254,63
2011-02-22 04:00:00,7.3,970.8,4,230,57
2011-02-22 05:00:00,4.8,974.4,14,267,54
2011-02-22 06:00:00,8.2,972.8,19,278,67
2011-02-22 07:00:00,3.9,976.2,21,299,69
2011-02-22 08:00:00,6,975,13,234,67
2011-02-22 09:00:00,4.7,973.6,12,255,70
2011-02-22 11:00:00,0.2,976.2,11,142,71
2011-02-22 12:00:00,2.3,977.3,6,139,61
2011-02-22 13:00:00,3.2,977.8,22,171,62
2011-02-22 14:00:00,4.5,976.6,23,99,69
2011-02-22 15:00:00,-4.1,976,17,72,77
2011-02-22 16:00:00,-3.6,970.4,21,82,72
2011-02-22 17:00:00,-0.7,969.8,22,117,56
2011-02-22 18:00:00,-4.3,970.7,13,117,62
2011-02-22 19:00:00,-1,979.6,14,174,68
2011-02-22 20:00:00,-0.9,972.4,28,136,75
2011-02-22 21:00:00,-1.1,975.8,15,150,61
2011-02-22 22:00:00,1.8,977.3,21,142,61
2011-02-22 23:00:00,-0.1,969.7,22,198,70
2011-02-23 00:00:00,4.5,974.1,17,229,60
2011-02-23 01:00:00,2.7,973.8,17,207,67
2011-02-23 02:00:00,8.2,980.2,19,249,64
2011-02-23 03:00:00,5.1,973.4,27,304,84
2011-02-23 04:00:00,8.7,971.4,14,305,62
2011-02-23 05:00:00,7.3,972.7,26,268,81
2011-02-23 06:00:00,8.1,975.1,11,200,48
2011-02-23 07:00:00,6.8,973.8,24,236,67
2011-02-23 08:00:00,5.4,976.2,23,225,71
2011-02-23 09:00:00,6.7,977,26,214,47
2011-02-23 10:00:00,6.3,976.4,29,235,79
2011-02-23 11:00:00,6,973.7,21,201,64
2011-02-23 12:00:00,1.8,973.1,20,153,64
2011-02-23 13:00:00,1.2,971.2,19,165,84
2011-02-23 14:00:00,0.6,971.5,15,160,66
2011-02-23 15:00:00,-0.9,970.3,12,120,73
2011-02-23 16:00:00,-0.9,972.9,6,97,55
2011-02-23 17:00:00,-2.2,972.8,16,15,73
2011-02-23 18:00:00,-1.2,971.5,18,104,60
2011-02-23 19:00:00,-1.5,970.6,19,93,62
2011-02-23 20:00:00,-2.7,979.8,10,112,59
2011-02-23 21:00:00,2.3,977.1,8,85,69
2011-02-23 22:00:00,0.1,968.2,15,232,69
2011-02-23 23:00:00,1.3,973.7,21,189,73
2011-02-24 00:00:00,2,975.2,26,217,71
2011-02-24 01:00:00,3.9,975.5,16,187,58
2011-02-24 02:00:00,4.9,979.7,10,191,73
2011-02-24 03:00:00,6.8,977.9,17,268,66
2011-02-24 04:00:00,8.9,981,17,326,67
2011-02-24 05:00:00,8,976.6,19,283,73
2011-02-24 06:00:00,8,975,21,240,64
2011-02-24 07:00:00,6.3,972.7,14,251,59
2011-02-24 08:00:00,5.8,977.5,12,293,57
2011-02-24 09:00:00,4.8,976.7,10,259,61
2011-02-24 10:00:00,3.7,975.4,17,176,66
2011-02-24 11:00:00,6.6,972.5,20,193,67
2011-02-24 12:00:00,4,975.8,12,199,70
2011-02-24 13:00:00,2.9,972.5,20,175,67
2011-02-24 14:00:00,-1,978,10,121,65
2011-02-24 15:00:00,0,972.5,14,124,67
2011-02-24 16:00:00,-5.4,975,28,81,59
2011-02-24 17:00:00,-2.4,977.3,13,85,69
2011-02-24 18:00:00,-1.1,977.6,19,58,60
2011-02-24 19:00:00,-0.3,970.4,19,100,69
2011-02-24 20:00:00,-1.6,974,17,107,67
2011-02-24 21:00:00,0,972.2,15,170,53
2011-02-24 22:00:00,1.7,978.4,17,151,56
2011-02-24 23:00:00,0.4,975.7,19,163,73
2011-02-25 00:00:00,2.6,969.6,27,232,61
2011-02-25 01:00:00,4.3,968.9,15,208,53
2011-02-25 02:00:00,3.5,974.9,26,270,56
2011-02-25 03:00:00,7.5,974.9,17,333,59
2011-02-25 04:00:00,7.5,974.6,16,301,61
2011-02-25 05:00:00,6.6,971.1,12,311,73
2011-02-25 06:00:00,8.2,977,22,304,51
2011-02-25 07:00:00,6.8,978.4,12,244,66
2011-02-25 08:00:00,6.4,968.7,23,261,71
2011-02-25 09:00:00,3.7,970.4,24,169,67
2011-02-25 10:00:00,6.1,978.3,22,218,63
2011-02-25 11:00:00,1.5,974.4,11,167,64
2011-02-25 12:00:00,2.6,978.4,14,167,78
2011-02-25 13:00:00,2,975.1,27,150,63
2011-02-25 14:00:00,1.6,975.9,15,85,69
2011-02-25 15:00:00,-2.8,974.3,16,123,69
2011-02-25 16:00:00,-1.4,977.8,15,112,61
2011-02-25 17:00:00,1.2,976.2,20,98,59
2011-02-25 18:00:00,-2.3,974.9,17,90,69
2011-02-25 19:00:00,2,974.6,17,81,69
2011-02-25 20:00:00,1.9,977.2,16,156,47
2011-02-25 21:00:00,1.9,982.3,17,166,68
2011-02-25 22:00:00,-1.8,974.7,20,199,65
2011-02-25 23:00:00,1.2,973.1,12,150,61
2011-02-26 00:00:00,5.4,979.4,23,214,72
2011-02-26 01:00:00,6,976.1,8,289,65
2011-02-26 02:00:00,5.7,970,21,257,49
2011-02-26 03:00:00,7.1,979.5,26,233,54
2011-02-26 04:00:00,5.6,979.6,14,244,50
2011-02-26 05:00:00,9.1,975.9,17,207,71
2011-02-26 06:00:00,6.7,973.6,17,179,74
2011-02-26 07:00:00,4.7,978.7,8,240,73
2011-02-26 08:00:00,7.4,977.7,16,218,72
2011-02-26 09:00:00,6.8,973.7,12,221,60
2011-02-26 10:00:00,5.5,974.8,6,227,75
2011-02-26 11:00:00,5.1,977.2,15,215,55
2011-02-26 12:00:00,3,976.3,18,133,66
2011-02-26 13:00:00,2.6,975,13,134,69
2011-02-26 14:00:00,0.3,972,16,98,69
2011-02-26 15:00:00,-0.1,974.1,9,67,62
2011-02-26 16:00:00,0.4,976.9,13,105,66
2011-02-26 17:00:00,-2.4,970.7,22,115,65
2011-02-26 18:00:00,-1.4,976.1,10,93,61
2011-02-26 19:00:00,-0.8,979.1,19,74,61
2011-02-26 20:00:00,3,975.6,10,95,59
2011-02-26 21:00:00,-1.5,972.4,24,114,73
2011-02-26 23:00:00,0.3,974.3,18,212,57
2011-02-27 00:00:00,2.5,975.2,17,172,52
2011-02-27 01:00:00,2.5,975.3,22,251,74
2011-02-27 02:00:00,5,978.5,21,233,69
2011-02-27 03:00:00,6.7,975.1,23,307,74
2011-02-27 04:00:00,4.1,975.1,17,248,67
2011-02-27 05:00:00,6.2,970.9,22,310,66
2011-02-27 06:00:00,8.7,970,25,252,76
2011-02-27 07:00:00,7.7,973.9,17,263,70
2011-02-27 08:00:00,9.8,974.6,13,277,61
2011-02-27 09:00:00,6.9,974.2,14,158,70
2011-02-27 10:00:00,5.7,976.9,16,189,61
2011-02-27 11:00:00,6,968.9,15,223,60
2011-02-27 12:00:00,3.7,977.3,17,170,74
2011-02-27 13:00:00,3.1,979.9,21,173,65
2011-02-27 14:00:00,1.4,976,26,43,68
2011-02-27 15:00:00,-0.1,977.3,10,70,66
2011-02-27 16:00:00,0.3,975.7,22,81,61
2011-02-27 17:00:00,-1.6,973.6,11,94,56
2011-02-27 18:00:00,-3,968.4,12,66,59
2011-02-27 19:00:00,-1.4,973.3,12,101,57
2011-02-27 21:00:00,1.7,971.6,15,109,47
2011-02-27 22:00:00,3.4,975.1,10,149,67
2011-02-27 23:00:00,1,979,16,130,73
2011-02-28 00:00:00,4.8,973,15,232,59
2011-02-28 01:00:00,6.1,977.3,11,211,62
2011-02-28 02:00:00,5.5,978.4,18,222,63
2011-02-28 03:00:00,4.8,972,19,308,59
2011-02-28 04:00:00,7.3,970.1,9,235,50
2011-02-28 05:00:00,8.9,975.6,17,246,76
2011-02-28 06:00:00,8.5,977.9,16,262,60
2011-02-28 07:00:00,7.7,978.2,13,272,53
2011-02-28 08:00:00,8.1,979.1,6,220,50
2011-02-28 09:00:00,7.7,976.2,18,204,66
2011-02-28 10:00:00,4.5,967.1,22,163,67
2011-02-28 11:00:00,3.6,972.7,4,212,65
2011-02-28 12:00:00,3.6,978.9,13,183,69
2011-02-28 13:00:00,0.8,970.5,16,136,58
2011-02-28 14:00:00,3.9,975,23,69,51
2011-02-28 15:00:00,1,972.1,14,97,66
2011-02-28 16:00:00,0,973.9,17,50,58
2011-02-28 17:00:00,-2.3,976.9,14,81,63
2011-02-28 18:00:00,0.7,972.9,24,104,62
2011-02-28 20:00:00,-0.7,976,12,98,53
2011-02-28 21:00:00,1.6,978.6,15,146,54
2011-02-28 22:00:00,0.3,973.6,12,177,57
2011-02-28 23:00:00,-0.7,976.4,14,145,66
2011-03-01 00:00:00,3.3,973.4,16,165,60
2011-03-01 01:00:00,5.9,978.1,17,181,66
2011-03-01 02:00:00,3.3,976.1,8,224,74
2011-03-01 03:00:00,5.5,975.8,16,273,58
2011-03-01 04:00:00,7.8,968.2,23,215,64
2011-03-01 05:00:00,7.1,978.3,13,259,74
2011-03-01 06:00:00,10.4,972.3,18,274,47
2011-03-01 07:00:00,9,973.6,16,265,63
2011-03-01 09:00:00,6.9,975.5,17,224,67
2011-03-01 10:00:00,3.6,979.6,12,242,70
2011-03-01 11:00:00,5.1,971.5,14,222,56
2011-03-01 12:00:00,3.1,979.5,14,122,59
2011-03-01 13:00:00,0.6,975.2,14,96,70
2011-03-01 14:00:00,4.3,972.3,14,103,63
2011-03-01 15:00:00,-0.7,975.2,19,105,60
2011-03-01 16:00:00,1.2,980.9,21,61,70
2011-03-01 17:00:00,-0.3,974.9,18,88,65
2011-03-01 18:00:00,-1.3,975.5,19,53,66
2011-03-01 19:00:00,0.7,974.7,15,117,61
2011-03-01 20:00:00,0.9,972,17,152,62
2011-03-01 21:00:00,1.7,972.5,11,190,59
2011-03-01 22:00:00,2.8,968.9,19,109,55
2011-03-01 23:00:00,3,971.1,21,198,60
2011-03-02 00:00:00,3.8,976.7,18,219,51
2011-03-02 01:00:00,4.2,973.5,13,262,66
2011-03-02 02:00:00,7,973,14,275,58
2011-03-02 03:00:00,5.1,976.5,16,232,57
2011-03-02 04:00:00,4.4,980.7,15,279,60
2011-03-02 05:00:00,7.9,973.6,20,198,65
2011-03-02 06:00:00,8.2,971.2,14,223,67
2011-03-02 07:00:00,5.7,970.8,14,241,59
2011-03-02 08:00:00,7,980.1,22,225,64
2011-03-02 09:00:00,7.2,972.4,14,201,59
2011-03-02 10:00:00,4,975.5,20,240,67
2011-03-02 11:00:00,5.8,971.9,17,126,74
2011-03-02 13:00:00,1.3,975.4,21,145,51
2011-03-02 14:00:00,1.7,977.9,8,152,70
2011-03-02 15:00:00,3,972.1,14,94,54
2011-03-02 16:00:00,2.3,975.5,16,33,63
2011-03-02 17:00:00,0.7,975,7,84,66
2011-03-02 18:00:00,-0.2,971.4,13,81,84
2011-03-02 19:00:00,1,979.4,16,145,64
2011-03-02 20:00:00,-0.5,971.7,15,125,73
2011-03-02 21:00:00,1.2,976.2,16,119,59
2011-03-02 22:00:00,0.7,977.1,23,157,64
2011-03-03 00:00:00,4.9,977,12,208,47
2011-03-03 01:00:00,6.7,976.3,10,254,65
2011-03-03 02:00:00,7.8,976.5,22,216,73
2011-03-03 03:00:00,6.2,974.9,13,259,65
2011-03-03 04:00:00,4.5,976.6,13,259,63
2011-03-03 05:00:00,4.2,974.2,12,231,59
2011-03-03 06:00:00,6.9,981.7,19,306,63
2011-03-03 08:00:00,9.2,971,13,179,47
2011-03-03 09:00:00,7.4,975.6,16,246,62
2011-03-03 10:00:00,5.3,970.1,25,251,61
2011-03-03 11:00:00,4.3,976.4,13,199,58
2011-03-03 12:00:00,4.1,972.6,20,92,52
2011-03-03 13:00:00,1.1,977.7,21,128,57
2011-03-03 14:00:00,5.9,975,11,118,70
2011-03-03 15:00:00,1.6,975.1,18,113,58
2011-03-03 16:00:00,1.1,975.6,8,141,65
2011-03-03 17:00:00,1.4,976.7,18,99,60
2011-03-03 18:00:00,-0.3,981.5,24,75,73
2011-03-03 19:00:00,0.9,972.9,19,82,69
2011-03-03 20:00:00,-0.1,974.5,20,99,60
2011-03-03 21:00:00,0.8,973,6,134,53
2011-03-03 22:00:00,3.9,975.8,18,193,49
2011-03-04 00:00:00,4.3,976,15,221,68
2011-03-04 01:00:00,6,970.2,20,200,62
2011-03-04 02:00:00,5.3,978,21,248,65
2011-03-04 03:00:00,7.5,975.4,18,262,71
2011-03-04 04:00:00,9,975.4,14,252,55
2011-03-04 05:00:00,12.6,975.6,20,275,73
2011-03-04 06:00:00,9.1,974.3,11,233,68
2011-03-04 07:00:00,7.7,972.4,23,271,48
2011-03-04 08:00:00,4.7,975.5,16,245,62
2011-03-04 09:00:00,8.2,977.1,15,250,50
2011-03-04 10:00:00,2.6,976.4,25,233,54
2011-03-04 11:00:00,2.7,976.2,22,178,66
2011-03-04 12:00:00,4.3,974.6,25,177,72
2011-03-04 13:00:00,2.4,979,13,148,67
2011-03-04 14:00:00,2,984,23,124,71
2011-03-04 15:00:00,4.1,978.3,18,135,58
2011-03-04 16:00:00,-0.1,976.1,10,96,54
2011-03-04 17:00:00,-3.1,978,17,39,58
2011-03-04 18:00:00,-0.2,978.5,20,112,72
2011-03-04 19:00:00,-4.3,973.4,16,87,69
2011-03-04 20:00:00,-0.6,971.8,16,122,63
2011-03-04 21:00:00,2.9,974.8,13,149,70
2011-03-04 22:00:00,1.4,972.9,6,183,58
2011-03-04 23:00:00,4.1,974.9,22,115,81
2011-03-05 00:00:00,3.4,973.7,11,228,54
2011-03-05 01:00:00,4.1,974.2,20,230,53
2011-03-05 02:00:00,7,977,16,261,70
2011-03-05 03:00:00,7.8,976,15,255,55
2011-03-05 04:00:00,8.4,970.5,14,281,55
2011-03-05 05:00:00,8.9,973.6,14,246,63
2011-03-05 06:00:00,8.6,975.9,17,254,60
2011-03-05 07:00:00,8.3,977.5,15,234,56
2011-03-05 08:00:00,10.5,974.7,14,270,63
2011-03-05 09:00:00,6.9,972.5,11,251,63
2011-03-05 10:00:00,8.3,968.7,19,190,57
2011-03-05 11:00:00,4.3,979.4,19,161,69
2011-03-05 12:00:00,1.7,972.5,13,165,59
2011-03-05 13:00:00,4.5,975.1,16,179,58
2011-03-05 14:00:00,5.1,972.3,18,90,72
2011-03-05 15:00:00,1.1,972.9,17,108,66
2011-03-05 16:00:00,3.1,975.8,22,111,47
2011-03-05 17:00:00,0.5,974.3,23,74,67
2011-03-05 18:00:00,-1.4,966.7,22,119,59
2011-03-05 19:00:00,1.7,974.3,16,107,55
2011-03-05 20:00:00,2,978.4,17,76,78
2011-03-05 21:00:00,2.2,973.5,14,147,61
2011-03-05 22:00:00,-0.2,972.4,27,115,54
2011-03-05 23:00:00,3.7,976.5,15,170,59
2011-03-06 00:00:00,6.2,972.3,19,214,54
2011-03-06 01:00:00,4.3,968.6,23,225,68
2011-03-06 02:00:00,6.1,978.1,23,236,70
2011-03-06 03:00:00,7.1,971,23,306,80
2011-03-06 04:00:00,10.7,980.8,12,237,47
2011-03-06 05:00:00,8.5,977.1,15,308,58
2011-03-06 06:00:00,10.2,974.8,12,253,65
2011-03-06 07:00:00,9.4,975.9,23,266,65
2011-03-06 08:00:00,9.4,976.6,17,256,70
2011-03-06 09:00:00,3.8,975.1,16,193,56
2011-03-06 10:00:00,7.3,972.1,11,212,51
2011-03-06 11:00:00,6.1,974,18,154,56
2011-03-06 12:00:00,3,976.2,18,104,54
2011-03-06 13:00:00,5,979.7,30,113,56
2011-03-06 14:00:00,5.3,975.5,21,115,64
2011-03-06 15:00:00,2.9,975.5,15,67,58
2011-03-06 16:00:00,-0.3,971.6,12,126,54
2011-03-06 17:00:00,1.3,973.4,21,93,68
2011-03-06 18:00:00,1.9,975.6,14,79,43
2011-03-06 19:00:00,-1.4,976,14,141,59
2011-03-06 20:00:00,-1,976.6,23,112,50
2011-03-06 21:00:00,0.4,978.6,10,140,54
2011-03-06 22:00:00,0,971.8,15,148,60
2011-03-06 23:00:00,5,980.2,19,141,61
2011-03-07 00:00:00,2.3,979.2,10,184,56
2011-03-07 01:00:00,5.3,969.5,14,236,54
2011-03-07 02:00:00,7.6,975.2,18,216,62
2011-03-07 03:00:00,10.5,975.1,17,219,46
2011-03-07 04:00:00,9,973.9,18,290,63
2011-03-07 05:00:00,8.9,975.6,17,246,61
2011-03-07 06:00:00,11.5,976.9,15,281,65
2011-03-07 07:00:00,9,979.9,15,250,48
2011-03-07 08:00:00,8,976,14,210,57
2011-03-07 09:00:00,6.1,974.3,18,208,55
2011-03-07 10:00:00,5.7,975.9,16,190,60
2011-03-07 11:00:00,7.4,975.6,15,204,65
2011-03-07 12:00:00,7.1,969.5,34,114,58
2011-03-07 13:00:00,4.9,975.3,15,153,80
2011-03-07 14:00:00,-1,975.4,21,129,66
2011-03-07 15:00:00,4.8,972,14,78,65
2011-03-07 16:00:00,0.9,973.3,19,108,69
2011-03-07 17:00:00,0.2,977.7,11,84,57
2011-03-07 18:00:00,4.5,973.3,12,65,69
2011-03-07 19:00:00,-0.5,972.1,10,84,56
2011-03-07 20:00:00,1.4,974.7,16,98,65
2011-03-07 21:00:00,1.8,974,19,178,68
2011-03-07 22:00:00,0.1,971.5,15,164,63
2011-03-07 23:00:00,3.4,975.4,17,213,59
2011-03-08 00:00:00,5.7,977.3,10,212,55
2011-03-08 01:00:00,8.4,974.2,18,199,54
2011-03-08 02:00:00,6.6,973.6,21,229,53
2011-03-08 03:00:00,5.9,973.7,15,236,54
2011-03-08 05:00:00,8.5,972.2,25,6,72
2011-03-08 06:00:00,8.3,978.2,13,291,64
2011-03-08 07:00:00,8.2,968.6,18,280,60
2011-03-08 08:00:00,6.2,966.8,22,225,53
2011-03-08 09:00:00,8.4,972.3,21,251,44
2011-03-08 10:00:00,5,971.7,14,150,58
2011-03-08 11:00:00,7.8,973.9,15,180,64
2011-03-08 12:00:00,5.4,972.7,19,157,65
2011-03-08 13:00:00,6.5,973.6,23,103,54
2011-03-08 14:00:00,1.1,974.5,15,155,58
2011-03-08 15:00:00,1.7,977.7,20,95,63
2011-03-08 16:00:00,0.2,975.9,4,101,61
2011-03-08 17:00:00,-0.1,973.4,11,52,50
2011-03-08 18:00:00,2.1,973.6,20,133,77
2011-03-08 19:00:00,0.7,976.1,22,131,63
2011-03-08 20:00:00,0.1,970.8,13,114,44
2011-03-08 21:00:00,1.9,971.3,10,120,58
2011-03-08 22:00:00,3.5,975.3,11,119,57
2011-03-08 23:00:00,6.9,971.1,9,190,49
2011-03-09 00:00:00,6.2,974.6,21,176,65
2011-03-09 01:00:00,6.5,973.1,14,268,68
2011-03-09 02:00:00,5,976.4,14,291,46
2011-03-09 03:00:00,5.2,974.5,16,211,50
2011-03-09 04:00:00,6.9,976.6,16,278,63
2011-03-09 05:00:00,10.8,974.3,14,288,61
2011-03-09 06:00:00,8.7,976.4,18,330,56
2011-03-09 07:00:00,8.9,976.4,10,302,58
2011-03-09 08:00:00,10,978.6,15,221,54
2011-03-09 09:00:00,9.4,973.3,9,259,64
2011-03-09 10:00:00,9.7,968.9,17,173,63
2011-03-09 11:00:00,7.6,981.7,30,197,58
2011-03-09 12:00:00,6.5,977.4,12,201,57
2011-03-09 13:00:00,4.8,976.6,10,111,66
2011-03-09 14:00:00,5.8,975.2,18,108,61
2011-03-09 15:00:00,2.1,972.2,16,113,54
2011-03-09 16:00:00,0.4,975.8,13,82,71
2011-03-09 17:00:00,3.5,970,19,36,72
2011-03-09 18:00:00,2.3,973,21,53,53
2011-03-09 19:00:00,1.1,974.1,4,89,44
2011-03-09 20:00:00,-0.5,977.6,13,88,56
2011-03-09 21:00:00,3.8,974.6,14,117,62
2011-03-09 22:00:00,2.9,976.8,18,200,54
2011-03-09 23:00:00,4.4,976.9,15,174,63
2011-03-10 00:00:00,6.2,975.6,12,186,73
2011-03-10 01:00:00,5.6,977.2,12,251,63
2011-03-10 02:00:00,8.1,979.2,19,252,59
2011-03-10 03:00:00,7.3,976.1,14,240,47
2011-03-10 04:00:00,9.1,980.9,14,269,52
2011-03-10 05:00:00,12.4,973.3,21,311,40
2011-03-10 06:00:00,9.7,976.7,15,297,56
2011-03-10 07:00:00,9.7,978.3,16,295,57
2011-03-10 08:00:00,5.8,977.1,25,246,61
2011-03-10 09:00:00,9.4,974.4,19,244,73
2011-03-10 10:00:00,9.4,968.6,20,161,77
2011-03-10 11:00:00,5.6,976,14,147,66
2011-03-10 12:00:00,8.9,972.4,15,69,57
2011-03-10 13:00:00,3.5,976.2,2,137,52
2011-03-10 14:00:00,5.3,978.6,17,136,56
2011-03-10 15:00:00,3.5,974.7,21,117,74
2011-03-10 16:00:00,2.2,976.6,13,105,68
2011-03-10 17:00:00,3.2,969.6,11,115,63
2011-03-10 18:00:00,2.9,976.2,15,77,75
2011-03-10 19:00:00,-0.2,977.8,8,134,56
2011-03-10 20:00:00,2.1,970,9,135,67
2011-03-10 21:00:00,2.3,977.1,21,164,65
2011-03-10 22:00:00,6.3,973.9,18,208,49
2011-03-10 23:00:00,5.5,974.3,17,217,71
2011-03-11 00:00:00,7.3,976.4,10,182,61
2011-03-11 01:00:00,7.5,974.7,15,217,63
2011-03-11 02:00:00,7.9,972.5,13,265,79
2011-03-11 03:00:00,8.5,974.5,6,225,55
2011-03-11 04:00:00,10.8,976.7,13,264,68
2011-03-11 05:00:00,6.3,971.3,12,281,68
2011-03-11 06:00:00,4.6,972.4,17,250,59
2011-03-11 07:00:00,10.7,973.4,19,234,56
2011-03-11 08:00:00,7.2,974.3,19,221,47
2011-03-11 09:00:00,7.4,974.9,9,226,66
2011-03-11 10:00:00,6.1,972.7,11,250,74
2011-03-11 11:00:00,8.2,975.1,11,191,57
2011-03-11 12:00:00,7,978.1,13,180,64
2011-03-11 13:00:00,3.5,980.5,27,204,54
2011-03-11 14:00:00,4.2,971.4,13,104,68
2011-03-11 15:00:00,5.3,975.9,18,128,68
2011-03-11 16:00:00,0.3,977.6,26,104,75
2011-03-11 17:00:00,2.5,974.9,16,83,70
2011-03-11 18:00:00,-0.6,974.5,16,118,55
2011-03-11 19:00:00,1.8,977.4,13,153,63
2011-03-11 20:00:00,2.7,975.7,14,92,55
2011-03-11 21:00:00,3.8,970.8,18,124,54
2011-03-11 22:00:00,3,977.7,17,134,69
2011-03-11 23:00:00,5.2,974.4,15,175,75
2011-03-12 00:00:00,7.4,975,16,220,61
2011-03-12 01:00:00,6,974.8,15,244,60
2011-03-12 02:00:00,9.2,969.3,16,274,54
2011-03-12 03:00:00,6.3,973.7,23,311,57
2011-03-12 04:00:00,13,978.3,8,247,58
2011-03-12 05:00:00,10.9,977.2,15,256,55
2011-03-12 06:00:00,12.4,977.8,16,292,65
2011-03-12 07:00:00,9.7,972.8,13,267,54
2011-03-12 08:00:00,9.9,970.7,14,250,62
2011-03-12 09:00:00,7.3,975.7,15,165,48
2011-03-12 10:00:00,8.4,978.4,7,170,52
2011-03-12 11:00:00,7.9,972.4,14,189,63
2011-03-12 12:00:00,3.1,973.3,15,115,63
2011-03-12 13:00:00,2.2,974.5,18,188,59
2011-03-12 15:00:00,4.5,970.6,18,67,54
2011-03-12 16:00:00,3,969.6,15,146,64
2011-03-12 17:00:00,1.4,976.2,18,118,61
2011-03-12 18:00:00,1.4,976.8,17,120,57
2011-03-12 19:00:00,4,976.9,11,120,47
2011-03-12 20:00:00,1.7,971.9,19,130,60
2011-03-12 21:00:00,2.3,973.7,14,166,67
2011-03-12 22:00:00,2.9,976.3,15,159,56
2011-03-12 23:00:00,3.7,976.4,10,215,54
2011-03-13 00:00:00,5.5,971.9,10,182,59
2011-03-13 01:00:00,4.9,973.3,21,189,52
2011-03-13 02:00:00,7.7,969.6,8,213,42
2011-03-13 03:00:00,6.2,972,22,232,51
2011-03-13 04:00:00,8.8,979.5,20,276,64
2011-03-13 05:00:00,6.9,974.7,11,255,62
2011-03-13 06:00:00,11,977.1,6,222,60
2011-03-13 07:00:00,11.7,971.2,22,229,67
2011-03-13 08:00:00,9.6,974.2,17,280,57
2011-03-13 09:00:00,10.1,974.5,12,253,69
2011-03-13 10:00:00,9.8,974.2,17,148,74
2011-03-13 11:00:00,3.8,976.5,12,146,55
2011-03-13 12:00:00,7.3,974,9,123,56
2011-03-13 13:00:00,5.8,977.7,16,154,53
2011-03-13 14:00:00,1.3,974.1,4,142,58
2011-03-13 15:00:00,1.9,972.5,12,114,54
2011-03-13 16:00:00,2.9,971.3,17,96,65
2011-03-13 17:00:00,2.1,974.4,15,70,47
2011-03-13 18:00:00,1.8,977.2,10,148,53
2011-03-13 19:00:00,3.3,971.9,17,72,58
2011-03-13 20:00:00,0.1,976.3,17,118,47
2011-03-13 21:00:00,1.7,977.7,20,128,60
2011-03-13 22:00:00,0.7,973.4,16,172,50
2011-03-13 23:00:00,4.4,975,19,209,55
2011-03-14 00:00:00,7.7,976.1,16,179,55
2011-03-14 01:00:00,6.3,968.3,12,214,69
2011-03-14 02:00:00,9.1,975.4,18,300,59
2011-03-14 03:00:00,8.5,976.9,11,239,60
2011-03-14 04:00:00,11.7,975.3,7,264,63
2011-03-14 05:00:00,9.3,974.3,17,218,48
2011-03-14 06:00:00,8.2,975.9,14,304,70
2011-03-14 07:00:00,9.3,974.6,19,305,67
2011-03-14 08:00:00,6.6,976.9,3,179,64
2011-03-14 09:00:00,7.7,979.7,16,285,55
2011-03-14 10:00:00,8.1,978,24,159,55
2011-03-14 11:00:00,8.8,976,24,147,65
2011-03-14 12:00:00,5.2,973.8,13,216,48
2011-03-14 13:00:00,6.8,975,9,124,67
2011-03-14 14:00:00,6.3,973,11,109,68
2011-03-14 15:00:00,2.2,974.7,14,112,72
2011-03-14 16:00:00,4,971.4,16,87,62
2011-03-14 17:00:00,1.2,976.8,22,167,51
2011-03-14 18:00:00,0.7,978.6,15,109,59
2011-03-14 19:00:00,3.3,978.1,16,94,58
2011-03-14 20:00:00,3,973.5,15,96,38
2011-03-14 21:00:00,5.6,974,18,159,70
2011-03-14 22:00:00,7.4,974.8,18,197,49
2011-03-14 23:00:00,6,970.9,3,155,59
2011-03-15 00:00:00,3.4,975.7,14,175,54
2011-03-15 01:00:00,6.7,973.8,17,211,60
2011-03-15 02:00:00,7.3,974.9,20,242,50
2011-03-15 03:00:00,8.5,974.5,12,247,65
2011-03-15 04:00:00,8.7,979.4,14,236,60
2011-03-15 05:00:00,11.3,976.8,18,278,67
2011-03-15 06:00:00,9,976.6,15,302,59
2011-03-15 07:00:00,9.2,977.9,18,261,32
2011-03-15 08:00:00,9,973.2,23,238,66
2011-03-15 09:00:00,12.1,973.6,13,182,57
2011-03-15 10:00:00,7.6,977,13,199,65
2011-03-15 12:00:00,5,977.5,16,132,63
2011-03-15 13:00:00,5.4,976.5,24,136,49
2011-03-15 14:00:00,5.3,974.2,12,104,41
2011-03-15 15:00:00,3,976,18,81,53
2011-03-15 16:00:00,2.9,977.6,11,80,52
2011-03-15 17:00:00,2.1,967.7,16,100,37
2011-03-15 18:00:00,3.5,972.7,10,61,61
2011-03-15 19:00:00,2.8,971.1,10,58,61
2011-03-15 20:00:00,0.4,975.6,24,130,50
2011-03-15 21:00:00,4.2,974.5,20,107,61
2011-03-15 22:00:00,5.3,976,22,166,55
2011-03-15 23:00:00,6.8,972.1,8,170,74
2011-03-16 00:00:00,6.7,971,20,264,58
2011-03-16 01:00:00,8.6,972.1,16,226,53
2011-03-16 02:00:00,7,974.8,18,294,52
2011-03-16 03:00:00,8.8,976.5,11,274,55
2011-03-16 04:00:00,11.6,977,14,286,59
2011-03-16 05:00:00,10.5,976.9,10,239,65
2011-03-16 06:00:00,10.9,976.1,21,306,56
2011-03-16 07:00:00,8.3,976.6,12,265,51
2011-03-16 08:00:00,10.3,971.5,15,220,62
2011-03-16 09:00:00,8.8,974,11,234,57
2011-03-16 10:00:00,7,971,16,215,62
2011-03-16 11:00:00,9.6,974.1,16,176,54
2011-03-16 12:00:00,9.7,974.8,23,113,56
2011-03-16 13:00:00,5.9,972.2,14,139,51
2011-03-16 14:00:00,4.7,970.6,15,128,48
2011-03-16 15:00:00,0.8,975.2,8,49,52
2011-03-16 16:00:00,2.7,974.4,18,52,75
2011-03-16 17:00:00,1.9,970,19,91,58
2011-03-16 18:00:00,0.4,970,13,62,52
2011-03-16 19:00:00,3.3,972.6,17,125,59
2011-03-16 20:00:00,3.6,975.6,15,176,56
2011-03-16 21:00:00,3.1,972.5,21,117,60
2011-03-16 22:00:00,4.2,975.7,19,141,60
2011-03-16 23:00:00,7.1,975.3,14,165,58
2011-03-17 00:00:00,8.3,974.7,5,159,66
2011-03-17 01:00:00,8.7,975,7,184,70
2011-03-17 02:00:00,8.5,977.6,19,288,55
2011-03-17 03:00:00,10.7,977.1,17,274,55
2011-03-17 04:00:00,8.7,971,24,298,58
2011-03-17 05:00:00,10.1,974,11,311,59
2011-03-17 06:00:00,10.6,978.9,24,196,61
2011-03-17 07:00:00,10.2,973.5,21,259,54
2011-03-17 08:00:00,10,972.5,18,254,55
2011-03-17 09:00:00,10.3,980.8,16,237,56
2011-03-17 10:00:00,4.8,982.5,13,200,65
2011-03-17 11:00:00,9,977.9,10,175,58
2011-03-17 12:00:00,5.8,971.1,20,125,72
2011-03-17 13:00:00,4.9,973.8,7,102,54
2011-03-17 14:00:00,5.7,973.3,11,79,64
2011-03-17 15:00:00,5.1,968.4,16,126,58
2011-03-17 16:00:00,4.8,971,15,124,64
2011-03-17 17:00:00,4.3,977.3,13,154,48
2011-03-17 18:00:00,3.3,984.2,12,140,63
2011-03-17 19:00:00,3.5,977.4,14,79,60
2011-03-17 20:00:00,3.2,971.3,11,144,64
2011-03-17 21:00:00,5.1,973.1,11,118,56
2011-03-17 22:00:00,5.9,975.6,12,148,49
2011-03-17 23:00:00,5.4,974.7,18,162,67
2011-03-18 00:00:00,8.7,969.7,10,163,62
2011-03-18 01:00:00,7.5,973,17,244,53
2011-03-18 02:00:00,12.3,977.8,15,272,56
2011-03-18 03:00:00,9.1,968.2,16,303,61
2011-03-18 04:00:00,13,973.1,14,309,54
2011-03-18 05:00:00,13.7,973,17,252,63
2011-03-18 06:00:00,12.2,975.9,22,248,57
2011-03-18 07:00:00,13.5,973.1,8,310,51
2011-03-18 08:00:00,11.5,975.4,20,229,51
2011-03-18 09:00:00,8.6,974,12,230,55
2011-03-18 10:00:00,9.9,972.4,16,194,58
2011-03-18 11:00:00,5.1,978.3,13,236,62
2011-03-18 12:00:00,5.8,977.8,12,111,70
2011-03-18 13:00:00,6.4,976.5,15,135,53
2011-03-18 14:00:00,6.3,979.6,17,207,61
2011-03-18 15:00:00,5.8,979.4,9,88,55
2011-03-18 16:00:00,4.9,978.8,24,78,61
2011-03-18 17:00:00,2.7,975.6,16,33,45
2011-03-18 18:00:00,2.2,976.6,10,83,49
2011-03-18 19:00:00,4.2,980.7,19,124,40
2011-03-18 20:00:00,4.5,976.8,18,99,63
2011-03-18 21:00:00,3.3,981.4,17,151,59
2011-03-18 22:00:00,4.9,976.6,12,209,65
2011-03-18 23:00:00,5.7,978.3,8,145,60
2011-03-19 00:00:00,9.3,981.4,9,171,54
2011-03-19 01:00:00,7.9,974.2,16,265,53
2011-03-19 02:00:00,9,976.1,13,290,52
2011-03-19 03:00:00,10,975.7,17,206,69
2011-03-19 04:00:00,10.5,976.8,18,330,60
2011-03-19 05:00:00,9.4,976.2,9,233,67
2011-03-19 06:00:00,12.2,972.9,26,290,62
2011-03-19 07:00:00,11.2,972.9,15,215,68
2011-03-19 08:00:00,10.7,971.8,19,200,48
2011-03-19 09:00:00,9.8,969.4,4,218,54
2011-03-19 10:00:00,9,978.5,19,208,58
2011-03-19 11:00:00,6.2,973.8,12,164,50
2011-03-19 12:00:00,6.4,976,18,156,59
2011-03-19 13:00:00,5.2,977.1,11,179,69
2011-03-19 14:00:00,4.9,971,20,139,61
2011-03-19 15:00:00,2.5,979.8,19,139,50
2011-03-19 16:00:00,4.5,977.8,17,72,60
2011-03-19 17:00:00,3.2,978.3,18,152,55
2011-03-19 18:00:00,4.2,978,19,48,42
2011-03-19 19:00:00,1.3,973.4,11,53,62
2011-03-19 20:00:00,4.2,976.5,18,143,57
2011-03-19 21:00:00,4.6,975.9,17,75,56
2011-03-19 22:00:00,5,982.6,13,141,51
2011-03-19 23:00:00,7.1,975.4,28,213,59
2011-03-20 00:00:00,9.1,977.1,12,192,60
2011-03-20 01:00:00,8,976.2,19,243,60
2011-03-20 02:00:00,12.6,980.4,18,210,56
2011-03-20 03:00:00,9.5,975.4,9,283,59
2011-03-20 04:00:00,11.6,980.3,15,241,49
2011-03-20 05:00:00,10.7,980.3,18,288,63
2011-03-20 06:00:00,10.5,975.7,13,231,54
2011-03-20 07:00:00,10.6,975.2,20,229,65
2011-03-20 08:00:00,12.7,972.6,7,245,59
2011-03-20 09:00:00,7.1,975.8,19,223,61
2011-03-20 10:00:00,9.4,976.7,16,180,63
2011-03-20 11:00:00,7.6,976,15,179,49
2011-03-20 12:00:00,8.5,978.1,13,136,53
2011-03-20 13:00:00,6.2,973.4,23,123,47
2011-03-20 14:00:00,3.5,981.2,17,164,56
2011-03-20 15:00:00,3.1,974.7,13,116,39
2011-03-20 16:00:00,4.2,975.1,8,90,50
2011-03-20 17:00:00,4.8,977.9,15,43,47
2011-03-20 18:00:00,3.2,974.1,14,119,46
2011-03-20 19:00:00,3.1,972.9,13,107,53
2011-03-20 20:00:00,2.1,976.6,5,145,54
2011-03-20 21:00:00,4.9,973.7,14,129,59
2011-03-20 22:00:00,3.3,976.5,15,125,38
2011-03-20 23:00:00,6.4,976.2,18,214,42
2011-03-21 00:00:00,10.7,975.7,13,173,61
2011-03-21 01:00:00,6,979.2,15,303,50
2011-03-21 02:00:00,9.4,973.6,15,270,55
2011-03-21 03:00:00,11.7,980.3,12,282,76
2011-03-21 04:00:00,11.2,980.9,15,281,54
2011-03-21 05:00:00,13.4,974.5,15,291,55
2011-03-21 06:00:00,10.9,976.3,18,306,56
2011-03-21 08:00:00,9.7,975.9,13,279,59
2011-03-21 09:00:00,11.7,972.3,15,190,53
2011-03-21 10:00:00,8.2,973.5,15,209,65
2011-03-21 11:00:00,8.6,978.2,11,129,66
2011-03-21 12:00:00,10.4,971.8,13,135,49
2011-03-21 13:00:00,7.4,974.8,15,136,56
2011-03-21 14:00:00,3.2,971.9,23,79,55
2011-03-21 15:00:00,3.4,974.5,18,125,59
2011-03-21 16:00:00,4,976.2,11,128,46
2011-03-21 17:00:00,3.9,973.1,7,84,69
2011-03-21 18:00:00,6.7,975.8,17,117,49
2011-03-21 19:00:00,7.6,973.7,14,107,49
2011-03-21 20:00:00,4.7,972.8,14,101,60
2011-03-21 21:00:00,4.4,974.6,18,128,47
2011-03-21 22:00:00,5.2,982.8,10,109,45
2011-03-21 23:00:00,7.5,977.8,6,180,64
2011-03-22 00:00:00,5.7,970.1,19,153,55
2011-03-22 01:00:00,10.9,974.5,22,243,74
2011-03-22 02:00:00,9.1,979.9,14,227,63
2011-03-22 03:00:00,8.9,978.2,20,258,51
2011-03-22 04:00:00,11.3,977.4,9,263,65
2011-03-22 05:00:00,14,975.4,17,283,65
2011-03-22 06:00:00,12.1,977.8,6,303,48
2011-03-22 07:00:00,11,971.5,19,249,62
2011-03-22 08:00:00,10.5,972.5,11,206,56
2011-03-22 09:00:00,10,973.2,15,158,48
2011-03-22 10:00:00,11.6,974.1,18,144,59
2011-03-22 11:00:00,11.9,970.6,22,199,46
2011-03-22 12:00:00,5.6,972.4,18,143,42
2011-03-22 13:00:00,3.8,979.2,15,98,51
2011-03-22 14:00:00,6.7,974,13,108,43
2011-03-22 15:00:00,4.7,973.5,13,93,48
2011-03-22 16:00:00,5.2,975.7,15,110,66
2011-03-22 17:00:00,1.3,976.5,19,104,57
2011-03-22 18:00:00,5.7,978.7,12,82,77
2011-03-22 19:00:00,2.8,973,14,127,69
2011-03-22 20:00:00,2.6,970.9,15,130,53
2011-03-22 21:00:00,6.1,974.5,15,146,45
2011-03-22 22:00:00,3.8,975.2,4,152,48
2011-03-22 23:00:00,9.9,976,18,191,60
2011-03-23 00:00:00,9.6,972.4,13,219,57
2011-03-23 01:00:00,8.2,980.4,16,242,55
2011-03-23 02:00:00,12.2,975.5,12,238,57
2011-03-23 03:00:00,10.9,982.5,10,194,69
2011-03-23 04:00:00,11,974.2,4,265,68
2011-03-23 05:00:00,7.7,982.7,8,275,52
2011-03-23 06:00:00,10.6,978.3,12,274,47
2011-03-23 07:00:00,13.7,976,15,242,52
2011-03-23 08:00:00,11.3,972.7,7,257,61
2011-03-23 09:00:00,10.7,977.8,22,259,65
2011-03-23 10:00:00,8.3,974.6,14,271,60
2011-03-23 11:00:00,6.3,973.4,7,175,54
2011-03-23 12:00:00,10.3,979,11,120,53
2011-03-23 13:00:00,7.1,973,15,124,56
2011-03-23 14:00:00,8.6,973.3,14,141,41
2011-03-23 15:00:00,3.3,980.9,12,130,52
2011-03-23 16:00:00,4.7,978.6,17,57,53
2011-03-23 17:00:00,4.8,976.4,15,59,54
2011-03-23 18:00:00,5.8,977.8,5,110,42
2011-03-23 19:00:00,4.3,976,21,60,59
2011-03-23 20:00:00,3.9,973.9,12,143,53
2011-03-23 21:00:00,7.8,973.9,14,140,59
2011-03-23 22:00:00,4.6,978.2,14,170,50
2011-03-23 23:00:00,6.3,979,7,213,53
2011-03-24 00:00:00,6.2,979.2,6,200,71
2011-03-24 01:00:00,7.2,978.1,10,304,49
2011-03-24 02:00:00,11.1,976.5,15,236,68
2011-03-24 03:00:00,12.2,982.8,10,252,49
2011-03-24 04:00:00,10.6,971.2,26,207,67
2011-03-24 05:00:00,12.4,979.9,7,251,69
2011-03-24 06:00:00,11,975.9,13,228,62
2011-03-24 08:00:00,11.9,975.5,15,232,61
2011-03-24 09:00:00,11.2,975.1,16,224,73
2011-03-24 10:00:00,8.1,976.1,16,193,51
2011-03-24 11:00:00,12.2,971.7,14,154,62
2011-03-24 12:00:00,8.7,976.2,11,105,37
2011-03-24 13:00:00,6.6,976,18,51,44
2011-03-24 14:00:00,2.7,976.3,10,187,69
2011-03-24 16:00:00,4.3,970.8,14,113,62
2011-03-24 17:00:00,5.8,979.1,5,133,57
2011-03-24 18:00:00,5,978.6,12,118,59
2011-03-24 19:00:00,4.6,974.2,20,70,47
2011-03-24 20:00:00,6.1,976,14,109,53
2011-03-24 21:00:00,5.6,979.1,20,152,53
2011-03-24 22:00:00,4.9,979.7,13,207,59
2011-03-24 23:00:00,9.1,978.6,13,228,44
2011-03-25 00:00:00,6.1,975,14,173,55
2011-03-25 02:00:00,11.8,974.5,7,263,51
2011-03-25 03:00:00,12.7,983,15,293,45
2011-03-25 04:00:00,12.6,972.4,11,279,57
2011-03-25 05:00:00,13.2,976.2,9,286,63
2011-03-25 06:00:00,13.1,976.5,13,246,61
2011-03-25 07:00:00,15.2,974.3,6,240,64
2011-03-25 08:00:00,11.2,979.7,11,220,54
2011-03-25 09:00:00,12.6,975.6,20,263,47
2011-03-25 10:00:00,9.6,981.8,14,181,37
2011-03-25 11:00:00,9.2,978.9,15,180,47
2011-03-25 12:00:00,10.8,976.7,12,133,63
2011-03-25 13:00:00,7.4,983.1,16,140,61
2011-03-25 14:00:00,6.6,977.7,14,70,68
2011-03-25 15:00:00,9.6,972.6,10,84,46
2011-03-25 16:00:00,5.5,973.5,15,99,76
2011-03-25 17:00:00,6.3,974.3,20,114,64
2011-03-25 18:00:00,3.8,971.7,17,138,69
2011-03-25 19:00:00,3.9,984.6,23,145,39
2011-03-25 20:00:00,5.1,973.9,20,103,55
2011-03-25 21:00:00,6.4,981.5,7,112,57
2011-03-25 22:00:00,7.4,976.2,23,155,45
2011-03-25 23:00:00,6.6,979.9,5,190,51
2011-03-26 00:00:00,8.8,972.9,16,203,64
2011-03-26 01:00:00,13.4,979.2,15,212,63
2011-03-26 02:00:00,11.6,980.1,9,201,59
2011-03-26 03:00:00,15.3,982.4,16,309,53
2011-03-26 04:00:00,9.2,974.1,15,302,41
2011-03-26 05:00:00,13.3,974.2,15,222,30
2011-03-26 06:00:00,12.9,973.9,11,254,45
2011-03-26 07:00:00,12.5,979.8,15,246,45
2011-03-26 08:00:00,10,972.2,22,230,69
2011-03-26 09:00:00,9.1,974.3,14,271,50
2011-03-26 10:00:00,9.9,974.3,15,213,68
2011-03-26 11:00:00,9.8,976.7,11,117,62
2011-03-26 12:00:00,7.5,984.5,14,139,58
2011-03-26 13:00:00,6.7,969.6,14,148,50
2011-03-26 14:00:00,8.6,971.8,15,150,50
2011-03-26 15:00:00,6.5,974.5,7,100,32
2011-03-26 16:00:00,6.7,976.6,9,65,58
2011-03-26 17:00:00,4.5,979.3,15,83,54
2011-03-26 18:00:00,4,980.1,11,114,44
2011-03-26 19:00:00,4.2,973.5,8,162,49
2011-03-26 20:00:00,6.7,982.4,18,122,71
2011-03-26 21:00:00,6.4,979.9,23,151,67
2011-03-26 22:00:00,7.4,974.4,15,110,60
2011-03-26 23:00:00,8.5,985.9,22,135,55
2011-03-27 01:00:00,10.8,975.6,10,234,53
2011-03-27 02:00:00,12,979.1,11,263,53
2011-03-27 03:00:00,15.1,975.4,24,270,55
2011-03-27 04:00:00,9.6,972.2,14,298,51
2011-03-27 05:00:00,12.2,977.7,14,263,59
2011-03-27 06:00:00,12.8,975.2,15,285,50
2011-03-27 07:00:00,12.1,975.3,15,210,40
2011-03-27 08:00:00,12.4,984.6,10,216,59
2011-03-27 09:00:00,12.6,975.8,23,205,56
2011-03-27 10:00:00,12.2,975,6,235,58
2011-03-27 11:00:00,10.7,973.3,15,166,63
2011-03-27 12:00:00,7.8,978.2,9,181,56
2011-03-27 13:00:00,10.2,980.8,12,157,66
2011-03-27 14:00:00,8.2,980.2,8,91,44
2011-03-27 15:00:00,4.8,980.6,15,118,50
2011-03-27 16:00:00,6.1,981.6,0,145,63
2011-03-27 17:00:00,7.1,980.7,15,56,41
2011-03-27 18:00:00,4.9,980.6,16,39,60
2011-03-27 19:00:00,5.9,970.9,9,57,54
2011-03-27 20:00:00,8.4,978.1,15,108,41
2011-03-27 21:00:00,5.6,976.9,14,189,49
2011-03-27 22:00:00,7.1,980.5,17,159,60
2011-03-27 23:00:00,5.8,979.5,9,185,60
2011-03-28 00:00:00,10.7,975.6,20,175,55
2011-03-28 02:00:00,11.1,972.5,8,251,57
2011-03-28 03:00:00,12.8,977.1,26,289,58
2011-03-28 04:00:00,12.7,977.2,24,283,52
2011-03-28 05:00:00,9,975.2,15,233,56
2011-03-28 06:00:00,14.9,977.8,15,250,54
2011-03-28 07:00:00,13.7,969.2,13,209,48
2011-03-28 08:00:00,11.9,980.1,15,249,41
2011-03-28 09:00:00,12.8,976.1,14,198,52
2011-03-28 10:00:00,9.9,974.2,9,208,39
2011-03-28 11:00:00,13.2,977.9,15,175,57
2011-03-28 12:00:00,10.2,974.8,6,174,58
2011-03-28 13:00:00,5.3,981.4,13,112,58
2011-03-28 14:00:00,7.2,980.5,19,144,47
2011-03-28 15:00:00,8.7,976.2,17,82,54
2011-03-28 16:00:00,6.2,976.5,17,61,51
2011-03-28 17:00:00,2.4,970,14,43,50
2011-03-28 18:00:00,3.7,974,23,76,67
2011-03-28 19:00:00,5.7,970.6,7,174,56
2011-03-28 20:00:00,2.9,981.3,6,183,66
2011-03-28 21:00:00,8.5,975.7,18,162,67
2011-03-28 22:00:00,5.6,970.5,19,137,52
2011-03-28 23:00:00,6.5,974.1,12,197,62
2011-03-29 00:00:00,7.4,975.7,19,200,52
2011-03-29 01:00:00,12.1,981.7,13,238,53
2011-03-29 02:00:00,12.5,977.3,8,265,44
2011-03-29 03:00:00,11.9,973.6,21,239,53
2011-03-29 04:00:00,12.9,975.3,14,282,39
2011-03-29 05:00:00,15,975,18,212,50
2011-03-29 06:00:00,15.4,980,14,277,62
2011-03-29 07:00:00,12.8,978,8,209,52
2011-03-29 08:00:00,12.1,978.9,14,257,63
2011-03-29 09:00:00,13.4,975.9,6,207,50
2011-03-29 10:00:00,13.2,969.1,22,241,51
2011-03-29 11:00:00,11.3,971.6,8,148,57
2011-03-29 12:00:00,8.5,972.1,5,83,57
2011-03-29 13:00:00,6,974.6,11,154,65
2011-03-29 14:00:00,7.3,981.7,20,138,62
2011-03-29 15:00:00,4.3,971.5,14,103,47
2011-03-29 16:00:00,8.5,976.5,15,95,42
2011-03-29 17:00:00,3.4,978.4,10,95,53
2011-03-29 18:00:00,4,977,12,136,47
2011-03-29 19:00:00,6.3,974.7,12,127,55
2011-03-29 20:00:00,5.5,977.4,12,113,49
2011-03-29 21:00:00,3.9,975.4,14,146,51
2011-03-29 22:00:00,5.5,979,12,147,51
2011-03-29 23:00:00,8.4,978,18,196,42
2011-03-30 00:00:00,7.8,976.4,17,257,43
2011-03-30 01:00:00,9.8,981.3,15,225,50
2011-03-30 02:00:00,9.3,970.8,8,200,72
2011-03-30 03:00:00,13.4,971.6,9,236,44
2011-03-30 04:00:00,15.5,981.3,16,273,50
2011-03-30 05:00:00,14,977.6,20,312,63
2011-03-30 06:00:00,13.5,982.1,12,293,41
2011-03-30 07:00:00,13.2,976.2,10,278,60
2011-03-30 08:00:00,12.6,980.5,9,207,58
2011-03-30 09:00:00,14.5,977.4,9,205,44
2011-03-30 10:00:00,13.9,971.8,16,165,34
2011-03-30 12:00:00,12.1,983.4,15,119,51
2011-03-30 14:00:00,5.3,978.9,17,90,47
2011-03-30 15:00:00,4.7,979.6,18,145,41
2011-03-30 16:00:00,9.9,981.2,7,112,47
2011-03-30 17:00:00,6.3,966.8,17,135,63
2011-03-30 18:00:00,3.6,977.5,20,93,38
2011-03-30 19:00:00,6.2,975.6,16,89,43
2011-03-30 20:00:00,5.9,978.9,16,160,54
2011-03-30 21:00:00,9.4,972.2,15,151,59
2011-03-30 22:00:00,9,980.8,13,207,66
2011-03-30 23:00:00,7.2,975.3,10,236,51
2011-03-31 00:00:00,7.3,979.2,11,222,48
2011-03-31 01:00:00,13,974.2,16,238,51
2011-03-31 02:00:00,12.2,974.4,12,253,52
2011-03-31 03:00:00,13.2,974.8,6,265,53
2011-03-31 04:00:00,13.3,977.5,12,290,46
2011-03-31 05:00:00,13.9,974.7,17,305,54
2011-03-31 06:00:00,11.4,984.1,17,231,37
2011-03-31 07:00:00,12.4,977.8,13,247,69
2011-03-31 08:00:00,13.6,977.9,12,224,63
2011-03-31 09:00:00,12.9,981.5,11,188,59
2011-03-31 10:00:00,11.9,971.8,16,121,42
2011-03-31 11:00:00,8.3,973.1,7,187,47
2011-03-31 12:00:00,10.6,978.6,5,158,35
2011-03-31 13:00:00,8.4,977.8,14,134,59
2011-03-31 14:00:00,6.9,975.2,8,144,49
2011-03-31 15:00:00,7.6,975,6,141,49
2011-03-31 16:00:00,3.5,977.3,10,141,56
2011-03-31 17:00:00,4.3,979.6,12,48,52
2011-03-31 18:00:00,4.9,974.2,21,75,44
2011-03-31 20:00:00,5.8,979.8,23,122,51
2011-03-31 21:00:00,8.4,978.3,14,166,50
2011-03-31 23:00:00,11.2,980.7,10,152,60
2011-04-01 00:00:00,10.8,976.9,15,267,42
2011-04-01 01:00:00,11.7,970.2,14,221,64
2011-04-01 02:00:00,10.8,977.1,17,238,44
2011-04-01 03:00:00,12.5,982.9,7,301,48
2011-04-01 04:00:00,14,976.4,12,271,64
2011-04-01 05:00:00,16,976.6,19,253,58
2011-04-01 06:00:00,11.6,976.9,13,272,43
2011-04-01 07:00:00,16.7,978.8,21,277,50
2011-04-01 08:00:00,14.1,976.5,7,237,52
2011-04-01 09:00:00,14,971.5,11,205,52
2011-04-01 10:00:00,11.8,983.2,8,209,69
2011-04-01 11:00:00,13,984.8,4,195,59
2011-04-01 12:00:00,8.2,979.1,11,182,59
2011-04-01 13:00:00,9.5,975.9,12,176,40
2011-04-01 14:00:00,7.6,980.8,19,76,62
2011-04-01 15:00:00,8.2,976.6,16,91,59
2011-04-01 16:00:00,5,974.3,18,134,54
2011-04-01 17:00:00,7.6,976.6,14,99,57
2011-04-01 18:00:00,5.2,971.3,14,63,58
2011-04-01 19:00:00,6.9,973.7,13,144,40
2011-04-01 20:00:00,6.2,979.4,12,152,47
2011-04-01 21:00:00,7.2,973.3,18,137,37
2011-04-01 22:00:00,10.2,975.8,9,142,59
2011-04-01 23:00:00,8.4,985.9,9,146,47
2011-04-02 00:00:00,11.3,979.9,14,187,43
2011-04-02 01:00:00,11.9,970,18,245,47
2011-04-02 02:00:00,10,978.1,15,284,50
2011-04-02 03:00:00,16,972.5,21,263,48
2011-04-02 04:00:00,12.9,978.9,13,275,51
2011-04-02 05:00:00,11.8,974.6,13,296,57
2011-04-02 06:00:00,13.9,983,7,256,54
2011-04-02 07:00:00,11.7,978.2,20,285,57
2011-04-02 08:00:00,10.2,975.2,13,267,49
2011-04-02 09:00:00,12.6,973.9,7,229,65
2011-04-02 10:00:00,11.6,982.7,10,173,49
2011-04-02 11:00:00,9,973.7,15,191,76
2011-04-02 12:00:00,11.5,978.9,14,131,54
2011-04-02 14:00:00,6.1,969.5,5,109,61
2011-04-02 15:00:00,8.6,973.6,12,102,56
2011-04-02 16:00:00,7.1,968.5,13,128,48
2011-04-02 17:00:00,5.4,974.9,15,105,52
2011-04-02 18:00:00,6.9,979,3,56,35
2011-04-02 19:00:00,5.7,980.5,16,103,53
2011-04-02 20:00:00,8.9,975.4,14,134,39
2011-04-02 21:00:00,5.5,981.8,10,105,53
2011-04-02 22:00:00,7,978.6,16,188,49
2011-04-02 23:00:00,7.9,982.3,18,263,49
2011-04-03 00:00:00,12.2,976.9,19,176,57
2011-04-03 01:00:00,13.4,977.5,12,193,53
2011-04-03 02:00:00,9.9,977.6,10,273,67
2011-04-03 03:00:00,12.3,977.6,17,234,50
2011-04-03 04:00:00,13.8,981.9,11,248,38
2011-04-03 05:00:00,13,980.4,12,308,47
2011-04-03 06:00:00,16.5,983.2,10,216,35
2011-04-03 07:00:00,12.6,982.7,16,267,49
2011-04-03 08:00:00,11.2,972,10,259,56
2011-04-03 09:00:00,13.3,972.9,12,156,52
2011-04-03 10:00:00,11.4,980,18,154,57
2011-04-03 11:00:00,11.3,982.5,13,157,57
2011-04-03 12:00:00,9.3,980.2,20,109,42
2011-04-03 13:00:00,6.3,978,15,182,45
2011-04-03 14:00:00,9.3,971.8,16,99,70
2011-04-03 15:00:00,4.2,973.3,17,89,52
2011-04-03 16:00:00,6.5,984.9,9,79,57
2011-04-03 17:00:00,4.8,979,7,117,48
2011-04-03 18:00:00,7.1,979.1,15,156,40
2011-04-03 19:00:00,6.5,979,17,79,57
2011-04-03 20:00:00,5.4,977.6,10,142,49
2011-04-03 21:00:00,7,980.2,9,126,57
2011-04-03 22:00:00,9.4,974.9,3,141,46
2011-04-03 23:00:00,8.9,980.7,13,252,52
2011-04-04 00:00:00,11.6,975.6,23,247,47
2011-04-04 02:00:00,11.1,975.3,13,247,50
2011-04-04 03:00:00,14.1,979.2,13,238,44
2011-04-04 04:00:00,13.5,973.7,10,324,68
2011-04-04 05:00:00,15.7,982.6,8,249,40
2011-04-04 06:00:00,13.2,975.8,11,260,44
2011-04-04 07:00:00,12.1,976.7,7,233,49
2011-04-04 08:00:00,12.7,981.5,18,205,59
2011-04-04 09:00:00,14.8,982.6,8,219,53
2011-04-04 10:00:00,13.4,980.6,17,252,59
2011-04-04 11:00:00,10.6,974.2,5,185,51
2011-04-04 12:00:00,9.4,974.4,14,149,50
2011-04-04 13:00:00,11.1,970.6,11,179,47
2011-04-04 14:00:00,10.1,979,7,59,50
2011-04-04 15:00:00,9.3,981.8,12,40,45
2011-04-04 16:00:00,5.5,976.6,14,60,42
2011-04-04 17:00:00,6.1,970,6,87,57
2011-04-04 18:00:00,6.3,979,2,89,58
2011-04-04 19:00:00,6.7,978.8,20,81,68
2011-04-04 20:00:00,8.2,980.8,22,99,40
2011-04-04 21:00:00,8.7,979.2,14,117,50
2011-04-04 22:00:00,7,976.9,15,129,48
2011-04-04 23:00:00,9.9,988.4,5,154,47
2011-04-05 00:00:00,11.3,982.3,11,248,58
2011-04-05 01:00:00,9.9,984.8,9,167,45
2011-04-05 02:00:00,12.7,981.4,19,213,52
2011-04-05 03:00:00,12.7,977.9,20,258,67
2011-04-05 04:00:00,15.7,977.7,10,272,43
2011-04-05 05:00:00,13.5,973.9,1,256,57
2011-04-05 06:00:00,12.1,969.2,20,282,72
2011-04-05 07:00:00,11.4,982.7,5,226,49
2011-04-05 08:00:00,13.4,983.7,7,213,51
2011-04-05 09:00:00,12.3,980,10,188,50
2011-04-05 10:00:00,10.8,974.2,9,217,70
2011-04-05 11:00:00,11,976,3,172,34
2011-04-05 12:00:00,10.4,978.3,12,167,48
2011-04-05 13:00:00,8.7,975.6,13,102,48
2011-04-05 14:00:00,7.5,980.5,9,93,55
2011-04-05 15:00:00,5.6,975.4,13,72,59
2011-04-05 16:00:00,6.8,980.3,18,35,57
2011-04-05 17:00:00,7.1,978.1,21,80,39
2011-04-05 18:00:00,7.7,971.2,6,108,52
2011-04-05 19:00:00,6.8,976.9,12,91,55
2011-04-05 20:00:00,7.2,978.5,14,79,41
2011-04-05 21:00:00,9.4,975.7,12,124,53
2011-04-05 22:00:00,9.9,977.7,9,134,40
2011-04-05 23:00:00,10.1,980.5,12,201,54
2011-04-06 00:00:00,11.9,980.2,17,240,54
2011-04-06 01:00:00,13.6,983,7,194,50
2011-04-06 02:00:00,11.5,974.9,12,236,50
2011-04-06 03:00:00,11.9,974.4,8,213,48
2011-04-06 04:00:00,15.4,971.8,7,258,59
2011-04-06 05:00:00,15.6,976.7,9,307,53
2011-04-06 06:00:00,15,977,6,267,34
2011-04-06 07:00:00,15,976.9,12,233,56
2011-04-06 08:00:00,16.7,982.7,22,195,41
2011-04-06 09:00:00,14.8,974.6,15,179,57
2011-04-06 10:00:00,17.6,980.4,15,169,53
2011-04-06 11:00:00,10.7,976.9,15,186,52
2011-04-06 12:00:00,11,978.4,9,184,54
2011-04-06 13:00:00,11.1,979.9,22,124,46
2011-04-06 14:00:00,9,980.4,19,66,51
2011-04-06 15:00:00,7.1,974.2,17,100,44
2011-04-06 16:00:00,7.1,974.9,13,81,61
2011-04-06 17:00:00,5.1,973.8,7,115,45
2011-04-06 18:00:00,5.9,966.9,5,105,39
2011-04-06 19:00:00,6.1,978.7,9,90,48
2011-04-06 20:00:00,7,974.3,14,114,44
2011-04-06 21:00:00,8.3,973.5,10,127,50
2011-04-06 22:00:00,9.3,978.8,4,142,42
2011-04-06 23:00:00,10.9,978.8,17,237,50
2011-04-07 00:00:00,11.6,975.4,12,178,55
2011-04-07 01:00:00,13.6,977,10,236,42
2011-04-07 02:00:00,12.4,984.9,1,260,61
2011-04-07 03:00:00,14.6,982.2,10,277,48
2011-04-07 05:00:00,16.5,979,11,261,50
2011-04-07 06:00:00,15.9,976.6,15,297,57
2011-04-07 07:00:00,15,980.5,10,259,47
2011-04-07 08:00:00,12,972.6,15,233,62
2011-04-07 09:00:00,14.5,976.5,8,237,63
2011-04-07 10:00:00,15.5,978,19,270,49
2011-04-07 11:00:00,12.3,977,8,193,48
2011-04-07 12:00:00,11.8,977,9,123,62
2011-04-07 13:00:00,9.4,979.2,20,150,51
2011-04-07 14:00:00,8,980.7,10,111,39
2011-04-07 15:00:00,8.8,983.6,9,65,64
2011-04-07 17:00:00,5.7,973.6,12,68,54
2011-04-07 18:00:00,5.9,976.8,1,69,38
2011-04-07 19:00:00,6.1,976.8,8,127,56
2011-04-07 20:00:00,6.6,972.7,16,127,35
2011-04-07 21:00:00,9.5,978.1,11,167,51
2011-04-07 22:00:00,8.9,976.1,21,208,43
2011-04-07 23:00:00,10.3,979.9,11,178,48
2011-04-08 00:00:00,9,981.8,4,219,57
2011-04-08 01:00:00,13,983.7,10,263,49
2011-04-08 02:00:00,12.7,977.4,13,202,48
2011-04-08 03:00:00,13.7,976,3,284,51
2011-04-08 04:00:00,15,979.2,16,256,47
2011-04-08 05:00:00,15.2,975.8,9,287,68
2011-04-08 06:00:00,12.9,976.5,10,303,48
2011-04-08 07:00:00,14.4,981.1,10,272,40
2011-04-08 08:00:00,14.3,978.1,21,262,52
2011-04-08 09:00:00,14.9,982.9,13,230,48
2011-04-08 10:00:00,12,976.1,9,217,55
2011-04-08 11:00:00,13.1,974.1,3,189,39
2011-04-08 12:00:00,12.6,975.1,22,162,40
2011-04-08 13:00:00,10.3,981.1,21,180,61
2011-04-08 14:00:00,8.3,971.3,7,163,57
2011-04-08 15:00:00,7.8,974.8,11,84,56
2011-04-08 16:00:00,7.9,977.5,19,63,49
2011-04-08 17:00:00,5.8,984.3,15,100,72
2011-04-08 18:00:00,8.2,980.1,15,127,45
2011-04-08 19:00:00,7.5,979.6,14,92,68
2011-04-08 20:00:00,10.5,978.7,7,127,54
2011-04-08 21:00:00,6.7,976.2,16,172,27
2011-04-08 22:00:00,9.5,977.7,13,178,42
2011-04-08 23:00:00,11.4,972.4,6,182,40
2011-04-09 00:00:00,12.2,975.4,7,200,54
2011-04-09 01:00:00,11,988.6,12,254,38
2011-04-09 03:00:00,13,976.4,11,241,48
2011-04-09 04:00:00,13.9,978.7,7,222,41
2011-04-09 05:00:00,14.6,974.1,9,264,57
2011-04-09 06:00:00,14.6,977.1,15,218,43
2011-04-09 07:00:00,16.1,972,15,260,36
2011-04-09 08:00:00,15.6,977.3,15,251,58
2011-04-09 09:00:00,12.7,983.5,12,253,50
2011-04-09 10:00:00,13.3,976.9,12,201,56
2011-04-09 11:00:00,11.4,976.2,11,181,43
2011-04-09 12:00:00,13.1,975.5,14,142,59
2011-04-09 13:00:00,9.6,984.4,2,80,67
2011-04-09 14:00:00,9.5,983.5,7,85,59
2011-04-09 15:00:00,8.7,977.6,4,97,45
2011-04-09 16:00:00,7.8,980.5,5,98,51
2011-04-09 17:00:00,8.6,981.7,12,94,48
2011-04-09 18:00:00,10.1,983.3,12,73,58
2011-04-09 19:00:00,4.3,979.4,5,163,39
2011-04-09 20:00:00,6.8,983.4,12,101,44
2011-04-09 21:00:00,5.3,981.3,11,154,50
2011-04-09 22:00:00,10.1,972.6,4,171,43
2011-04-09 23:00:00,13.3,976.1,11,164,42
2011-04-10 00:00:00,13,980.8,17,219,56
2011-04-10 01:00:00,13.1,979.1,11,253,34
2011-04-10 02:00:00,11.2,980.7,9,256,51
2011-04-10 03:00:00,14.4,976.6,3,264,61
2011-04-10 04:00:00,14,974.6,12,298,66
2011-04-10 05:00:00,15.4,979.5,3,222,46
2011-04-10 06:00:00,15.7,981.5,12,275,50
2011-04-10 07:00:00,17.7,979.8,6,293,63
2011-04-10 08:00:00,14.5,976.8,15,242,48
2011-04-10 09:00:00,14,969.6,10,220,42
2011-04-10 10:00:00,11.1,980.9,9,186,60
2011-04-10 11:00:00,15,977.6,14,146,51
2011-04-10 12:00:00,13.8,979,17,151,46
2011-04-10 13:00:00,10.4,973.1,17,150,48
2011-04-10 14:00:00,10.2,981.4,15,137,59
2011-04-10 15:00:00,9.3,982.4,12,174,37
2011-04-10 16:00:00,8.9,980.2,11,106,52
2011-04-10 17:00:00,9.8,979.8,9,53,46
2011-04-10 18:00:00,8.7,979.6,17,98,53
2011-04-10 19:00:00,8.9,972.8,14,117,47
2011-04-10 20:00:00,6.8,971.1,12,135,43
2011-04-10 21:00:00,10.8,977.5,8,118,51
2011-04-10 22:00:00,7.6,979.9,11,110,53
2011-04-10 23:00:00,8.4,972.6,7,142,53
2011-04-11 00:00:00,10.2,986.7,7,243,47
2011-04-11 02:00:00,15.9,975.5,11,232,55
2011-04-11 03:00:00,16.5,973.7,8,289,44
2011-04-11 04:00:00,16,974,8,261,36
2011-04-11 05:00:00,16.8,982,6,239,45
2011-04-11 06:00:00,15,975.6,4,241,32
2011-04-11 07:00:00,13.8,981.4,11,266,51
2011-04-11 08:00:00,14.5,984.2,16,269,51
2011-04-11 09:00:00,14.2,982.5,9,223,41
2011-04-11 10:00:00,14.9,978.7,19,222,51
2011-04-11 11:00:00,12,981.3,15,216,54
2011-04-11 12:00:00,13.7,977.4,10,139,54
2011-04-11 13:00:00,10.8,971,9,161,50
2011-04-11 14:00:00,8.7,971.7,10,125,46
2011-04-11 15:00:00,10.5,976.3,14,93,52
2011-04-11 16:00:00,10.2,980.8,1,104,33
2011-04-11 17:00:00,6.3,977,6,78,43
2011-04-11 18:00:00,8.8,975.4,9,118,45
2011-04-11 19:00:00,7.7,985.1,4,116,49
2011-04-11 20:00:00,8.3,979.9,3,141,55
2011-04-11 21:00:00,10.9,975.1,6,190,34
2011-04-11 22:00:00,10.3,981.5,21,198,51
2011-04-11 23:00:00,11.5,982,12,160,61
2011-04-12 00:00:00,11.1,985.9,12,154,50
2011-04-12 01:00:00,13.5,979.6,4,287,53
2011-04-12 02:00:00,13.2,976.4,5,244,33
2011-04-12 03:00:00,12.5,973.7,22,254,47
2011-04-12 04:00:00,16.3,974.7,8,286,44
2011-04-12 05:00:00,15.7,977.1,4,288,52
2011-04-12 06:00:00,14.4,979,15,235,53
2011-04-12 07:00:00,14.5,975.7,12,243,43
2011-04-12 08:00:00,14.7,984.8,11,290,65
2011-04-12 09:00:00,12.1,973.7,10,181,56
2011-04-12 10:00:00,14.4,976.8,11,218,49
2011-04-12 11:00:00,13.5,985.8,18,184,40
2011-04-12 12:00:00,12.4,973.8,12,84,52
2011-04-12 13:00:00,13.5,982.3,4,139,43
2011-04-12 14:00:00,9.7,976.8,18,79,66
2011-04-12 15:00:00,8.4,971.6,13,108,49
2011-04-12 16:00:00,8.8,984.1,10,114,58
2011-04-12 17:00:00,9.9,981.9,9,91,50
2011-04-12 18:00:00,9.5,986,15,135,51
2011-04-12 19:00:00,8.7,979.4,17,33,48
2011-04-12 20:00:00,11.7,975.1,14,139,35
2011-04-12 21:00:00,7.7,977.6,6,174,39
2011-04-12 22:00:00,10.6,981,12,155,37
2011-04-12 23:00:00,9.6,982,8,172,63
2011-04-13 00:00:00,12.3,978.1,16,242,55
2011-04-13 01:00:00,13.2,975.1,25,203,38
2011-04-13 02:00:00,14.6,970.3,14,248,62
2011-04-13 03:00:00,15.6,980,9,209,40
2011-04-13 04:00:00,15.9,987.5,2,280,48
2011-04-13 05:00:00,15.8,974.6,11,249,52
2011-04-13 06:00:00,16.2,982.8,12,215,44
2011-04-13 07:00:00,14.7,981.9,8,251,62
2011-04-13 08:00:00,15.8,976.9,11,263,57
2011-04-13 09:00:00,14.3,984.3,1,147,48
2011-04-13 10:00:00,13.1,980.8,13,174,44
2011-04-13 11:00:00,13.3,975.6,5,234,41
2011-04-13 12:00:00,14,978.7,15,143,44
2011-04-13 13:00:00,11.6,975.3,10,142,48
2011-04-13 14:00:00,9.1,979.9,11,120,50
2011-04-13 15:00:00,8.4,972.6,17,91,47
2011-04-13 16:00:00,8.6,981.4,11,145,48
2011-04-13 17:00:00,7.2,981.3,3,40,57
2011-04-13 18:00:00,10.7,980.1,16,133,51
2011-04-13 19:00:00,8.1,972.7,16,104,41
2011-04-13 20:00:00,9.6,974.3,10,130,63
2011-04-13 21:00:00,9.6,982.8,8,156,39
2011-04-13 22:00:00,12.3,971.1,10,161,48
2011-04-13 23:00:00,14.3,979.5,15,163,49
2011-04-14 00:00:00,13.6,984,4,246,52
2011-04-14 01:00:00,12.9,971.8,8,212,47
2011-04-14 02:00:00,14.7,972.8,11,234,50
2011-04-14 03:00:00,16,975.5,10,261,48
2011-04-14 04:00:00,18.6,980.5,15,303,58
2011-04-14 05:00:00,16.6,975.1,5,238,62
2011-04-14 06:00:00,16.8,979.9,11,227,61
2011-04-14 07:00:00,14.7,975.6,9,279,49
2011-04-14 08:00:00,14.6,980,15,223,61
2011-04-14 09:00:00,13.9,976.1,9,212,48
2011-04-14 10:00:00,13.2,974,14,178,51
2011-04-14 11:00:00,12.8,976.7,18,212,55
2011-04-14 12:00:00,10,983.6,9,150,55
2011-04-14 13:00:00,14.3,979.4,15,96,44
2011-04-14 14:00:00,8.3,972.8,2,77,47
2011-04-14 15:00:00,10.2,972.3,5,102,54
2011-04-14 16:00:00,10.8,974.8,10,79,66
2011-04-14 17:00:00,7.6,968.2,18,59,57
2011-04-14 18:00:00,7.7,977.8,10,86,23
2011-04-14 19:00:00,8.3,976.7,10,105,42
2011-04-14 20:00:00,9.5,988.2,7,147,50
2011-04-14 21:00:00,11.8,980.4,12,179,53
2011-04-14 22:00:00,13,973,6,159,44
2011-04-14 23:00:00,10.6,983.4,18,187,30
2011-04-15 00:00:00,12.8,981,9,219,51
2011-04-15 01:00:00,13.6,983.4,4,243,53
2011-04-15 02:00:00,14.7,978.4,15,251,42
2011-04-15 03:00:00,15.7,982.4,7,279,48
2011-04-15 04:00:00,13.4,977.6,14,256,51
2011-04-15 05:00:00,18.3,978.7,8,254,50
2011-04-15 06:00:00,17.2,983.8,11,228,49
2011-04-15 07:00:00,17,977,14,272,40
2011-04-15 08:00:00,15.2,984.3,4,255,51
2011-04-15 09:00:00,13.1,977.7,15,228,55
2011-04-15 10:00:00,15.4,979.2,12,234,48
2011-04-15 11:00:00,15.2,983.8,16,144,53
2011-04-15 12:00:00,12.6,976.7,10,152,53
2011-04-15 13:00:00,12,982.1,18,98,55
2011-04-15 14:00:00,12.5,980.4,11,154,56
2011-04-15 15:00:00,8.8,976.7,5,89,49
2011-04-15 16:00:00,8.8,971,14,71,45
2011-04-15 17:00:00,7.2,971.2,5,98,41
2011-04-15 18:00:00,8.5,979.7,15,113,47
2011-04-15 19:00:00,11.3,975.7,11,117,37
2011-04-15 20:00:00,9.4,980.1,15,125,46
2011-04-15 21:00:00,13.1,975.2,15,116,51
2011-04-15 22:00:00,11.2,984,10,143,34
2011-04-15 23:00:00,11.4,974.1,9,201,48
2011-04-16 00:00:00,12.9,972.8,9,193,57
2011-04-16 01:00:00,13.6,983.5,10,239,35
2011-04-16 02:00:00,15.6,980,16,210,44
2011-04-16 03:00:00,16.9,983.9,10,288,55
2011-04-16 04:00:00,15.4,984.5,9,234,48
2011-04-16 05:00:00,17.7,982.4,8,326,36
2011-04-16 06:00:00,17.4,972.7,9,226,44
2011-04-16 07:00:00,17.9,972.4,5,267,47
2011-04-16 08:00:00,15.5,975,4,175,60
2011-04-16 09:00:00,15.1,979.7,24,213,52
2011-04-16 10:00:00,15.9,977.6,18,247,54
2011-04-16 11:00:00,12.3,984.3,12,228,49
2011-04-16 12:00:00,15.9,979.4,1,198,56
2011-04-16 13:00:00,10.6,980,14,107,43
2011-04-16 14:00:00,9.4,977.5,18,126,38
2011-04-16 15:00:00,10.1,980.2,8,161,45
2011-04-16 16:00:00,10.7,982.6,15,83,44
2011-04-16 17:00:00,9.1,976.1,10,29,43
2011-04-16 18:00:00,7.4,974.8,14,108,48
2011-04-16 19:00:00,10.1,976.9,18,144,54
2011-04-16 20:00:00,8.3,984,9,100,54
2011-04-16 21:00:00,10.7,971.6,21,169,46
2011-04-16 22:00:00,11,982.3,14,125,46
2011-04-16 23:00:00,9.3,974.2,12,150,52
2011-04-17 00:00:00,11.6,973.5,13,195,56
2011-04-17 01:00:00,13.3,979.3,5,263,39
2011-04-17 02:00:00,16.2,976.7,15,197,43
2011-04-17 03:00:00,14.8,978.4,15,249,39
2011-04-17 04:00:00,15.8,980.8,9,283,46
2011-04-17 05:00:00,16.2,982.4,9,252,50
2011-04-17 06:00:00,17.3,980.8,7,281,57
2011-04-17 07:00:00,14.4,984,19,255,59
2011-04-17 08:00:00,18,974.3,8,199,46
2011-04-17 09:00:00,15.4,981.6,12,217,50
2011-04-17 10:00:00,13,983.3,17,209,49
2011-04-17 11:00:00,11.8,977.8,13,162,44
2011-04-17 12:00:00,11.5,984.4,12,157,59
2011-04-17 13:00:00,13,977.4,11,113,57
2011-04-17 14:00:00,11.7,979.7,12,123,41
2011-04-17 15:00:00,10,974.8,17,70,35
2011-04-17 16:00:00,9.2,981.1,16,83,57
2011-04-17 17:00:00,9.3,978.6,10,124,42
2011-04-17 18:00:00,7.3,978.9,11,85,48
2011-04-17 19:00:00,7.8,973,11,137,57
2011-04-17 20:00:00,8.9,986.2,11,114,44
2011-04-17 21:00:00,9,972.3,16,147,52
2011-04-17 22:00:00,11.5,980.7,6,145,47
2011-04-17 23:00:00,13.3,976.3,13,147,35
2011-04-18 00:00:00,12.6,981.7,16,251,46
2011-04-18 01:00:00,13.5,974,11,211,71
2011-04-18 02:00:00,16.7,979.5,0,253,35
2011-04-18 03:00:00,18,979.4,15,221,45
2011-04-18 04:00:00,16.8,975.8,10,245,37
2011-04-18 05:00:00,14.7,984.3,10,268,49
2011-04-18 06:00:00,18,976.7,9,250,35
2011-04-18 07:00:00,20.6,986.5,6,208,46
2011-04-18 08:00:00,16.5,978.3,4,225,49
2011-04-18 09:00:00,15,978.1,17,235,38
2011-04-18 10:00:00,14.1,976.6,8,174,47
2011-04-18 11:00:00,12.7,982.7,9,191,46
2011-04-18 12:00:00,13.4,971.5,13,139,44
2011-04-18 13:00:00,11.9,985.2,13,129,48
2011-04-18 14:00:00,13.8,984.2,11,117,39
2011-04-18 15:00:00,8.8,978.1,5,99,28
2011-04-18 16:00:00,7.2,977.3,12,70,38
2011-04-18 17:00:00,7.9,979,20,76,53
2011-04-18 18:00:00,11.1,973.9,4,95,46
2011-04-18 19:00:00,12.1,976.5,15,108,52
2011-04-18 20:00:00,10.9,984.3,5,124,38
2011-04-18 21:00:00,10.2,977.4,6,110,53
2011-04-18 22:00:00,12.6,986,11,125,55
2011-04-18 23:00:00,12,979.3,7,148,36
2011-04-19 00:00:00,14.7,976.4,13,211,47
2011-04-19 01:00:00,12.5,978.6,4,226,38
2011-04-19 02:00:00,13.8,973.3,9,283,38
2011-04-19 03:00:00,18.1,981.8,17,216,52
2011-04-19 04:00:00,19,979.7,12,229,53
2011-04-19 05:00:00,16.4,971.4,4,294,62
2011-04-19 06:00:00,20.2,972.6,11,237,44
2011-04-19 07:00:00,15.8,979.7,10,284,61
2011-04-19 08:00:00,16.9,977.3,6,318,48
2011-04-19 09:00:00,16.5,979.2,10,237,53
2011-04-19 10:00:00,17.5,978.6,11,198,28
2011-04-19 11:00:00,12.7,980.7,9,122,56
2011-04-19 12:00:00,14.2,979.1,4,118,43
2011-04-19 13:00:00,14,984.6,5,139,47
2011-04-19 14:00:00,11.6,976.7,12,100,53
2011-04-19 15:00:00,9.7,968.6,5,64,47
2011-04-19 16:00:00,10.7,980.6,11,59,49
2011-04-19 17:00:00,9,979.2,8,39,46
2011-04-19 18:00:00,8.1,979.1,7,76,62
2011-04-19 19:00:00,12.4,977.9,0,88,43
2011-04-19 20:00:00,7.7,973,11,119,47
2011-04-19 21:00:00,10.5,976.9,2,127,43
2011-04-19 22:00:00,11.3,980.7,11,173,35
2011-04-19 23:00:00,12.2,973.6,5,135,40
2011-04-20 00:00:00,14.1,980.2,17,202,52
2011-04-20 01:00:00,12.9,982.4,4,245,39
2011-04-20 02:00:00,19.1,980.4,7,217,45
2011-04-20 03:00:00,13.9,975.5,13,301,42
2011-04-20 04:00:00,17.1,973.9,6,268,36
2011-04-20 05:00:00,16.6,979.1,8,285,46
2011-04-20 06:00:00,17.2,975,1,227,39
2011-04-20 07:00:00,16,982.8,5,254,50
2011-04-20 08:00:00,13.2,973,4,254,54
2011-04-20 09:00:00,17.9,980.4,8,208,49
2011-04-20 10:00:00,16,978.7,15,213,38
2011-04-20 11:00:00,14.7,968.8,13,179,42
2011-04-20 12:00:00,13.3,966.2,19,147,58
2011-04-20 13:00:00,13.6,982.8,12,115,43
2011-04-20 14:00:00,11.4,980.5,12,103,30
2011-04-20 15:00:00,9,974.7,14,99,49
2011-04-20 16:00:00,9.4,979.6,9,121,48
2011-04-20 17:00:00,12,976,19,112,40
2011-04-20 18:00:00,9.9,981.7,9,88,49
2011-04-20 19:00:00,7.9,971,7,89,57
2011-04-20 20:00:00,9.9,972.7,9,141,51
2011-04-20 21:00:00,15.1,971.2,16,152,52
2011-04-20 22:00:00,13.8,977.9,7,158,31
2011-04-20 23:00:00,13.7,973.9,12,245,42
2011-04-21 00:00:00,13.6,973.9,23,244,46
2011-04-21 01:00:00,15.4,974.4,9,221,48
2011-04-21 02:00:00,17,986.7,16,204,42
2011-04-21 03:00:00,14.9,981.7,14,215,42
2011-04-21 04:00:00,18,976.4,15,268,34
2011-04-21 05:00:00,14.9,983.2,8,324,46
2011-04-21 06:00:00,18.8,982.9,16,224,49
2011-04-21 07:00:00,16.1,975.9,12,266,49
2011-04-21 08:00:00,20.3,980.7,12,255,39
2011-04-21 09:00:00,16.3,984.2,15,226,54
2011-04-21 10:00:00,18.8,979.4,11,249,58
2011-04-21 11:00:00,14.9,975.5,12,171,56
2011-04-21 12:00:00,16,979.8,10,146,55
2011-04-21 13:00:00,11.1,982.2,0,131,45
2011-04-21 14:00:00,11.2,979.6,2,133,27
2011-04-21 15:00:00,9.3,975.6,6,49,45
2011-04-21 16:00:00,10.5,975.1,18,89,45
2011-04-21 17:00:00,8.9,980.8,8,76,43
2011-04-21 18:00:00,12.2,980.6,3,95,62
2011-04-21 19:00:00,10.6,975.2,8,89,41
2011-04-21 20:00:00,10.2,978.4,14,189,38
2011-04-21 21:00:00,11,981.2,13,89,46
2011-04-21 22:00:00,12.7,974.7,11,156,44
2011-04-21 23:00:00,14.3,980.7,18,223,56
2011-04-22 00:00:00,14.1,978.3,18,197,45
2011-04-22 01:00:00,13.1,972.5,9,181,31
2011-04-22 02:00:00,17,978.3,7,272,40
2011-04-22 03:00:00,14.9,979.9,4,296,54
2011-04-22 04:00:00,17,978,10,204,56
2011-04-22 05:00:00,20,974,16,257,55
2011-04-22 06:00:00,19.5,984.8,14,285,52
2011-04-22 07:00:00,19.3,981.1,12,287,48
2011-04-22 08:00:00,17,982.2,8,299,50
2011-04-22 09:00:00,17.1,976.7,0,206,46
2011-04-22 10:00:00,14.8,969.4,11,174,50
2011-04-22 11:00:00,15.5,981.2,10,205,52
2011-04-22 12:00:00,13.4,988.8,14,204,47
2011-04-22 13:00:00,15.7,973.8,16,100,58
2011-04-22 14:00:00,13.5,975.9,13,78,45
2011-04-22 15:00:00,10.2,979.8,8,91,51
2011-04-22 16:00:00,10,979.1,10,126,46
2011-04-22 17:00:00,11.6,981.1,13,110,63
2011-04-22 18:00:00,12.8,977.1,6,101,44
2011-04-22 19:00:00,10.1,984.7,7,132,38
2011-04-22 20:00:00,11,976.1,1,114,33
2011-04-22 21:00:00,11.6,982.8,13,87,45
2011-04-22 22:00:00,12.3,978.3,14,188,47
2011-04-22 23:00:00,12.3,975.9,7,165,46
2011-04-23 00:00:00,13.5,980.8,7,199,42
2011-04-23 01:00:00,15,977,5,224,41
2011-04-23 02:00:00,16.8,980.7,11,239,32
2011-04-23 03:00:00,16.2,978.6,10,233,47
2011-04-23 04:00:00,15.8,987.5,10,251,48
2011-04-23 05:00:00,18.3,977.7,6,320,63
2011-04-23 06:00:00,16.5,982.7,10,267,43
2011-04-23 07:00:00,20.4,980.5,9,255,59
2011-04-23 08:00:00,18.1,978.4,11,255,38
2011-04-23 09:00:00,21.2,976.5,17,233,46
2011-04-23 10:00:00,16.4,984.6,4,188,51
2011-04-23 11:00:00,14.9,979.3,1,150,50
2011-04-23 12:00:00,13.3,982.2,8,169,34
2011-04-23 13:00:00,13,981.6,10,131,41
2011-04-23 14:00:00,13.1,978.6,9,0,35
2011-04-23 15:00:00,12,974.3,18,113,54
2011-04-23 16:00:00,11.2,979.3,8,90,49
2011-04-23 17:00:00,7.3,975.1,12,58,54
2011-04-23 18:00:00,10.6,978.7,10,85,39
2011-04-23 19:00:00,9.8,981.1,5,94,56
2011-04-23 20:00:00,10,978.1,10,140,59
2011-04-23 21:00:00,9.6,973.5,8,141,39
2011-04-23 22:00:00,12.5,974.5,8,143,44
2011-04-23 23:00:00,12.4,977.4,4,224,48
2011-04-24 00:00:00,14.5,982.8,16,183,38
2011-04-24 01:00:00,16.3,979.2,6,255,38
2011-04-24 02:00:00,15.8,985.7,4,231,50
2011-04-24 03:00:00,16.6,982.5,17,248,31
2011-04-24 04:00:00,17.6,984.3,15,243,40
2011-04-24 05:00:00,20,981.7,16,288,43
2011-04-24 06:00:00,19.7,969.9,0,293,59
2011-04-24 07:00:00,18.9,983.3,7,253,40
2011-04-24 08:00:00,20.3,978.9,15,221,41
2011-04-24 09:00:00,17,979.4,1,214,59
2011-04-24 10:00:00,15.1,977.8,13,247,43
2011-04-24 11:00:00,15.8,983.4,1,150,55
2011-04-24 12:00:00,15.2,973.7,7,152,53
2011-04-24 13:00:00,14.3,982.7,12,127,53
2011-04-24 14:00:00,11,980.8,5,77,45
2011-04-24 15:00:00,10.7,982.5,19,104,37
2011-04-24 16:00:00,8.6,978.2,10,89,36
2011-04-24 17:00:00,10.2,979.1,3,114,48
2011-04-24 18:00:00,8,975,5,70,40
2011-04-24 19:00:00,14.8,967.4,10,141,38
2011-04-24 20:00:00,11.7,975.8,9,131,33
2011-04-24 21:00:00,11,971.4,5,168,35
2011-04-24 22:00:00,14.5,974.9,3,185,45
2011-04-24 23:00:00,13,984.3,7,161,47
2011-04-25 00:00:00,12.1,981.3,10,217,51
2011-04-25 01:00:00,15.6,970.9,8,232,53
2011-04-25 02:00:00,17,979.9,17,251,53
2011-04-25 03:00:00,18.6,983,8,289,53
2011-04-25 04:00:00,16.9,986.6,6,239,41
2011-04-25 05:00:00,20,983,8,315,46
2011-04-25 06:00:00,18.8,979.8,18,248,46
2011-04-25 07:00:00,18.5,977.9,13,264,44
2011-04-25 08:00:00,18.5,983.1,11,272,37
2011-04-25 10:00:00,16,975.4,7,183,48
2011-04-25 11:00:00,16.7,971.5,4,162,50
2011-04-25 12:00:00,13.7,980.6,12,141,24
2011-04-25 13:00:00,12.8,982.5,10,100,58
2011-04-25 14:00:00,13.2,968.6,8,132,43
2011-04-25 15:00:00,13.3,975.6,7,138,46
2011-04-25 16:00:00,11.8,976.8,15,102,43
2011-04-25 17:00:00,10.6,979,12,110,35
2011-04-25 18:00:00,11,970.3,13,101,35
2011-04-25 19:00:00,10.8,969.1,14,166,56
2011-04-25 20:00:00,13.9,979,7,173,40
2011-04-25 21:00:00,11.6,985.9,7,148,52
2011-04-25 22:00:00,14.2,976.8,6,168,42
2011-04-25 23:00:00,12.4,981.4,8,135,43
2011-04-26 00:00:00,15.1,982.9,5,244,64
2011-04-26 01:00:00,15.1,979.8,7,217,35
2011-04-26 02:00:00,15,969.1,12,268,46
2011-04-26 03:00:00,19.4,981.3,3,271,45
2011-04-26 04:00:00,18.5,980.9,7,263,50
2011-04-26 05:00:00,18.4,987.5,15,268,56
2011-04-26 06:00:00,21.5,978.4,14,291,51
2011-04-26 07:00:00,20.3,971.1,10,227,32
2011-04-26 08:00:00,16.5,985.5,18,290,45
2011-04-26 09:00:00,17.4,977.3,17,209,44
2011-04-26 10:00:00,14.6,979.1,5,210,56
2011-04-26 11:00:00,16.1,981.6,8,172,39
2011-04-26 12:00:00,11.9,988.2,16,174,63
2011-04-26 13:00:00,14,974,17,120,51
2011-04-26 14:00:00,13.1,976.2,21,103,42
2011-04-26 15:00:00,14.2,985.3,9,133,62
2011-04-26 16:00:00,13.1,978.6,5,90,48
2011-04-26 17:00:00,9.5,977.8,5,108,44
2011-04-26 18:00:00,8.6,978.2,15,68,46
2011-04-26 19:00:00,10.8,975.4,4,102,41
2011-04-26 20:00:00,11.3,970.4,10,152,58
2011-04-26 21:00:00,9.8,969.8,9,197,44
2011-04-26 22:00:00,12.3,982.2,9,140,49
2011-04-27 00:00:00,15.9,983,5,227,38
2011-04-27 01:00:00,15.9,985.7,13,237,58
2011-04-27 02:00:00,18.7,979,11,185,44
2011-04-27 03:00:00,15.3,972.5,14,245,42
2011-04-27 04:00:00,18.3,976.7,8,312,48
2011-04-27 05:00:00,17.7,974.7,3,325,44
2011-04-27 06:00:00,19.6,977.3,8,325,55
2011-04-27 07:00:00,18.4,981,15,231,56
2011-04-27 08:00:00,18.1,979.1,9,183,46
2011-04-27 09:00:00,19.7,984.2,12,209,45
2011-04-27 10:00:00,15,976.6,10,194,39
2011-04-27 11:00:00,18.3,982.7,14,186,41
2011-04-27 12:00:00,13.9,971.4,21,146,53
2011-04-27 13:00:00,14,978.5,10,153,37
2011-04-27 14:00:00,11.9,975.3,2,72,39
2011-04-27 15:00:00,10.7,971.9,12,103,44
2011-04-27 16:00:00,15.8,978.2,7,98,48
2011-04-27 17:00:00,12.4,976.9,7,88,53
2011-04-27 18:00:00,10,977.4,15,87,30
2011-04-27 19:00:00,10.1,986.4,14,130,39
2011-04-27 20:00:00,13.3,979.1,5,86,35
2011-04-27 21:00:00,12.3,977.3,10,173,53
2011-04-27 22:00:00,13.6,983.2,18,104,45
2011-04-27 23:00:00,10.7,982.6,9,135,65
2011-04-28 00:00:00,13.5,983.2,5,210,41
2011-04-28 01:00:00,14.5,972.7,16,204,51
2011-04-28 02:00:00,17.7,982.4,9,241,34
2011-04-28 03:00:00,19.5,964.5,22,306,61
2011-04-28 04:00:00,19.9,975.4,13,280,46
2011-04-28 05:00:00,17.6,966,15,288,38
2011-04-28 06:00:00,18.2,978.5,22,277,40
2011-04-28 07:00:00,18.4,982.5,8,253,56
2011-04-28 08:00:00,18.8,977.7,7,247,38
2011-04-28 09:00:00,18.1,977,6,246,48
2011-04-28 10:00:00,18.5,977.9,8,171,49
2011-04-28 11:00:00,16.6,975.4,12,199,42
2011-04-28 12:00:00,17,974.7,9,167,51
2011-04-28 13:00:00,16.3,983.4,22,115,47
2011-04-28 14:00:00,12.9,976.4,12,61,33
2011-04-28 15:00:00,11.6,978.7,12,105,59
2011-04-28 16:00:00,11.2,976.3,15,82,44
2011-04-28 17:00:00,12,981.2,7,120,38
2011-04-28 18:00:00,9.5,982.7,10,108,41
2011-04-28 19:00:00,13.8,978.2,8,174,23
2011-04-28 20:00:00,10.7,977.2,8,166,52
2011-04-28 21:00:00,8.2,979.3,9,112,39
2011-04-28 22:00:00,15.8,980,12,125,41
2011-04-28 23:00:00,15,973,11,156,56
2011-04-29 00:00:00,16.2,982.1,9,238,49
2011-04-29 02:00:00,18.6,973.7,8,288,51
2011-04-29 03:00:00,21,989.1,7,293,40
2011-04-29 04:00:00,18.2,979.6,11,267,37
2011-04-29 05:00:00,17.2,972.2,7,282,56
2011-04-29 06:00:00,20.6,978.9,13,311,40
2011-04-29 07:00:00,18.3,980.7,11,237,32
2011-04-29 08:00:00,20.4,984.6,14,255,42
2011-04-29 09:00:00,16,975.3,18,234,40
2011-04-29 10:00:00,18.1,989.4,12,221,57
2011-04-29 11:00:00,16.8,975.1,6,181,30
2011-04-29 12:00:00,14.6,980.6,15,153,47
2011-04-29 13:00:00,14.5,985.5,9,91,28
2011-04-29 14:00:00,13.2,972.3,14,162,34
2011-04-29 15:00:00,13,968.5,16,150,43
2011-04-29 16:00:00,10.5,978.8,7,132,50
2011-04-29 17:00:00,12.7,981.5,9,117,44
2011-04-29 18:00:00,10.4,978.7,2,68,43
2011-04-29 20:00:00,12.9,986.2,9,144,56
2011-04-29 21:00:00,14.2,982.8,11,131,43
2011-04-29 22:00:00,13.1,980.2,13,151,44
2011-04-29 23:00:00,11.8,984.9,14,207,41
2011-04-30 00:00:00,17.4,973.5,7,221,42
2011-04-30 01:00:00,18,978.7,2,259,49
2011-04-30 02:00:00,15.1,981.3,6,211,66
2011-04-30 03:00:00,18,970.3,12,231,39
2011-04-30 04:00:00,18.5,985.5,17,256,45
2011-04-30 05:00:00,18.5,981.7,11,237,61
2011-04-30 06:00:00,19.7,980.7,9,280,39
2011-04-30 07:00:00,17.8,978.9,10,274,43
2011-04-30 08:00:00,22.6,979.6,12,247,39
2011-04-30 09:00:00,20.1,974.3,10,248,41
2011-04-30 10:00:00,16.4,977.2,9,232,59
2011-04-30 11:00:00,14.9,969.1,3,130,48
2011-04-30 12:00:00,16.9,978.3,8,144,43
2011-04-30 13:00:00,16.1,978.5,12,114,37
2011-04-30 14:00:00,14.6,975.4,10,87,48
2011-04-30 15:00:00,12.5,977.7,4,55,42
2011-04-30 16:00:00,14.8,978,10,104,36
2011-04-30 17:00:00,11.7,982.2,14,135,30
2011-04-30 18:00:00,12.3,967.9,6,63,54
2011-04-30 19:00:00,12.6,970.2,5,131,31
2011-04-30 20:00:00,14.3,978.9,6,141,35
2011-04-30 21:00:00,13.4,985.3,7,146,51
2011-04-30 22:00:00,13.3,971.8,5,114,43
2011-04-30 23:00:00,12.9,977.3,4,174,35
2011-05-01 00:00:00,13.7,980.1,7,237,42
2011-05-01 01:00:00,18.4,976.8,12,266,61
2011-05-01 02:00:00,16.7,971.5,7,240,50
2011-05-01 03:00:00,16.9,978.5,4,262,42
2011-05-01 04:00:00,19.3,976.5,14,355,35
2011-05-01 05:00:00,19.1,977.5,13,266,36
2011-05-01 06:00:00,18.8,979,9,273,27
2011-05-01 07:00:00,20.8,983.4,10,249,52
2011-05-01 08:00:00,20.9,985.3,7,216,32
2011-05-01 09:00:00,20.6,967.6,11,250,53
2011-05-01 10:00:00,17.4,980.2,3,207,49
2011-05-01 11:00:00,18.9,980.3,10,193,49
2011-05-01 12:00:00,14.6,981.9,1,182,42
2011-05-01 13:00:00,13.3,979.3,11,127,40
2011-05-01 14:00:00,15,969.4,12,162,49
2011-05-01 15:00:00,14.6,973.1,10,146,53
2011-05-01 16:00:00,11.6,982.2,12,99,29
2011-05-01 17:00:00,10.8,966.1,3,2,39
2011-05-01 18:00:00,11,975,15,80,56
2011-05-01 19:00:00,12.3,979.9,6,126,47
2011-05-01 20:00:00,12,981.6,13,143,49
2011-05-01 21:00:00,13.9,973.8,8,115,35
2011-05-01 22:00:00,16,975.7,13,176,39
2011-05-01 23:00:00,12.7,973.7,10,224,20
2011-05-02 00:00:00,17.9,982.4,3,287,50
2011-05-02 01:00:00,18.3,973.2,4,202,41
2011-05-02 02:00:00,20.8,978.4,10,182,40
2011-05-02 03:00:00,20.1,976.7,11,282,37
2011-05-02 04:00:00,20,977.6,12,252,67
2011-05-02 05:00:00,19.5,974.5,13,293,32
2011-05-02 06:00:00,20.2,977.6,3,272,48
2011-05-02 07:00:00,19.2,976.8,4,254,43
2011-05-02 08:00:00,20.7,983.8,3,190,51
2011-05-02 09:00:00,17.9,974.5,6,231,46
2011-05-02 10:00:00,17.1,972.2,8,205,41
2011-05-02 11:00:00,17.5,977.4,2,161,39
2011-05-02 12:00:00,17.6,981.8,13,136,53
2011-05-02 13:00:00,14.1,981.4,1,132,32
2011-05-02 14:00:00,12.5,982.5,9,114,43
2011-05-02 15:00:00,13.9,976.5,8,73,41
2011-05-02 16:00:00,12,982.6,15,122,52
2011-05-02 17:00:00,12.4,973.4,12,85,38
2011-05-02 18:00:00,12.2,978.1,18,76,50
2011-05-02 19:00:00,10,970.4,11,103,41
2011-05-02 20:00:00,13.4,972.5,4,64,39
2011-05-02 21:00:00,11.3,976.2,10,112,40
2011-05-02 22:00:00,12.8,981.8,5,101,28
2011-05-02 23:00:00,16.8,977.9,6,188,57
2011-05-03 00:00:00,17.6,972.2,8,216,49
2011-05-03 01:00:00,15.5,977.8,7,215,50
2011-05-03 02:00:00,18,972.1,8,258,36
2011-05-03 03:00:00,20.2,976.8,7,241,50
2011-05-03 04:00:00,20.2,982.4,6,305,38
2011-05-03 05:00:00,20.9,987.9,9,261,44
2011-05-03 06:00:00,19.3,982.4,9,194,42
2011-05-03 07:00:00,18.5,981.2,11,290,37
2011-05-03 08:00:00,21.6,976.8,12,205,44
2011-05-03 09:00:00,16.9,978.6,14,205,48
2011-05-03 10:00:00,15.3,974.9,8,227,42
2011-05-03 11:00:00,17.8,978.4,8,139,42
2011-05-03 12:00:00,16.4,980.3,10,102,49
2011-05-03 13:00:00,15.5,983.7,15,114,31
2011-05-03 14:00:00,14.1,981.8,7,85,41
2011-05-03 15:00:00,12.8,978.9,11,73,47
2011-05-03 16:00:00,11.2,979.5,7,98,40
2011-05-03 17:00:00,14.2,984.5,10,67,54
2011-05-03 18:00:00,11.6,982.2,9,101,35
2011-05-03 19:00:00,11.4,988.6,22,126,47
2011-05-03 20:00:00,12.5,972.3,3,174,41
2011-05-03 21:00:00,12.3,986.3,13,185,32
2011-05-03 22:00:00,13.2,981.3,6,125,36
2011-05-03 23:00:00,12.8,972.9,15,157,43
2011-05-04 00:00:00,17,978.3,11,179,37
2011-05-04 01:00:00,18.8,978.6,5,169,57
2011-05-04 02:00:00,16.8,972.6,8,213,53
2011-05-04 03:00:00,20.2,976,6,273,49
2011-05-04 04:00:00,20.5,983.2,3,236,38
2011-05-04 05:00:00,20.7,973.7,6,278,37
2011-05-04 06:00:00,20.7,973.1,11,239,36
2011-05-04 07:00:00,18.6,978.4,0,307,20
2011-05-04 08:00:00,18.4,979.4,4,226,31
2011-05-04 09:00:00,21.4,993.2,11,221,56
2011-05-04 10:00:00,19.5,974.7,4,209,46
2011-05-04 11:00:00,18.5,987.8,14,202,55
2011-05-04 12:00:00,14.1,983.9,10,160,34
2011-05-04 13:00:00,13.2,980.7,9,102,29
2011-05-04 14:00:00,15.3,975.3,12,101,39
2011-05-04 15:00:00,14.6,980.9,8,77,47
2011-05-04 16:00:00,13.1,977.9,10,138,36
2011-05-04 17:00:00,12.2,972.6,5,69,42
2011-05-04 18:00:00,12.6,991.2,16,112,42
2011-05-04 19:00:00,10.7,981.3,11,114,36
2011-05-04 20:00:00,12.4,983.1,4,143,42
2011-05-04 21:00:00,13.5,978.6,1,129,66
2011-05-04 22:00:00,18.2,973.2,1,180,47
2011-05-04 23:00:00,14.7,986.4,9,204,48
2011-05-05 00:00:00,17.8,974.9,10,197,50
2011-05-05 01:00:00,17.3,978.9,8,163,48
2011-05-05 02:00:00,20.1,983.5,20,293,49
2011-05-05 03:00:00,21.1,981,17,289,52
2011-05-05 04:00:00,20.9,976.4,7,285,44
2011-05-05 05:00:00,22.1,978,3,271,45
2011-05-05 06:00:00,19.3,987.8,7,251,40
2011-05-05 07:00:00,19,983.3,12,235,56
2011-05-05 08:00:00,21.3,976.8,10,206,49
2011-05-05 09:00:00,20.2,972.8,11,245,40
2011-05-05 10:00:00,17.1,975.6,8,163,26
2011-05-05 11:00:00,17.3,971.8,8,167,34
2011-05-05 12:00:00,18.8,976.4,7,106,39
2011-05-05 13:00:00,14.6,986.3,11,114,43
2011-05-05 14:00:00,13.9,977,5,77,60
2011-05-05 15:00:00,14.5,978.8,9,115,36
2011-05-05 16:00:00,12.6,980.1,6,88,41
2011-05-05 17:00:00,12.9,980.4,13,102,40
2011-05-05 18:00:00,14.6,986.3,10,117,44
2011-05-05 19:00:00,10.3,977.6,12,102,29
2011-05-05 20:00:00,11.7,976,6,136,43
2011-05-05 21:00:00,10.8,982.2,4,142,41
2011-05-05 22:00:00,15,976.7,20,139,43
2011-05-05 23:00:00,15.6,973.9,2,148,31
2011-05-06 00:00:00,17.3,978.6,11,213,49
2011-05-06 01:00:00,18.5,984,6,238,42
2011-05-06 02:00:00,18.2,988.3,0,280,39
2011-05-06 03:00:00,20.2,979.8,12,292,35
2011-05-06 04:00:00,19.9,974.6,1,260,27
2011-05-06 05:00:00,19.3,977.6,12,264,40
2011-05-06 06:00:00,20.6,969.7,2,292,36
2011-05-06 07:00:00,22.1,976.2,1,292,46
2011-05-06 08:00:00,19.5,981.5,13,197,53
2011-05-06 09:00:00,20.4,980.6,9,236,31
2011-05-06 10:00:00,17.8,981.9,8,170,50
2011-05-06 11:00:00,17.6,978,2,200,47
2011-05-06 12:00:00,17.9,974,10,172,41
2011-05-06 13:00:00,19.2,973.7,5,110,48
2011-05-06 14:00:00,13,971.9,15,104,29
2011-05-06 15:00:00,17,976.6,15,77,42
2011-05-06 16:00:00,14.6,989.5,6,78,36
2011-05-06 17:00:00,11.4,986.6,24,60,60
2011-05-06 18:00:00,14.5,990.4,7,85,35
2011-05-06 19:00:00,12.9,977.6,11,122,29
2011-05-06 20:00:00,10.4,979.7,7,120,48
2011-05-06 22:00:00,13.1,981,13,145,34
2011-05-06 23:00:00,17.3,980.9,11,161,49
2011-05-07 00:00:00,15.4,977,11,232,48
2011-05-07 02:00:00,17,977,11,277,36
2011-05-07 03:00:00,20.5,984,13,254,32
2011-05-07 04:00:00,20.7,979.3,7,259,39
2011-05-07 05:00:00,17.9,965.8,8,288,42
2011-05-07 06:00:00,21.1,976.5,20,261,42
2011-05-07 07:00:00,22.8,977.7,6,236,34
2011-05-07 08:00:00,18.7,973.9,5,283,29
2011-05-07 09:00:00,18.6,977.3,11,228,36
2011-05-07 10:00:00,19.6,983.5,9,106,39
2011-05-07 11:00:00,16.7,975.2,11,210,45
2011-05-07 12:00:00,14.1,979.3,4,187,53
2011-05-07 13:00:00,17.4,980.7,12,109,41
2011-05-07 14:00:00,13.7,986.6,11,101,39
2011-05-07 15:00:00,16.9,978.7,18,130,20
2011-05-07 16:00:00,13.3,975.3,6,107,59
2011-05-07 17:00:00,14.6,983.6,11,120,40
2011-05-07 18:00:00,16.1,972.6,9,36,43
2011-05-07 19:00:00,12.3,978.8,6,84,37
2011-05-07 20:00:00,13.4,973.9,6,114,30
2011-05-07 21:00:00,13.3,982.4,11,152,39
2011-05-07 22:00:00,16.2,979.3,11,90,57
2011-05-07 23:00:00,15.9,982.1,7,158,47
2011-05-08 00:00:00,16.4,980.5,8,217,49
2011-05-08 01:00:00,14.4,987,12,237,52
2011-05-08 02:00:00,18.8,976.8,6,227,48
2011-05-08 03:00:00,21,974.2,16,265,46
2011-05-08 04:00:00,20.4,978.8,14,249,36
2011-05-08 05:00:00,21.2,979.3,9,306,45
2011-05-08 06:00:00,19.6,989.5,15,225,49
2011-05-08 07:00:00,18.9,980.3,3,252,25
2011-05-08 08:00:00,21.9,974.3,6,226,37
2011-05-08 09:00:00,19.8,980.7,12,295,36
2011-05-08 10:00:00,21.1,975,6,186,58
2011-05-08 11:00:00,15.9,986.8,3,149,51
2011-05-08 12:00:00,19.8,981.4,15,143,43
2011-05-08 13:00:00,17.4,982.3,7,173,37
2011-05-08 14:00:00,17.9,975.6,12,84,44
2011-05-08 15:00:00,10.6,981.2,6,143,54
2011-05-08 16:00:00,13.5,978.9,15,109,47
2011-05-08 17:00:00,11.9,979.6,14,123,53
2011-05-08 18:00:00,12.6,974.5,5,82,33
2011-05-08 19:00:00,15.9,982.9,7,41,40
2011-05-08 20:00:00,14.6,979.6,12,82,38
2011-05-08 21:00:00,11.1,985,19,151,43
2011-05-08 22:00:00,12.4,979.4,1,152,45
2011-05-08 23:00:00,16.1,975.5,15,176,38
2011-05-09 00:00:00,18.5,983.8,11,270,45
2011-05-09 01:00:00,17.6,976.4,1,242,45
2011-05-09 02:00:00,21.9,966.6,12,264,35
2011-05-09 03:00:00,18,983.6,4,249,47
2011-05-09 04:00:00,22.8,982.4,10,280,40
2011-05-09 06:00:00,21.3,978.5,7,260,35
2011-05-09 07:00:00,21.3,985.1,5,247,30
2011-05-09 08:00:00,21.1,976.2,8,236,41
2011-05-09 09:00:00,22.3,979,4,220,39
2011-05-09 10:00:00,19.4,972.5,7,176,50
2011-05-09 11:00:00,14,975.9,8,177,44
2011-05-09 12:00:00,18.4,975.5,19,167,49
2011-05-09 13:00:00,16,978.2,0,156,42
2011-05-09 15:00:00,17.7,983.2,11,85,51
2011-05-09 16:00:00,14.5,983.3,6,113,34
2011-05-09 17:00:00,14.5,975.5,1,65,52
2011-05-09 18:00:00,13.7,981.4,12,128,34
2011-05-09 19:00:00,10.9,982.7,13,121,27
2011-05-09 20:00:00,12.2,980.8,14,126,38
2011-05-09 21:00:00,13.9,980,10,90,42
2011-05-09 22:00:00,14.5,978.6,14,161,38
2011-05-09 23:00:00,17.7,977.5,11,198,44
2011-05-10 00:00:00,14.5,976.9,13,174,44
2011-05-10 01:00:00,17.8,981.1,5,211,57
2011-05-10 02:00:00,22.8,977.7,4,239,48
2011-05-10 03:00:00,23.1,978.5,1,224,46
2011-05-10 04:00:00,22.5,981.2,4,294,44
2011-05-10 05:00:00,22.2,971.1,11,244,38
2011-05-10 06:00:00,21.4,978.8,11,246,48
2011-05-10 07:00:00,20.6,978.4,2,317,42
2011-05-10 09:00:00,20.4,982.3,20,196,56
2011-05-10 10:00:00,18.5,984.7,3,203,37
2011-05-10 11:00:00,20.2,979,10,143,45
2011-05-10 12:00:00,17.4,978.6,11,174,40
2011-05-10 13:00:00,15.9,978.5,3,116,39
2011-05-10 14:00:00,17.1,976.7,8,125,42
2011-05-10 15:00:00,15.1,984.5,2,76,37
2011-05-10 16:00:00,16.4,978.7,1,92,46
2011-05-10 17:00:00,12.1,984.8,17,92,44
2011-05-10 18:00:00,14.1,973.6,3,139,56
2011-05-10 19:00:00,12.3,980.4,14,60,45
2011-05-10 20:00:00,15.7,982.5,7,80,42
2011-05-10 21:00:00,14.7,974.1,11,110,33
2011-05-10 22:00:00,16,982.1,8,121,53
2011-05-10 23:00:00,15.8,985.5,2,159,42
2011-05-11 00:00:00,14.8,984.2,10,189,35
2011-05-11 01:00:00,20.7,977.6,8,166,46
2011-05-11 03:00:00,19.3,977.9,4,264,64
2011-05-11 04:00:00,22.9,983.7,5,307,42
2011-05-11 05:00:00,22.9,974.4,9,305,56
2011-05-11 06:00:00,21.4,984.8,1,252,44
2011-05-11 08:00:00,20.2,980.7,5,221,44
2011-05-11 09:00:00,21.8,973.5,20,237,60
2011-05-11 10:00:00,19.3,985.3,12,204,59
2011-05-11 11:00:00,16.5,983.4,16,159,50
2011-05-11 13:00:00,17.2,974.9,9,136,30
2011-05-11 14:00:00,15.4,979.4,8,128,45
2011-05-11 15:00:00,14,973.6,0,112,54
2011-05-11 16:00:00,14.2,981.3,8,96,49
2011-05-11 17:00:00,15.8,978.4,11,64,49
2011-05-11 18:00:00,13.6,985.3,4,74,37
2011-05-11 19:00:00,13.2,976.2,15,114,38
2011-05-11 20:00:00,15,981.7,3,100,42
2011-05-11 21:00:00,9.7,980,7,166,50
2011-05-11 23:00:00,15.1,984.8,10,172,51
2011-05-12 00:00:00,17.8,971.2,4,205,50
2011-05-12 01:00:00,19.3,980.2,3,229,39
2011-05-12 02:00:00,21.7,978.2,6,204,49
2011-05-12 03:00:00,21.7,979.9,11,249,47
2011-05-12 04:00:00,20.4,973.3,8,269,45
2011-05-12 05:00:00,20.9,981.8,9,256,36
2011-05-12 06:00:00,24.7,977.2,7,278,32
2011-05-12 07:00:00,21.3,978.3,10,304,46
2011-05-12 08:00:00,23.5,986.7,16,267,38
2011-05-12 09:00:00,20.1,986.4,9,216,40
2011-05-12 10:00:00,20.8,975.2,5,175,39
2011-05-12 11:00:00,16.7,981.2,7,161,43
2011-05-12 12:00:00,16.1,972.5,11,164,46
2011-05-12 13:00:00,18,980.2,8,117,32
2011-05-12 14:00:00,14.2,975.8,13,132,38
2011-05-12 15:00:00,12.2,981.6,12,64,40
2011-05-12 16:00:00,14.5,982.4,5,140,48
2011-05-12 17:00:00,12.3,982.1,4,71,45
2011-05-12 18:00:00,12.9,974.1,4,126,39
2011-05-12 19:00:00,15,969.8,9,125,42
2011-05-12 20:00:00,14.3,977,7,142,32
2011-05-12 21:00:00,15.4,977.7,2,142,43
2011-05-12 22:00:00,16.5,972.4,10,104,36
2011-05-12 23:00:00,17.8,980.1,9,193,30
2011-05-13 00:00:00,19.3,978.5,9,212,52
2011-05-13 01:00:00,18.2,977.7,7,221,44
2011-05-13 02:00:00,17.2,988.6,7,279,37
2011-05-13 03:00:00,20,975,4,252,49
2011-05-13 04:00:00,20.4,975.9,10,243,46
2011-05-13 05:00:00,21.1,982.5,8,253,50
2011-05-13 06:00:00,22.5,977.7,5,281,47
2011-05-13 07:00:00,22.5,977.4,6,228,43
2011-05-13 08:00:00,20.7,994.9,7,221,43
2011-05-13 09:00:00,20.5,974.5,5,255,47
2011-05-13 10:00:00,21.5,972.9,11,248,49
2011-05-13 11:00:00,21.7,983.6,7,163,35
2011-05-13 12:00:00,18.1,974.3,6,147,48
2011-05-13 13:00:00,16.2,986.8,6,119,27
2011-05-13 14:00:00,13.9,984.4,8,112,28
2011-05-13 15:00:00,13.5,973.6,8,154,47
2011-05-13 16:00:00,12.1,976.2,8,94,54
2011-05-13 17:00:00,11.6,973.8,12,146,44
2011-05-13 18:00:00,12.5,980.3,4,90,31
2011-05-13 19:00:00,14.5,980,6,87,30
2011-05-13 20:00:00,11.7,977.1,6,141,52
2011-05-13 21:00:00,14.1,989.2,4,112,47
2011-05-13 22:00:00,15.6,972.2,9,187,42
2011-05-13 23:00:00,15.3,976.8,1,205,43
2011-05-14 00:00:00,13.3,980.8,12,196,42
2011-05-14 01:00:00,18.9,979.4,7,230,26
2011-05-14 02:00:00,19.9,977.8,7,230,41
2011-05-14 03:00:00,23,983.6,2,267,52
2011-05-14 04:00:00,19.9,984.7,13,283,35
2011-05-14 05:00:00,23.7,976.6,16,236,51
2011-05-14 06:00:00,22.2,987.5,10,258,46
2011-05-14 07:00:00,22,978,22,237,24
2011-05-14 08:00:00,19.5,981.3,7,266,44
2011-05-14 09:00:00,20.1,967.5,7,257,29
2011-05-14 10:00:00,23.2,984.1,12,195,59
2011-05-14 11:00:00,18.8,984.3,11,192,48
2011-05-14 12:00:00,17.8,980.2,8,197,30
2011-05-14 13:00:00,16.8,979.4,15,139,31
2011-05-14 14:00:00,15.5,977.9,2,99,37
2011-05-14 15:00:00,14.2,982.8,6,70,46
2011-05-14 16:00:00,15.4,980.6,11,99,35
2011-05-14 17:00:00,16.2,978.4,0,83,45
2011-05-14 18:00:00,13.6,976.2,0,65,42
2011-05-14 19:00:00,13.6,981.5,10,119,30
2011-05-14 20:00:00,12.3,978.6,12,99,44
2011-05-14 21:00:00,16.8,981,5,76,40
2011-05-14 22:00:00,18,988.2,6,206,37
2011-05-14 23:00:00,15.1,978.9,1,168,43
2011-05-15 00:00:00,18.5,983.9,10,215,30
2011-05-15 01:00:00,14.7,970.9,8,247,36
2011-05-15 02:00:00,21.9,981.6,8,272,28
2011-05-15 03:00:00,20.9,977.7,3,246,49
2011-05-15 04:00:00,22.8,982.4,7,260,43
2011-05-15 05:00:00,24.2,971.4,11,317,44
2011-05-15 06:00:00,21.6,986.4,6,288,46
2011-05-15 07:00:00,21.2,983,2,263,48
2011-05-15 08:00:00,21.5,968.3,1,240,38
2011-05-15 09:00:00,20.5,976.9,16,204,45
2011-05-15 10:00:00,19.9,977.3,1,237,48
2011-05-15 11:00:00,17.2,975.9,10,168,27
2011-05-15 12:00:00,16.1,978.5,12,128,60
2011-05-15 13:00:00,15.7,968.6,10,88,30
2011-05-15 14:00:00,18.3,971.7,2,137,31
2011-05-15 15:00:00,16,975.3,0,87,32
2011-05-15 16:00:00,16,973.7,1,80,40
2011-05-15 17:00:00,16.7,991.1,5,88,39
2011-05-15 18:00:00,12.2,975.5,10,87,34
2011-05-15 19:00:00,12.6,983.8,3,77,30
2011-05-15 21:00:00,15.8,976.4,2,108,39
2011-05-15 22:00:00,14.1,981.2,3,226,20
2011-05-15 23:00:00,18.5,983.2,10,164,54
2011-05-16 00:00:00,20.2,983.8,7,226,36
2011-05-16 01:00:00,20.7,979,1,227,37
2011-05-16 02:00:00,22.3,971.4,13,282,45
2011-05-16 03:00:00,24.5,970.4,4,257,44
2011-05-16 04:00:00,20.9,976.6,5,275,33
2011-05-16 05:00:00,22.2,971.9,2,241,37
2011-05-16 06:00:00,25.7,980.7,2,238,46
2011-05-16 07:00:00,22.9,979,8,250,35
2011-05-16 08:00:00,21.4,985.2,14,221,40
2011-05-16 09:00:00,19.9,983.1,7,218,39
2011-05-16 10:00:00,18.7,972.7,10,140,37
2011-05-16 11:00:00,18.5,985.3,6,170,41
2011-05-16 12:00:00,19.2,977.4,9,169,48
2011-05-16 13:00:00,16.1,984.8,5,135,39
2011-05-16 14:00:00,14.9,994.3,2,129,48
2011-05-16 16:00:00,15.2,974.4,1,64,39
2011-05-16 17:00:00,13,982.2,9,114,57
2011-05-16 18:00:00,14.7,979.9,6,103,38
2011-05-16 19:00:00,13.3,978.6,4,126,44
2011-05-16 20:00:00,12.1,981.7,6,131,47
2011-05-16 22:00:00,16.8,984.8,5,218,37
2011-05-16 23:00:00,18.4,974.4,10,192,48
2011-05-17 00:00:00,19,980.8,5,257,43
2011-05-17 01:00:00,21.3,978.5,6,290,50
2011-05-17 02:00:00,19.7,977.8,9,236,31
2011-05-17 03:00:00,20,971.4,7,278,49
2011-05-17 04:00:00,20.7,974,5,247,44
2011-05-17 05:00:00,23.9,985.2,10,280,35
2011-05-17 06:00:00,23.7,971.3,7,261,44
2011-05-17 07:00:00,21.2,974.2,1,261,34
2011-05-17 08:00:00,22.7,975.3,4,230,39
2011-05-17 09:00:00,20.5,982.4,1,283,46
2011-05-17 10:00:00,19.3,977.5,6,182,37
2011-05-17 11:00:00,21.4,971.9,10,148,45
2011-05-17 12:00:00,19.7,973.7,10,156,51
2011-05-17 13:00:00,16.5,985.7,7,103,41
2011-05-17 14:00:00,18.9,976.6,15,183,41
2011-05-17 15:00:00,16.1,984.9,3,150,46
2011-05-17 16:00:00,16.9,979.7,12,65,45
2011-05-17 17:00:00,14.8,977.6,16,125,41
2011-05-17 18:00:00,11.5,983.4,5,105,48
2011-05-17 19:00:00,15.6,976.8,6,117,40
2011-05-17 20:00:00,15.5,985.2,15,82,40
2011-05-17 21:00:00,16.7,982.2,3,148,35
2011-05-17 22:00:00,16.9,975.6,10,200,35
2011-05-17 23:00:00,17.1,974.6,8,186,44
2011-05-18 00:00:00,18.6,977.7,18,229,39
2011-05-18 01:00:00,20.6,977.8,2,270,44
2011-05-18 02:00:00,20.2,979.4,8,261,48
2011-05-18 03:00:00,20.1,977.7,8,258,42
2011-05-18 04:00:00,22.7,968.6,9,313,45
2011-05-18 05:00:00,22.4,982,4,262,45
2011-05-18 06:00:00,20.2,979.3,14,280,40
2011-05-18 07:00:00,20.5,976.7,5,320,28
2011-05-18 08:00:00,21.5,982.4,2,271,50
2011-05-18 09:00:00,23.1,984.2,0,198,20
2011-05-18 10:00:00,20,976.7,0,195,46
2011-05-18 11:00:00,20.1,969,13,218,40
2011-05-18 12:00:00,17.1,977.6,10,152,34
2011-05-18 13:00:00,16.7,977,9,196,36
2011-05-18 14:00:00,18.3,981.3,5,138,40
2011-05-18 15:00:00,14.8,977.2,11,126,51
2011-05-18 16:00:00,14.9,973,10,104,44
2011-05-18 17:00:00,12.6,981.1,10,86,37
2011-05-18 18:00:00,14.8,975.9,4,108,39
2011-05-18 19:00:00,14.2,973.4,11,106,29
2011-05-18 20:00:00,15.1,977.3,3,146,40
2011-05-18 21:00:00,16.2,978.8,4,119,39
2011-05-18 22:00:00,17.9,975.2,2,187,47
2011-05-18 23:00:00,17.7,972.8,7,176,40
2011-05-19 00:00:00,18.5,985.4,7,230,35
2011-05-19 01:00:00,20.4,971.3,5,261,38
2011-05-19 02:00:00,19.6,984.4,3,301,46
2011-05-19 03:00:00,24.3,985,11,219,45
2011-05-19 04:00:00,23.3,969.9,5,263,36
2011-05-19 05:00:00,24.6,976.7,10,273,38
2011-05-19 06:00:00,22.4,980.5,12,193,43
2011-05-19 07:00:00,24.1,982.3,4,227,39
2011-05-19 08:00:00,23.5,992.2,16,185,57
2011-05-19 09:00:00,22,977.5,9,172,52
2011-05-19 10:00:00,18.2,977.6,20,210,57
2011-05-19 11:00:00,21.9,987.8,21,145,41
2011-05-19 12:00:00,20.4,976.4,14,152,44
2011-05-19 13:00:00,16.4,980,8,138,37
2011-05-19 14:00:00,16.5,972.7,7,125,40
2011-05-19 15:00:00,13.2,978.2,1,102,40
2011-05-19 16:00:00,16.6,981.9,10,104,60
2011-05-19 17:00:00,13,973.5,2,79,41
2011-05-19 18:00:00,13.5,977.1,4,24,56
2011-05-19 19:00:00,15.6,974.1,0,104,44
2011-05-19 20:00:00,17.2,981.1,4,137,44
2011-05-19 21:00:00,16.4,981.7,8,192,41
2011-05-19 22:00:00,17.6,979.7,9,162,32
2011-05-19 23:00:00,18.3,975.6,6,169,55
2011-05-20 00:00:00,19.9,982.8,2,207,36
2011-05-20 01:00:00,21.4,980.3,17,264,31
2011-05-20 02:00:00,19.1,971.5,7,267,51
2011-05-20 03:00:00,25,977,4,290,45
2011-05-20 04:00:00,23.3,978.4,2,259,54
2011-05-20 05:00:00,20.6,978.2,5,252,30
2011-05-20 06:00:00,23.3,978.2,12,255,32
2011-05-20 07:00:00,23.6,984.2,3,273,29
2011-05-20 08:00:00,21.8,988.7,5,228,44
2011-05-20 09:00:00,22.1,974.8,5,207,28
2011-05-20 10:00:00,20.8,984.5,11,178,27
2011-05-20 11:00:00,19.7,981.1,2,184,43
2011-05-20 12:00:00,17.8,982.2,6,152,49
2011-05-20 13:00:00,17.4,976.5,6,165,47
2011-05-20 14:00:00,18.2,976.6,6,104,48
2011-05-20 15:00:00,14.6,976.1,4,93,47
2011-05-20 16:00:00,13.1,980.7,4,105,45
2011-05-20 17:00:00,15.3,969.8,3,92,60
2011-05-20 18:00:00,13.6,962.7,2,113,39
2011-05-20 19:00:00,17.1,989.3,4,105,41
2011-05-20 20:00:00,16.2,973.5,12,153,38
2011-05-20 21:00:00,15,973.8,5,149,38
2011-05-20 22:00:00,18.2,978.7,2,182,31
2011-05-20 23:00:00,16.5,975.3,10,187,46
2011-05-21 00:00:00,18.2,978,1,227,44
2011-05-21 01:00:00,19.2,983.3,9,226,41
2011-05-21 02:00:00,20.5,981.4,3,206,32
2011-05-21 03:00:00,22.2,986.1,4,263,43
2011-05-21 04:00:00,22.4,971,2,228,28
2011-05-21 05:00:00,21.6,975.5,14,269,29
2011-05-21 06:00:00,22.1,979.8,10,300,42
2011-05-21 07:00:00,23.1,973.9,1,292,34
2011-05-21 08:00:00,25.7,972.3,9,202,27
2011-05-21 09:00:00,21.1,972.6,0,212,47
2011-05-21 10:00:00,21.4,979,7,207,45
2011-05-21 11:00:00,21.4,973.7,13,165,40
2011-05-21 12:00:00,16.8,969.4,8,196,38
2011-05-21 13:00:00,18.3,973.1,10,138,48
2011-05-21 14:00:00,14.6,971.9,10,94,21
2011-05-21 15:00:00,13.5,976.1,9,71,42
2011-05-21 16:00:00,14.5,978.8,8,75,49
2011-05-21 17:00:00,14.1,990.7,8,59,32
2011-05-21 18:00:00,14.3,980.7,5,91,51
2011-05-21 19:00:00,14.3,979.3,2,100,42
2011-05-21 20:00:00,15.8,983,12,77,41
2011-05-21 21:00:00,15.7,974.5,1,162,48
2011-05-21 22:00:00,16.5,974.1,6,184,31
2011-05-21 23:00:00,19,980.2,7,179,49
2011-05-22 00:00:00,21.6,971.3,1,250,36
2011-05-22 01:00:00,18.5,980.1,4,224,37
2011-05-22 02:00:00,21.1,985.5,11,245,35
2011-05-22 03:00:00,20.5,981.5,1,297,36
2011-05-22 04:00:00,24.2,980.4,2,274,33
2011-05-22 05:00:00,20.5,974.8,8,279,47
2011-05-22 06:00:00,21.8,981.2,8,250,50
2011-05-22 07:00:00,23.3,983,4,271,43
2011-05-22 08:00:00,20.8,983.5,13,231,29
2011-05-22 09:00:00,22,978.3,3,183,38
2011-05-22 10:00:00,23.5,981.7,11,189,39
2011-05-22 11:00:00,17.7,973.1,2,198,48
2011-05-22 12:00:00,20,980.4,3,130,29
2011-05-22 13:00:00,18.4,980.4,7,107,41
2011-05-22 14:00:00,16.8,973.9,2,116,35
2011-05-22 15:00:00,18.6,976.5,12,96,50
2011-05-22 16:00:00,15.1,981.4,6,63,38
2011-05-22 17:00:00,12.1,975.7,1,106,39
2011-05-22 18:00:00,17.6,977.4,2,92,42
2011-05-22 19:00:00,15.9,977.7,9,140,55
2011-05-22 20:00:00,15.4,974,2,106,41
2011-05-22 21:00:00,15.7,970.1,0,145,53
2011-05-22 22:00:00,19.2,973,8,195,46
2011-05-22 23:00:00,19.6,981.8,2,180,40
2011-05-23 00:00:00,22.1,978,1,263,46
2011-05-23 01:00:00,20.2,980.8,2,244,37
2011-05-23 02:00:00,22.6,982.3,7,266,41
2011-05-23 03:00:00,19.7,981.7,3,264,32
2011-05-23 04:00:00,21.4,984.5,9,282,40
2011-05-23 05:00:00,22.6,973,5,202,44
2011-05-23 06:00:00,21.8,975.5,7,295,30
2011-05-23 07:00:00,22.2,977,4,273,48
2011-05-23 08:00:00,22.9,970.4,11,217,28
2011-05-23 09:00:00,21.7,979.1,8,239,54
2011-05-23 10:00:00,19.9,980,5,197,54
2011-05-23 11:00:00,20.4,980.3,13,204,49
2011-05-23 12:00:00,19.4,988,7,166,28
2011-05-23 13:00:00,19.2,974.5,11,182,39
2011-05-23 14:00:00,18.2,977,13,111,30
2011-05-23 15:00:00,14.8,971.5,0,62,28
2011-05-23 16:00:00,15.2,967.9,5,51,34
2011-05-23 17:00:00,16.8,973.7,4,116,47
2011-05-23 18:00:00,11.9,979.6,8,94,48
2011-05-23 19:00:00,17.6,975.2,6,132,53
2011-05-23 20:00:00,12.9,969.5,4,146,48
2011-05-23 21:00:00,18.1,986.7,5,121,39
2011-05-23 22:00:00,15.9,979.4,2,108,34
2011-05-23 23:00:00,20.5,972,13,179,34
2011-05-24 00:00:00,20,975,11,192,49
2011-05-24 01:00:00,20.6,979.7,18,238,49
2011-05-24 02:00:00,21.5,985.8,4,203,47
2011-05-24 03:00:00,24.8,973.9,10,283,45
2011-05-24 04:00:00,26.3,982.7,7,266,39
2011-05-24 05:00:00,20.8,980.5,12,304,25
2011-05-24 06:00:00,24.5,967.3,6,273,43
2011-05-24 07:00:00,24.8,987.8,13,246,24
2011-05-24 08:00:00,24.1,975.6,5,205,35
2011-05-24 09:00:00,22.2,974.7,2,211,47
2011-05-24 10:00:00,22,985.2,8,205,38
2011-05-24 11:00:00,21.1,978.4,5,161,39
2011-05-24 12:00:00,19.3,974.2,2,114,39
2011-05-24 13:00:00,20.1,985.9,16,154,47
2011-05-24 14:00:00,16.8,970.2,1,86,39
2011-05-24 15:00:00,17.2,982.5,1,54,36
2011-05-24 16:00:00,13.2,985.7,0,119,36
2011-05-24 17:00:00,14.9,981.1,7,112,45
2011-05-24 18:00:00,13.9,972.6,1,105,48
2011-05-24 19:00:00,17,978.4,6,107,37
2011-05-24 20:00:00,16.4,973.9,3,114,46
2011-05-24 21:00:00,16.9,972.8,4,116,36
2011-05-24 22:00:00,22.2,979.7,2,172,40
2011-05-24 23:00:00,21.6,972.5,12,186,46
2011-05-25 00:00:00,19,979.8,2,186,48
2011-05-25 01:00:00,22.3,996.4,7,177,58
2011-05-25 02:00:00,21.2,984.6,13,229,44
2011-05-25 03:00:00,23.2,971,4,309,38
2011-05-25 04:00:00,25.5,986.7,2,272,51
2011-05-25 05:00:00,21.2,973,9,286,47
2011-05-25 06:00:00,23.4,995.1,3,337,41
2011-05-25 07:00:00,21,980.4,9,218,30
2011-05-25 08:00:00,27,976.4,11,194,41
2011-05-25 09:00:00,22.3,974.8,14,243,40
2011-05-25 10:00:00,20.7,977.8,5,212,35
2011-05-25 11:00:00,22.3,968.3,1,238,45
2011-05-25 12:00:00,17.6,971.9,11,166,38
2011-05-25 13:00:00,17.4,982.2,2,102,36
2011-05-25 14:00:00,17.7,976.2,2,121,33
2011-05-25 15:00:00,17,978.6,4,145,45
2011-05-25 16:00:00,15.7,976.3,15,67,28
2011-05-25 17:00:00,15.8,980.3,5,60,45
2011-05-25 18:00:00,13,987.3,0,86,31
2011-05-25 19:00:00,14.8,973.8,8,121,55
2011-05-25 20:00:00,16.7,965.3,5,60,36
2011-05-25 21:00:00,14.9,962.9,8,34,31
2011-05-25 23:00:00,20.1,979.3,5,184,58
2011-05-26 00:00:00,18.3,973.9,15,211,42
2011-05-26 01:00:00,22,969.7,3,205,54
2011-05-26 02:00:00,21.5,976.1,9,279,39
2011-05-26 03:00:00,21.8,983.9,10,263,35
2011-05-26 04:00:00,27,971.6,9,211,49
2011-05-26 05:00:00,22.5,978.6,5,262,30
2011-05-26 06:00:00,23.8,990.1,2,262,37
2011-05-26 07:00:00,22.4,970.1,9,262,33
2011-05-26 08:00:00,22.1,972.5,6,287,34
2011-05-26 09:00:00,23.6,971.5,1,203,41
2011-05-26 10:00:00,21.6,984.5,1,215,49
2011-05-26 11:00:00,22.6,986.5,10,150,34
2011-05-26 12:00:00,18.2,981.6,5,132,42
2011-05-26 13:00:00,21,981.9,8,153,55
2011-05-26 14:00:00,16.5,987.2,2,124,27
2011-05-26 15:00:00,16.4,986.3,3,127,34
2011-05-26 16:00:00,16.6,980,5,60,31
2011-05-26 17:00:00,15.7,972.5,10,97,47
2011-05-26 18:00:00,14.6,987.8,3,115,39
2011-05-26 19:00:00,15,974.3,6,82,37
2011-05-26 20:00:00,15.4,979.9,9,151,43
2011-05-26 21:00:00,15.4,981.9,4,94,41
2011-05-26 22:00:00,19.1,978,4,159,46
2011-05-26 23:00:00,17.9,976.2,7,191,42
2011-05-27 00:00:00,20.5,975.7,9,186,27
2011-05-27 01:00:00,20.1,987.7,13,204,47
2011-05-27 02:00:00,23.3,977.1,9,209,44
2011-05-27 03:00:00,21.5,971.5,2,309,43
2011-05-27 04:00:00,23.6,977,9,259,37
2011-05-27 05:00:00,24.6,979.3,12,269,53
2011-05-27 06:00:00,24.1,975.1,7,237,41
2011-05-27 07:00:00,24.5,981.6,4,277,36
2011-05-27 08:00:00,26,992.2,9,250,59
2011-05-27 09:00:00,24,970.9,13,200,48
2011-05-27 10:00:00,19.2,979.9,11,185,43
2011-05-27 11:00:00,21.5,984.8,3,112,30
2011-05-27 12:00:00,20.5,971.8,2,136,37
2011-05-27 13:00:00,17.9,985.4,7,109,34
2011-05-27 14:00:00,18.3,979.8,7,133,53
2011-05-27 15:00:00,14.8,983,5,67,38
2011-05-27 16:00:00,19,975.7,13,46,33
2011-05-27 17:00:00,15.5,981.7,9,66,33
2011-05-27 18:00:00,15.8,978.1,14,88,47
2011-05-27 19:00:00,15,974.3,4,75,49
2011-05-27 20:00:00,11.4,977.4,2,142,42
2011-05-27 21:00:00,15.6,985.3,6,148,48
2011-05-27 22:00:00,16.3,981.7,9,138,42
2011-05-27 23:00:00,19.4,980,7,223,32
2011-05-28 00:00:00,16.7,979.7,4,244,32
2011-05-28 01:00:00,22.1,979.1,3,224,36
2011-05-28 02:00:00,20.3,977.5,9,260,41
2011-05-28 03:00:00,22.6,979.3,5,243,39
2011-05-28 04:00:00,23.3,969.9,11,317,45
2011-05-28 05:00:00,21.5,976,4,304,44
2011-05-28 06:00:00,24.3,982,6,246,43
2011-05-28 07:00:00,23.4,979.7,5,285,48
2011-05-28 08:00:00,23.2,978.7,1,213,42
2011-05-28 09:00:00,22.9,967.7,0,195,36
2011-05-28 10:00:00,22.2,971.4,10,202,46
2011-05-28 11:00:00,23.3,978.1,18,178,64
2011-05-28 12:00:00,19.2,984.1,2,161,51
2011-05-28 13:00:00,19.7,977.3,7,84,48
2011-05-28 14:00:00,19.8,991,5,128,37
2011-05-28 15:00:00,18.7,975.1,12,86,45
2011-05-28 16:00:00,17.5,985.9,13,123,51
2011-05-28 17:00:00,14.9,972.3,6,138,40
2011-05-28 18:00:00,15.3,985.1,4,118,29
2011-05-28 19:00:00,16.2,980.4,9,97,46
2011-05-28 20:00:00,18.6,985.1,3,129,32
2011-05-28 21:00:00,17.7,973.6,2,130,46
2011-05-28 22:00:00,20.1,983.1,3,190,30
2011-05-28 23:00:00,17.7,981,0,226,56
2011-05-29 00:00:00,17.7,982.2,0,233,24
2011-05-29 01:00:00,22.4,975.1,5,259,47
2011-05-29 02:00:00,20.7,982,4,243,43
2011-05-29 03:00:00,22.7,975.2,3,270,46
2011-05-29 04:00:00,21.1,987.5,4,290,46
2011-05-29 05:00:00,23.5,969.3,11,242,32
2011-05-29 06:00:00,25.6,989.7,16,197,41
2011-05-29 07:00:00,23.3,973.8,3,226,43
2011-05-29 08:00:00,21.1,972.7,12,222,42
2011-05-29 09:00:00,24.6,980.2,7,209,38
2011-05-29 10:00:00,20.1,993,1,175,44
2011-05-29 11:00:00,20.6,981,6,114,33
2011-05-29 12:00:00,20.6,978.9,2,117,45
2011-05-29 13:00:00,20,984.8,0,101,38
2011-05-29 14:00:00,18.1,980.4,14,140,45
2011-05-29 15:00:00,17.1,984.4,3,97,45
2011-05-29 16:00:00,16.1,983.6,5,60,46
2011-05-29 17:00:00,15,981.5,13,48,27
2011-05-29 18:00:00,18.1,979,7,85,26
2011-05-29 19:00:00,17.5,976.4,2,89,37
2011-05-29 20:00:00,14.7,975.9,0,68,24
2011-05-29 21:00:00,17.3,979.4,5,167,42
2011-05-29 22:00:00,17.5,978.3,5,124,48
2011-05-29 23:00:00,18.1,986.2,5,156,34
2011-05-30 00:00:00,19.7,978.7,10,212,49
2011-05-30 01:00:00,21.4,983.3,8,260,51
2011-05-30 02:00:00,22.4,980.6,15,291,41
2011-05-30 03:00:00,25.6,974.5,4,261,47
2011-05-30 04:00:00,21.9,970.5,5,284,26
2011-05-30 05:00:00,25.8,986.5,4,247,40
2011-05-30 06:00:00,24.6,979,10,232,39
2011-05-30 07:00:00,24,964.9,1,225,38
2011-05-30 08:00:00,23.3,975.1,5,197,44
2011-05-30 09:00:00,21.1,973.5,2,204,44
2011-05-30 10:00:00,23.9,978.2,11,201,37
2011-05-30 11:00:00,21.5,976.5,0,195,35
2011-05-30 12:00:00,20.9,977.2,5,127,30
2011-05-30 13:00:00,19.1,995.8,8,160,40
2011-05-30 14:00:00,19.2,973.2,12,105,43
2011-05-30 15:00:00,17.1,979.3,2,60,42
2011-05-30 16:00:00,16,973.4,5,120,23
2011-05-30 17:00:00,14.4,976.2,2,48,30
2011-05-30 18:00:00,16.2,973.8,4,38,50
2011-05-30 19:00:00,18.4,989.7,10,25,29
2011-05-30 20:00:00,19.8,991.5,14,114,34
2011-05-30 21:00:00,14.4,981.5,1,144,45
2011-05-30 22:00:00,18,990.5,8,169,50
2011-05-30 23:00:00,21.3,983.1,12,160,38
2011-05-31 01:00:00,21.4,984.8,2,234,45
2011-05-31 02:00:00,22.7,977.4,8,246,52
2011-05-31 03:00:00,22.5,967,7,296,51
2011-05-31 04:00:00,24,968.8,14,273,42
2011-05-31 05:00:00,23.3,980,5,244,35
2011-05-31 06:00:00,25.2,979.9,2,228,31
2011-05-31 07:00:00,23.3,971,2,256,58
2011-05-31 08:00:00,23.5,970.7,9,235,41
2011-05-31 09:00:00,21.1,977.9,6,195,44
2011-05-31 10:00:00,18.9,978.7,3,163,47
2011-05-31 11:00:00,19.7,969.3,9,171,38
2011-05-31 12:00:00,22.6,982,6,152,27
2011-05-31 13:00:00,21.4,982,4,100,36
2011-05-31 14:00:00,18.9,971.8,12,55,42
2011-05-31 15:00:00,19,985.7,6,162,38
2011-05-31 16:00:00,18.1,982,6,57,49
2011-05-31 17:00:00,17.4,977,11,92,46
2011-05-31 18:00:00,14.3,981.9,7,129,29
2011-05-31 19:00:00,17.9,981.2,13,51,24
2011-05-31 20:00:00,17.4,979.8,12,81,34
2011-05-31 21:00:00,17.4,974.5,8,97,38
2011-05-31 22:00:00,16.8,973.4,7,170,42
2011-05-31 23:00:00,20.7,977,8,176,32
2011-06-01 00:00:00,21,981,7,243,45
2011-06-01 01:00:00,20.6,976.3,17,162,48
2011-06-01 02:00:00,21.9,977.9,9,223,41
2011-06-01 03:00:00,22.3,982.3,1,314,46
2011-06-01 04:00:00,24.6,984.1,2,294,45
2011-06-01 06:00:00,25.7,979.4,3,216,39
2011-06-01 07:00:00,25,986.7,1,255,49
2011-06-01 08:00:00,22.4,967.1,2,224,34
2011-06-01 09:00:00,20.9,976.4,3,264,43
2011-06-01 10:00:00,24.5,985.6,11,206,36
2011-06-01 11:00:00,22.1,978.4,3,162,43
2011-06-01 12:00:00,20.6,981.8,7,138,40
2011-06-01 13:00:00,19.1,974.1,5,149,39
2011-06-01 14:00:00,19.1,984.1,1,144,32
2011-06-01 15:00:00,16.9,982.3,7,105,45
2011-06-01 16:00:00,16.2,981.1,0,47,52
2011-06-01 17:00:00,15.2,977.8,2,92,43
2011-06-01 18:00:00,17.6,968.2,2,67,42
2011-06-01 19:00:00,17.6,966.1,14,138,33
2011-06-01 20:00:00,15.6,971.1,4,106,31
2011-06-01 21:00:00,16.3,979.7,14,186,52
2011-06-01 22:00:00,14.2,980.7,4,152,55
2011-06-01 23:00:00,19.7,973.4,0,146,34
2011-06-02 00:00:00,18.9,982.1,9,226,39
2011-06-02 01:00:00,21.2,981.5,0,224,33
2011-06-02 03:00:00,24.2,975.6,6,242,36
2011-06-02 04:00:00,22.5,976.3,2,268,45
2011-06-02 05:00:00,21.9,986.4,5,221,40
2011-06-02 06:00:00,21.9,967.8,16,228,30
2011-06-02 07:00:00,25.3,976,2,284,49
2011-06-02 08:00:00,24.5,983.4,1,249,55
2011-06-02 09:00:00,20.9,976.5,6,199,33
2011-06-02 10:00:00,22,980.2,8,222,32
2011-06-02 11:00:00,23.6,973.9,6,174,36
2011-06-02 12:00:00,20.1,978.7,9,183,43
2011-06-02 13:00:00,19.2,979.9,10,112,39
2011-06-02 14:00:00,15.9,978.7,2,128,44
2011-06-02 15:00:00,18.6,974.5,6,111,53
2011-06-02 16:00:00,17.5,978.7,8,51,48
2011-06-02 17:00:00,18.5,972.5,8,93,29
2011-06-02 18:00:00,16.1,979.5,2,83,41
2011-06-02 19:00:00,16.1,972.2,2,54,40
2011-06-02 20:00:00,18.7,959.2,2,70,41
2011-06-02 21:00:00,18.8,978.4,14,103,40
2011-06-02 22:00:00,20.1,971.7,6,148,45
2011-06-02 23:00:00,18.8,973.4,17,214,41
2011-06-03 00:00:00,20.9,981,4,161,31
2011-06-03 01:00:00,20.1,981.9,4,274,46
2011-06-03 02:00:00,23.4,963.3,3,282,28
2011-06-03 03:00:00,23.4,980.2,9,219,42
2011-06-03 04:00:00,23.7,982.6,3,224,40
2011-06-03 05:00:00,25.3,979.3,13,261,38
2011-06-03 06:00:00,23.3,971.9,9,285,53
2011-06-03 07:00:00,25.3,984.2,1,240,43
2011-06-03 08:00:00,24.5,981.8,0,215,27
2011-06-03 09:00:00,25.2,988,4,181,44
2011-06-03 10:00:00,22.4,977.2,9,213,24
2011-06-03 11:00:00,20.8,979.6,6,212,37
2011-06-03 12:00:00,21.1,967.1,6,158,49
2011-06-03 13:00:00,21.1,998.8,3,159,27
2011-06-03 14:00:00,17.4,976.8,6,134,42
2011-06-03 15:00:00,17.8,981.8,7,106,39
2011-06-03 16:00:00,15.8,978.9,2,72,54
2011-06-03 17:00:00,16.3,980.4,3,126,38
2011-06-03 18:00:00,17.2,976.5,9,95,48
2011-06-03 19:00:00,14,976.8,4,72,43
2011-06-03 20:00:00,14,986.7,6,108,37
2011-06-03 21:00:00,19,975,7,139,33
2011-06-03 22:00:00,18.6,990.6,2,116,38
2011-06-03 23:00:00,22.3,991.1,12,136,22
2011-06-04 00:00:00,21.5,978.3,2,175,49
2011-06-04 01:00:00,24.3,986.1,11,213,38
2011-06-04 02:00:00,21.4,978.5,2,279,34
2011-06-04 03:00:00,24,982.4,6,284,41
2011-06-04 04:00:00,25.2,980.3,0,238,47
2011-06-04 05:00:00,25.5,974.9,2,293,40
2011-06-04 06:00:00,24.3,977,10,275,44
2011-06-04 07:00:00,26.4,980.1,1,226,53
2011-06-04 08:00:00,24.6,978.6,3,271,23
2011-06-04 09:00:00,23.2,980.6,4,190,51
2011-06-04 10:00:00,23.3,973.4,3,135,50
2011-06-04 11:00:00,21.2,975.2,2,144,49
2011-06-04 12:00:00,22.9,969,10,151,34
2011-06-04 13:00:00,23.5,974.2,1,119,38
2011-06-04 14:00:00,18.3,978.6,8,113,58
2011-06-04 15:00:00,17.8,981.9,4,22,40
2011-06-04 16:00:00,20.3,987.9,6,63,36
2011-06-04 17:00:00,16.9,980.6,7,70,49
2011-06-04 18:00:00,16.5,977.5,9,68,42
2011-06-04 19:00:00,17,983.5,4,148,46
2011-06-04 20:00:00,18.2,975,10,115,30
2011-06-04 21:00:00,17.9,976,2,131,44
2011-06-04 22:00:00,19.6,989.3,17,130,40
2011-06-04 23:00:00,21,972.9,6,208,32
2011-06-05 00:00:00,20.2,995.3,1,197,43
2011-06-05 01:00:00,21.8,976.3,2,252,51
2011-06-05 02:00:00,22,974.9,2,240,29
2011-06-05 03:00:00,22.4,989.6,4,238,37
2011-06-05 04:00:00,23.4,978.4,5,270,42
2011-06-05 05:00:00,25.6,992.1,5,256,51
2011-06-05 06:00:00,22.6,970.9,1,278,50
2011-06-05 07:00:00,26.6,969.5,8,250,54
2011-06-05 08:00:00,23.9,970.3,9,229,43
2011-06-05 09:00:00,23,980,2,293,42
2011-06-05 10:00:00,18.8,985,6,199,34
2011-06-05 11:00:00,23.3,983.2,6,190,41
2011-06-05 12:00:00,20,970,9,121,44
2011-06-05 13:00:00,19.8,977.5,3,153,39
2011-06-05 14:00:00,20.3,976.1,17,51,38
2011-06-05 15:00:00,19,981.7,5,48,20
2011-06-05 16:00:00,18.5,974.1,8,48,42
2011-06-05 17:00:00,16.6,981.3,1,80,37
2011-06-05 18:00:00,18.5,985.8,0,100,41
2011-06-05 19:00:00,19.1,980,4,140,55
2011-06-05 20:00:00,16.7,975.8,4,86,40
2011-06-05 21:00:00,18,987.7,2,153,50
2011-06-05 22:00:00,18.5,974,10,183,59
2011-06-05 23:00:00,20.9,964.8,7,232,52
2011-06-06 00:00:00,20.5,978.1,11,213,39
2011-06-06 01:00:00,21.4,962.3,5,247,28
2011-06-06 02:00:00,25.9,975,4,270,48
2011-06-06 03:00:00,23.1,989.7,6,240,27
2011-06-06 05:00:00,22.7,967.8,3,302,46
2011-06-06 06:00:00,26.1,985.5,8,239,29
2011-06-06 07:00:00,24.6,973.4,11,280,33
2011-06-06 08:00:00,24.1,969.5,3,240,33
2011-06-06 09:00:00,22.6,992.4,3,204,30
2011-06-06 10:00:00,23,971,10,188,57
2011-06-06 11:00:00,20.9,980.3,6,204,33
2011-06-06 12:00:00,21.1,983.2,16,147,39
2011-06-06 13:00:00,20.2,976.2,2,156,50
2011-06-06 14:00:00,19.6,969.8,1,80,49
2011-06-06 16:00:00,18,984.8,8,132,39
2011-06-06 17:00:00,16.1,970.6,4,42,30
2011-06-06 18:00:00,16.3,982.4,5,95,36
2011-06-06 19:00:00,18.4,976.7,1,131,41
2011-06-06 20:00:00,17.1,980.2,9,91,38
2011-06-06 21:00:00,19.7,972,3,157,44
2011-06-06 22:00:00,18.9,983.7,7,179,44
2011-06-06 23:00:00,19.2,978.9,3,186,44
2011-06-07 00:00:00,21.9,965.1,18,198,39
2011-06-07 01:00:00,22.2,972.3,9,203,41
2011-06-07 02:00:00,25.2,975.6,4,263,37
2011-06-07 03:00:00,24.8,982.8,2,334,40
2011-06-07 04:00:00,26.1,976.4,3,216,27
2011-06-07 05:00:00,24.3,986.5,0,291,43
2011-06-07 06:00:00,25.1,978.5,2,258,31
2011-06-07 07:00:00,26.6,970.9,1,252,41
2011-06-07 08:00:00,25.2,978.1,3,224,45
2011-06-07 09:00:00,24,980.7,3,240,46
2011-06-07 10:00:00,25.2,966.8,4,217,44
2011-06-07 11:00:00,20.3,977.8,9,161,36
2011-06-07 12:00:00,22,978.4,10,136,33
2011-06-07 13:00:00,19.7,990,1,192,40
2011-06-07 14:00:00,17.8,968.2,12,89,47
2011-06-07 15:00:00,16.7,973.8,11,156,34
2011-06-07 16:00:00,16.8,978.5,1,114,48
2011-06-07 17:00:00,16.3,983.8,1,105,49
2011-06-07 19:00:00,17.3,985.5,4,104,38
2011-06-07 20:00:00,17.8,974.9,7,160,39
2011-06-07 21:00:00,19,987.6,8,140,31
2011-06-07 22:00:00,18,969.5,12,169,36
2011-06-07 23:00:00,21.7,976.2,1,189,53
2011-06-08 00:00:00,21.2,985,1,184,37
2011-06-08 01:00:00,22.6,971.4,2,243,41
2011-06-08 02:00:00,23,971.7,8,255,40
2011-06-08 03:00:00,24.1,981.4,0,250,47
2011-06-08 04:00:00,22.9,970.2,9,260,26
2011-06-08 05:00:00,24.9,970.7,2,274,43
2011-06-08 06:00:00,24.2,965.8,0,258,28
2011-06-08 07:00:00,22.7,978.6,10,217,43
2011-06-08 08:00:00,24.2,987.3,10,226,23
2011-06-08 09:00:00,26.9,983.6,0,282,43
2011-06-08 10:00:00,24.2,979.3,0,191,36
2011-06-08 11:00:00,21,982.9,3,139,52
2011-06-08 12:00:00,19.8,984.1,6,175,52
2011-06-08 13:00:00,23.4,979.9,2,125,45
2011-06-08 14:00:00,19.2,972,1,140,41
2011-06-08 15:00:00,19.5,989.9,2,105,45
2011-06-08 16:00:00,15.5,983.8,7,103,45
2011-06-08 17:00:00,17.2,982.9,5,98,40
2011-06-08 18:00:00,17.2,983.3,7,98,28
2011-06-08 19:00:00,18.2,977,11,132,32
2011-06-08 20:00:00,16.1,975.2,2,127,42
2011-06-08 21:00:00,18.4,963.4,18,86,31
2011-06-08 22:00:00,21.1,982.5,7,164,57
2011-06-08 23:00:00,20.7,989.9,5,151,46
2011-06-09 00:00:00,23,972.6,15,182,46
2011-06-09 01:00:00,22.3,985.6,13,217,32
2011-06-09 02:00:00,24.4,985.3,4,228,60
2011-06-09 03:00:00,24.3,990.2,2,210,43
2011-06-09 04:00:00,24.9,974.8,12,225,40
2011-06-09 05:00:00,25.4,984.9,8,273,50
2011-06-09 06:00:00,24.8,967.3,3,280,45
2011-06-09 07:00:00,24.6,975.7,6,252,43
2011-06-09 08:00:00,20.5,983.2,4,236,39
2011-06-09 09:00:00,23.8,993.7,1,198,38
2011-06-09 10:00:00,22.8,971.5,3,189,43
2011-06-09 11:00:00,20.9,975.2,8,122,45
2011-06-09 12:00:00,20.7,978.9,5,222,45
2011-06-09 13:00:00,19,985.5,2,176,44
2011-06-09 14:00:00,21,971.8,3,120,43
2011-06-09 15:00:00,19.4,991.6,14,74,38
2011-06-09 16:00:00,16.7,974.6,3,133,36
2011-06-09 17:00:00,19.6,976.8,8,66,37
2011-06-09 18:00:00,15.2,982.6,4,89,59
2011-06-09 19:00:00,16.3,979.6,5,109,42
2011-06-09 20:00:00,18.1,987.5,3,145,50
2011-06-09 21:00:00,17.7,973.5,4,146,20
2011-06-09 22:00:00,20,977.9,13,142,37
2011-06-09 23:00:00,19.5,976.3,4,163,51
2011-06-10 00:00:00,19.5,979.5,9,224,41
2011-06-10 01:00:00,21.3,980.4,9,248,51
2011-06-10 02:00:00,25,980.9,5,320,43
2011-06-10 03:00:00,23.8,970.2,13,228,43
2011-06-10 04:00:00,23.5,975.9,4,288,55
2011-06-10 05:00:00,24.8,980,8,213,35
2011-06-10 06:00:00,21.9,980.4,3,251,26
2011-06-10 07:00:00,23.8,971,1,245,42
2011-06-10 08:00:00,23.9,970.7,3,251,48
2011-06-10 09:00:00,24.5,977,7,248,44
2011-06-10 10:00:00,23.4,977.6,2,169,26
2011-06-10 11:00:00,23,978.3,7,154,42
2011-06-10 13:00:00,22.8,975.7,8,130,41
2011-06-10 14:00:00,20.5,986.5,4,108,38
2011-06-10 15:00:00,18.5,972.4,14,86,48
2011-06-10 16:00:00,16.4,984.6,0,102,30
2011-06-10 17:00:00,17.3,983.7,10,112,39
2011-06-10 18:00:00,19.2,976.5,3,109,36
2011-06-10 19:00:00,15.6,983.2,14,143,28
2011-06-10 20:00:00,22.1,978.8,12,141,49
2011-06-10 21:00:00,16,972.2,5,139,45
2011-06-10 22:00:00,17.3,985.9,1,151,52
2011-06-10 23:00:00,18.9,987.4,9,212,38
2011-06-11 00:00:00,21.8,979.9,1,133,39
2011-06-11 01:00:00,19.5,985.1,11,206,40
2011-06-11 02:00:00,23.8,980.1,2,243,40
2011-06-11 03:00:00,22.5,981.1,2,260,36
2011-06-11 04:00:00,24.3,975.4,3,264,50
2011-06-11 05:00:00,25.3,974.8,13,269,24
2011-06-11 06:00:00,24,970.8,0,292,37
2011-06-11 07:00:00,25.4,978.2,0,276,50
2011-06-11 08:00:00,23.7,964.1,8,273,20
2011-06-11 09:00:00,25.5,974.9,1,252,28
2011-06-11 10:00:00,22.5,973.9,1,235,39
2011-06-11 11:00:00,22.3,982,10,225,56
2011-06-11 12:00:00,21,973.6,0,124,39
2011-06-11 13:00:00,22.2,973.9,1,149,45
2011-06-11 14:00:00,18.2,994.5,6,99,33
2011-06-11 15:00:00,16.1,975.2,9,106,40
2011-06-11 16:00:00,19.9,964.2,11,103,48
2011-06-11 17:00:00,17.4,984,6,108,44
2011-06-11 18:00:00,20.2,980.7,5,96,47
2011-06-11 19:00:00,18.8,970.8,1,157,34
2011-06-11 20:00:00,18.3,973.5,2,96,33
2011-06-11 21:00:00,15.3,973.1,3,198,40
2011-06-11 22:00:00,19,983.4,2,123,32
2011-06-11 23:00:00,19.7,975.4,9,224,51
2011-06-12 00:00:00,24.2,970.5,1,200,32
2011-06-12 01:00:00,20,977.1,7,230,36
2011-06-12 03:00:00,26.7,987.3,4,270,57
2011-06-12 04:00:00,23,984.1,8,293,41
2011-06-12 05:00:00,23.9,973.1,5,265,49
2011-06-12 06:00:00,25.1,977.1,10,269,32
2011-06-12 07:00:00,25,989.7,4,230,47
2011-06-12 08:00:00,25.3,977.5,4,259,35
2011-06-12 09:00:00,25.9,983.5,4,262,42
2011-06-12 10:00:00,24.6,975.1,7,221,41
2011-06-12 11:00:00,22.3,978,4,212,50
2011-06-12 12:00:00,23.9,971.6,9,186,56
2011-06-12 13:00:00,19.9,974.5,11,142,26
2011-06-12 14:00:00,19.7,981.7,10,140,36
2011-06-12 15:00:00,20.3,979.9,3,119,52
2011-06-12 16:00:00,20.3,979.5,1,103,30
2011-06-12 17:00:00,19.2,975.1,9,121,52
2011-06-12 18:00:00,18.8,980.9,2,113,41
2011-06-12 20:00:00,20,977.5,1,112,57
2011-06-12 21:00:00,18.1,978.8,1,191,63
2011-06-12 22:00:00,20.3,977.8,7,143,36
2011-06-12 23:00:00,19.6,976.1,5,166,37
2011-06-13 00:00:00,21.6,980.6,4,183,52
2011-06-13 01:00:00,22.8,983.7,8,228,54
2011-06-13 03:00:00,23.1,977.4,9,289,45
2011-06-13 04:00:00,26.6,980.4,3,252,50
2011-06-13 05:00:00,23.4,974.7,1,285,43
2011-06-13 06:00:00,25.5,980.8,0,230,28
2011-06-13 07:00:00,25,970,2,243,31
2011-06-13 08:00:00,23.8,972.4,12,226,39
2011-06-13 09:00:00,24.1,988.5,7,217,42
2011-06-13 10:00:00,24.6,990.4,8,191,35
2011-06-13 11:00:00,19.6,973.2,2,169,37
2011-06-13 12:00:00,20.6,990.2,9,129,40
2011-06-13 13:00:00,20.8,979.7,2,163,42
2011-06-13 14:00:00,19.4,971.1,5,108,35
2011-06-13 15:00:00,19.1,977.5,2,85,40
2011-06-13 16:00:00,18.2,977,7,99,35
2011-06-13 17:00:00,17.7,987.9,1,96,30
2011-06-13 18:00:00,18.1,973.7,3,132,44
2011-06-13 19:00:00,16.4,976.8,4,105,39
2011-06-13 20:00:00,17.9,980.7,6,59,45
2011-06-13 21:00:00,16.4,973.2,5,127,42
2011-06-13 22:00:00,19,976.5,8,166,34
2011-06-13 23:00:00,21.3,981.3,3,205,31
2011-06-14 00:00:00,24.2,990.4,2,200,39
2011-06-14 01:00:00,22.5,981,9,193,33
2011-06-14 02:00:00,22.9,985.6,7,252,36
2011-06-14 03:00:00,26,977.9,4,297,36
2011-06-14 04:00:00,23.6,965.6,3,260,37
2011-06-14 05:00:00,24.2,978.9,2,269,42
2011-06-14 06:00:00,24.7,978.5,18,285,42
2011-06-14 07:00:00,28.4,981.6,5,256,44
2011-06-14 08:00:00,24.2,983.6,7,242,45
2011-06-14 09:00:00,22.4,976,3,235,35
2011-06-14 10:00:00,22.4,975.5,6,200,47
2011-06-14 11:00:00,22.3,988.4,0,171,43
2011-06-14 12:00:00,22.3,976.8,1,153,56
2011-06-14 13:00:00,19.9,972.1,9,138,37
2011-06-14 14:00:00,17.8,990.8,11,130,52
2011-06-14 15:00:00,19.5,977.3,3,137,43
2011-06-14 16:00:00,18.4,959.5,9,102,51
2011-06-14 17:00:00,16.6,984.8,7,24,36
2011-06-14 18:00:00,19.1,978.8,8,99,37
2011-06-14 19:00:00,19.7,994.9,11,60,44
2011-06-14 20:00:00,16.4,988.1,4,130,38
2011-06-14 21:00:00,18.6,978.2,1,135,49
2011-06-14 22:00:00,20.2,971.7,3,127,56
2011-06-14 23:00:00,20,976.5,0,205,50
2011-06-15 00:00:00,22.1,979.2,3,153,28
2011-06-15 01:00:00,21.8,986.3,7,193,40
2011-06-15 02:00:00,22.3,978.9,14,251,41
2011-06-15 03:00:00,24.4,978,3,303,40
2011-06-15 04:00:00,24.2,966.7,2,212,27
2011-06-15 05:00:00,24,982.6,0,279,46
2011-06-15 06:00:00,25.3,974.2,11,267,30
2011-06-15 07:00:00,28.2,979.5,0,240,23
2011-06-15 08:00:00,24.6,972.7,5,251,29
2011-06-15 09:00:00,23.7,983.6,5,169,26
2011-06-15 10:00:00,22.1,980,7,218,31
2011-06-15 11:00:00,21.3,984.6,4,173,34
2011-06-15 12:00:00,20.6,978.2,2,142,20
2011-06-15 13:00:00,19,985.8,12,148,35
2011-06-15 15:00:00,18.3,980,3,143,43
2011-06-15 16:00:00,19.4,981.9,2,102,31
2011-06-15 17:00:00,16.6,973,8,143,48
2011-06-15 18:00:00,14.7,977.9,7,90,48
2011-06-15 19:00:00,17,979.5,2,103,59
2011-06-15 20:00:00,16.5,971.7,8,122,44
2011-06-15 21:00:00,17.6,978.9,5,152,34
2011-06-15 22:00:00,21.5,985.1,2,161,38
2011-06-15 23:00:00,19.4,978.1,2,199,23
2011-06-16 00:00:00,22.4,972.1,2,180,30
2011-06-16 01:00:00,24.7,978.8,4,274,31
2011-06-16 02:00:00,23.6,978.3,2,225,37
2011-06-16 03:00:00,23.2,976.1,1,243,32
2011-06-16 04:00:00,25.1,983.7,2,262,52
2011-06-16 05:00:00,25.8,974.4,3,292,34
2011-06-16 06:00:00,24.2,975.2,0,251,35
2011-06-16 07:00:00,25.1,989.6,1,271,56
2011-06-16 08:00:00,24.2,979,5,217,31
2011-06-16 09:00:00,23.3,991.7,3,198,48
2011-06-16 10:00:00,23.8,975.2,1,188,36
2011-06-16 11:00:00,19.4,981.6,7,100,34
2011-06-16 12:00:00,19.1,979,9,144,39
2011-06-16 13:00:00,20.3,968,4,137,38
2011-06-16 14:00:00,20,982.5,6,158,46
2011-06-16 15:00:00,17.8,976.3,5,73,35
2011-06-16 16:00:00,18.8,976,9,110,44
2011-06-16 17:00:00,17.8,986.9,1,93,38
2011-06-16 18:00:00,19.4,974.4,2,90,36
2011-06-16 19:00:00,18.7,982.3,2,92,52
2011-06-16 20:00:00,17.7,980.9,3,133,59
2011-06-16 21:00:00,19.1,982.2,4,122,36
2011-06-16 22:00:00,18.3,977.2,9,156,48
2011-06-16 23:00:00,18.6,975.5,1,216,47
2011-06-17 00:00:00,22.5,974.7,6,216,40
2011-06-17 01:00:00,21.8,974.5,5,284,32
2011-06-17 02:00:00,24,977.2,8,220,46
2011-06-17 03:00:00,23.5,976.7,8,248,23
2011-06-17 04:00:00,23.3,989.6,4,266,48
2011-06-17 05:00:00,26.6,981.6,3,261,40
2011-06-17 06:00:00,24.5,976,7,295,37
2011-06-17 07:00:00,25.9,980.1,2,223,43
2011-06-17 08:00:00,26.9,979.4,4,253,47
2011-06-17 09:00:00,24.2,971.6,9,283,32
2011-06-17 10:00:00,24.2,982.4,11,192,24
2011-06-17 11:00:00,21.4,977.6,10,193,29
2011-06-17 12:00:00,20.3,980.7,5,147,53
2011-06-17 13:00:00,21.9,990.8,1,148,32
2011-06-17 14:00:00,19.4,981.3,7,118,47
2011-06-17 15:00:00,20.3,974.7,8,75,32
2011-06-17 16:00:00,19.2,970.4,1,73,40
2011-06-17 17:00:00,18.8,974.6,3,86,20
2011-06-17 18:00:00,18,976.6,8,110,34
2011-06-17 19:00:00,18.5,976.6,8,55,40
2011-06-17 20:00:00,17.9,981.5,1,125,49
2011-06-17 21:00:00,18.5,977.7,1,173,50
2011-06-17 22:00:00,21.5,993.2,4,180,43
2011-06-17 23:00:00,21.9,955.4,6,183,38
2011-06-18 00:00:00,19.9,984.6,1,235,55
2011-06-18 01:00:00,23.1,982.8,4,263,54
2011-06-18 02:00:00,24.2,977,7,261,32
2011-06-18 03:00:00,26.6,980.2,4,197,34
2011-06-18 04:00:00,26.9,969.8,1,275,45
2011-06-18 05:00:00,26.8,981.5,1,269,41
2011-06-18 06:00:00,25,971,2,266,43
2011-06-18 07:00:00,26.1,979.1,4,282,44
2011-06-18 08:00:00,23.7,977.5,7,247,36
2011-06-18 09:00:00,24.4,990.6,6,217,43
2011-06-18 10:00:00,23,979.2,0,210,39
2011-06-18 11:00:00,23.5,983.7,1,196,30
2011-06-18 12:00:00,21.3,970.5,6,180,32
2011-06-18 13:00:00,19.1,965.5,1,143,46
2011-06-18 14:00:00,19.5,983.6,4,78,28
2011-06-18 15:00:00,19.2,971,5,107,35
2011-06-18 16:00:00,17.6,976.8,10,96,43
2011-06-18 17:00:00,17.4,979.8,4,124,33
2011-06-18 18:00:00,14,985.3,4,90,49
2011-06-18 19:00:00,17.7,982.7,7,126,46
2011-06-18 20:00:00,19.8,981.6,2,106,34
2011-06-18 21:00:00,16.9,977.6,0,161,42
2011-06-18 22:00:00,16.4,971.1,4,167,44
2011-06-18 23:00:00,18.8,983.5,3,153,45
2011-06-19 00:00:00,23.6,972.4,5,286,36
2011-06-19 01:00:00,22.9,985.1,3,252,42
2011-06-19 02:00:00,26.1,977.1,4,286,38
2011-06-19 03:00:00,22.8,960.7,12,255,47
2011-06-19 04:00:00,23.1,985.8,6,278,42
2011-06-19 05:00:00,25.1,992.8,12,283,51
2011-06-19 06:00:00,24.5,978.9,9,248,52
2011-06-19 07:00:00,26.5,972.7,8,253,52
2011-06-19 08:00:00,24.8,976.5,2,203,52
2011-06-19 09:00:00,24.5,979.1,5,232,31
2011-06-19 10:00:00,21.4,973.6,6,199,39
2011-06-19 11:00:00,23,976.2,2,185,39
2011-06-19 12:00:00,19.6,979,7,155,28
2011-06-19 13:00:00,16.9,974.5,2,174,39
2011-06-19 14:00:00,17.9,987.3,6,61,38
2011-06-19 15:00:00,15.6,976.5,9,56,37
2011-06-19 16:00:00,17.9,976.7,5,89,28
2011-06-19 17:00:00,18.7,984.2,2,109,51
2011-06-19 18:00:00,18.9,975.1,4,71,32
2011-06-19 19:00:00,18,980.5,5,77,42
2011-06-19 20:00:00,16.1,990,16,105,43
2011-06-19 21:00:00,17.6,972,3,151,37
2011-06-19 22:00:00,17.4,980.4,3,215,35
2011-06-19 23:00:00,19.9,977.1,3,192,40
2011-06-20 00:00:00,24.7,977,6,180,41
2011-06-20 01:00:00,18.4,971,0,200,37
2011-06-20 02:00:00,21.7,981.5,5,237,31
2011-06-20 03:00:00,26.1,977.8,6,263,36
2011-06-20 04:00:00,24.9,981.7,6,193,49
2011-06-20 05:00:00,24.1,976.9,4,295,21
2011-06-20 06:00:00,24.4,983.4,6,268,35
2011-06-20 07:00:00,27.1,974.9,2,221,45
2011-06-20 08:00:00,26.9,977.3,1,235,35
2011-06-20 09:00:00,24.1,984.6,0,212,30
2011-06-20 10:00:00,23.7,976.5,4,232,36
2011-06-20 11:00:00,24.2,965.2,11,175,38
2011-06-20 12:00:00,20,979,3,166,44
2011-06-20 13:00:00,20.3,976.2,7,124,56
2011-06-20 14:00:00,22.7,966.6,0,144,35
2011-06-20 15:00:00,21.5,985.3,5,118,37
2011-06-20 16:00:00,19.1,966.5,1,88,56
2011-06-20 17:00:00,21.2,979.6,10,64,36
2011-06-20 18:00:00,21.9,991.3,1,52,41
2011-06-20 19:00:00,18,973.8,0,74,45
2011-06-20 20:00:00,19.4,977,3,165,41
2011-06-20 21:00:00,21,979.2,3,115,37
2011-06-20 22:00:00,20.3,977.2,8,159,38
2011-06-20 23:00:00,20.6,977.5,4,171,42
2011-06-21 00:00:00,22.6,979,1,210,40
2011-06-21 01:00:00,20.6,978.3,7,217,45
2011-06-21 02:00:00,24.2,975.7,7,262,26
2011-06-21 03:00:00,25,978.8,9,299,36
2011-06-21 04:00:00,22.8,980.2,7,271,48
2011-06-21 05:00:00,27.1,974.6,4,318,50
2011-06-21 06:00:00,25,982,6,244,46
2011-06-21 07:00:00,27.1,987.1,6,244,38
2011-06-21 08:00:00,23.8,966.1,4,291,36
2011-06-21 09:00:00,26.9,970,5,231,30
2011-06-21 10:00:00,21.6,967.6,4,209,45
2011-06-21 11:00:00,23.3,978.6,12,240,33
2011-06-21 12:00:00,21.3,980.6,6,160,52
2011-06-21 13:00:00,20.4,971.6,0,153,39
2011-06-21 14:00:00,19.2,977.7,5,167,50
2011-06-21 15:00:00,18,986.6,8,122,42
2011-06-21 16:00:00,22.1,990.9,1,78,43
2011-06-21 17:00:00,17.5,978.3,2,31,52
2011-06-21 18:00:00,18.3,984.6,9,102,37
2011-06-21 19:00:00,18.7,988,9,122,31
2011-06-21 20:00:00,13.6,976.8,0,72,32
2011-06-21 21:00:00,13.8,986.8,1,171,30
2011-06-21 22:00:00,17.3,978.9,8,166,39
2011-06-21 23:00:00,21.7,981.3,7,255,28
2011-06-22 00:00:00,21.9,983.1,2,242,36
2011-06-22 01:00:00,19.8,971.2,2,246,39
2011-06-22 02:00:00,21.9,972.2,3,235,40
2011-06-22 03:00:00,23.6,968.6,1,278,44
2011-06-22 04:00:00,22,982.8,0,253,43
2011-06-22 05:00:00,25.9,978.3,1,266,32
2011-06-22 06:00:00,26.1,967.2,4,231,43
2011-06-22 07:00:00,23.4,975.1,10,295,38
2011-06-22 08:00:00,27.1,986.9,5,241,45
2011-06-22 09:00:00,25,975,8,222,49
2011-06-22 10:00:00,24.4,980.2,5,162,30
2011-06-22 12:00:00,22,982.8,4,185,43
2011-06-22 13:00:00,19.1,983.9,11,167,47
2011-06-22 14:00:00,18.3,970.9,4,111,42
2011-06-22 15:00:00,16.8,982.2,5,93,33
2011-06-22 16:00:00,18.6,977,2,66,38
2011-06-22 17:00:00,17.3,971,1,112,31
2011-06-22 18:00:00,19.5,976.4,4,79,38
2011-06-22 19:00:00,18.1,977.7,10,129,34
2011-06-22 20:00:00,16.1,973.9,3,122,35
2011-06-22 21:00:00,19.7,979.8,7,119,42
2011-06-22 22:00:00,18.4,982.4,5,170,42
2011-06-22 23:00:00,21,973.8,7,153,48
2011-06-23 00:00:00,19.6,976.1,11,216,36
2011-06-23 01:00:00,24,984.1,4,164,56
2011-06-23 02:00:00,25,968.9,6,265,27
2011-06-23 03:00:00,22.3,983.1,7,297,39
2011-06-23 04:00:00,27.4,977,4,296,48
2011-06-23 05:00:00,26.3,974.3,3,235,39
2011-06-23 06:00:00,26.1,990.9,0,224,41
2011-06-23 07:00:00,27.2,979.3,5,276,33
2011-06-23 08:00:00,25.9,989.6,3,217,33
2011-06-23 09:00:00,24.4,966.2,1,221,48
2011-06-23 10:00:00,24.9,975.4,7,230,42
2011-06-23 11:00:00,23.1,963.6,16,195,47
2011-06-23 12:00:00,22.3,986.9,6,140,42
2011-06-23 13:00:00,18.2,974.9,0,133,44
2011-06-23 14:00:00,18.4,979.4,10,94,45
2011-06-23 15:00:00,20.2,991.9,2,69,27
2011-06-23 16:00:00,19.5,978.2,1,136,29
2011-06-23 17:00:00,18.4,986.5,7,74,45
2011-06-23 18:00:00,19,982.2,1,83,32
2011-06-23 19:00:00,17.3,987.3,5,120,60
2011-06-23 20:00:00,19.4,977.1,4,122,49
2011-06-23 21:00:00,20.5,985.2,4,103,35
2011-06-23 22:00:00,19.5,985.7,6,136,43
2011-06-23 23:00:00,21.7,978.8,2,214,38
2011-06-24 00:00:00,22.6,980.2,3,216,44
2011-06-24 01:00:00,24.8,978.3,3,238,46
2011-06-24 02:00:00,26.7,978.2,1,293,52
2011-06-24 03:00:00,23.4,970.9,5,252,36
2011-06-24 04:00:00,26.8,972.3,2,286,40
2011-06-24 05:00:00,26.5,970.4,4,254,38
2011-06-24 06:00:00,24.7,985.4,0,313,42
2011-06-24 07:00:00,24.6,964.3,0,250,53
2011-06-24 08:00:00,25.1,980.6,7,203,45
2011-06-24 09:00:00,25.1,977,0,186,36
2011-06-24 10:00:00,23.7,981.9,6,165,39
2011-06-24 12:00:00,22.5,982.3,2,137,49
2011-06-24 13:00:00,21.4,989.4,10,114,40
2011-06-24 14:00:00,21.5,987.6,2,143,67
2011-06-24 15:00:00,17.7,980.5,3,184,35
2011-06-24 16:00:00,18.5,973.4,3,113,40
2011-06-24 17:00:00,15.7,976.9,8,99,40
2011-06-24 18:00:00,16.9,969.7,11,99,57
2011-06-24 19:00:00,18.4,974.5,0,49,40
2011-06-24 20:00:00,18.4,973.3,2,121,46
2011-06-24 21:00:00,21.7,977.5,7,180,39
2011-06-24 22:00:00,20.3,974.5,4,126,46
2011-06-24 23:00:00,20.5,988,9,222,39
2011-06-25 00:00:00,23.4,971.2,7,217,39
2011-06-25 01:00:00,23,977.5,5,292,41
2011-06-25 02:00:00,28.1,976.3,10,264,39
2011-06-25 03:00:00,28.3,978.7,0,239,30
2011-06-25 04:00:00,25.1,973.1,1,286,45
2011-06-25 05:00:00,22.9,989.4,7,254,46
2011-06-25 06:00:00,28.7,978.4,2,263,44
2011-06-25 07:00:00,28.1,979,9,227,47
2011-06-25 08:00:00,28.6,973.1,5,262,40
2011-06-25 09:00:00,24.4,981.8,2,255,42
2011-06-25 10:00:00,23.2,984.2,1,205,21
2011-06-25 11:00:00,22.6,977.9,1,197,42
2011-06-25 12:00:00,22.6,994.3,5,145,32
2011-06-25 13:00:00,21.8,974.9,13,154,34
2011-06-25 14:00:00,18.8,992.2,9,143,44
2011-06-25 15:00:00,20.2,984.2,6,91,42
2011-06-25 16:00:00,18.2,992.8,10,74,48
2011-06-25 17:00:00,20.1,981.3,3,97,30
2011-06-25 18:00:00,19,983.5,9,60,43
2011-06-25 19:00:00,16.4,980,1,87,57
2011-06-25 20:00:00,17.6,965.7,2,117,46
2011-06-25 21:00:00,20.5,976.2,7,132,33
2011-06-25 22:00:00,18.2,975.6,10,171,33
2011-06-25 23:00:00,21.4,976.9,0,155,52
2011-06-26 00:00:00,20.5,980.4,7,145,54
2011-06-26 01:00:00,22.8,975.6,3,259,43
2011-06-26 02:00:00,23.9,984.1,5,257,38
2011-06-26 03:00:00,24.6,974.2,11,267,22
2011-06-26 04:00:00,25.6,980.8,4,255,46
2011-06-26 05:00:00,23,987.8,1,311,42
2011-06-26 06:00:00,26.9,976.7,8,228,40
2011-06-26 07:00:00,27.1,983.1,1,269,43
2011-06-26 08:00:00,25.5,978.4,5,204,50
2011-06-26 09:00:00,23.7,978.7,4,242,42
2011-06-26 10:00:00,22.9,988.7,9,149,38
2011-06-26 11:00:00,23.7,979.2,1,161,30
2011-06-26 12:00:00,19,969.9,5,133,43
2011-06-26 13:00:00,23.3,980.4,3,129,37
2011-06-26 14:00:00,20.2,978.2,9,117,20
2011-06-26 15:00:00,23.2,976.2,2,142,29
2011-06-26 16:00:00,20,975.9,7,55,29
2011-06-26 17:00:00,16.8,966.4,10,71,41
2011-06-26 18:00:00,18.2,992.1,6,96,20
2011-06-26 19:00:00,17.3,980.2,13,86,47
2011-06-26 20:00:00,20.7,972.6,6,165,38
2011-06-26 21:00:00,17.7,984.8,0,128,29
2011-06-26 22:00:00,18.9,977.1,2,159,39
2011-06-26 23:00:00,18.9,989.5,5,213,35
2011-06-27 00:00:00,23.2,980.2,8,182,56
2011-06-27 01:00:00,21.1,983.9,2,195,48
2011-06-27 02:00:00,22.1,980.6,4,257,45
2011-06-27 03:00:00,27.1,972.8,3,281,43
2011-06-27 04:00:00,22.9,971.7,4,247,39
2011-06-27 05:00:00,23.5,974.8,5,267,30
2011-06-27 06:00:00,26.5,978.6,6,264,42
2011-06-27 07:00:00,26.2,973.7,1,282,66
2011-06-27 08:00:00,26,974.2,2,220,45
2011-06-27 09:00:00,26.8,974.3,4,243,43
2011-06-27 10:00:00,22.6,973.4,8,192,56
2011-06-27 11:00:00,25.1,981.4,9,183,53
2011-06-27 13:00:00,21.8,974.1,10,88,43
2011-06-27 14:00:00,19.6,996.9,7,110,34
2011-06-27 15:00:00,16,959.6,8,132,56
2011-06-27 16:00:00,17.7,993.5,0,82,32
2011-06-27 17:00:00,19.7,970.7,3,122,45
2011-06-27 18:00:00,16.1,989.4,1,85,45
2011-06-27 19:00:00,18.1,971.6,0,107,36
2011-06-27 20:00:00,18.6,969.1,4,136,46
2011-06-27 21:00:00,20.1,983.9,8,123,45
2011-06-27 22:00:00,22.9,976.8,2,135,52
2011-06-27 23:00:00,18.1,978.6,4,200,44
2011-06-28 00:00:00,21.3,972.4,8,206,43
2011-06-28 01:00:00,22.3,983.5,3,252,34
2011-06-28 02:00:00,23.1,971.5,12,265,46
2011-06-28 03:00:00,25,977.1,1,264,43
2011-06-28 04:00:00,26.3,978.7,1,256,36
2011-06-28 05:00:00,23.6,969.5,4,271,55
2011-06-28 06:00:00,28.7,992.1,6,264,51
2011-06-28 07:00:00,26.1,983.9,2,258,35
2011-06-28 08:00:00,27.3,978.4,0,232,30
2011-06-28 09:00:00,22.3,967.3,8,228,46
2011-06-28 10:00:00,27.7,984.1,3,216,40
2011-06-28 11:00:00,22.2,968.8,3,195,43
2011-06-28 12:00:00,21.2,974.7,11,150,47
2011-06-28 13:00:00,22.2,976.2,6,109,48
2011-06-28 14:00:00,19.2,975.1,2,164,45
2011-06-28 15:00:00,21.6,978.7,5,56,54
2011-06-28 16:00:00,17.3,983.8,10,92,38
2011-06-28 17:00:00,16.9,978.6,1,136,39
2011-06-28 18:00:00,19,973,1,114,43
2011-06-28 19:00:00,19.8,977.1,1,173,44
2011-06-28 20:00:00,17.6,973.1,1,135,43
2011-06-28 21:00:00,18.6,988.5,1,168,43
2011-06-28 22:00:00,20.5,981.4,11,161,57
2011-06-28 23:00:00,21.6,987.9,5,211,61
2011-06-29 00:00:00,21.3,982,1,239,35
2011-06-29 01:00:00,22.1,968.8,3,204,43
2011-06-29 02:00:00,22,984.7,2,200,49
2011-06-29 03:00:00,24.7,971.1,6,228,25
2011-06-29 04:00:00,24,985.1,10,269,57
2011-06-29 05:00:00,24.5,966.2,3,288,32
2011-06-29 06:00:00,25.4,972.2,5,255,47
2011-06-29 07:00:00,25.8,976.7,1,266,42
2011-06-29 08:00:00,27.6,980.7,6,239,35
2011-06-29 09:00:00,26.9,978.9,1,261,38
2011-06-29 10:00:00,23.4,971.4,3,243,40
2011-06-29 11:00:00,21.8,987.7,2,201,37
2011-06-29 12:00:00,21.9,989.4,4,204,26
2011-06-29 13:00:00,22.7,984.3,4,111,42
2011-06-29 14:00:00,18.9,974.1,3,141,51
2011-06-29 15:00:00,23.2,986.3,0,116,35
2011-06-29 16:00:00,18.4,986.7,2,99,54
2011-06-29 17:00:00,17.7,974.7,6,164,51
2011-06-29 19:00:00,17.2,973.6,2,94,38
2011-06-29 20:00:00,18.9,965,15,134,52
2011-06-29 21:00:00,17.1,974.2,8,155,58
2011-06-29 22:00:00,20.3,969.4,1,154,36
2011-06-29 23:00:00,20.5,978,7,194,50
2011-06-30 00:00:00,20.8,993,3,192,51
2011-06-30 01:00:00,23.6,995.8,1,247,44
2011-06-30 02:00:00,25.9,989.1,0,264,22
2011-06-30 03:00:00,22.8,972.6,2,278,47
2011-06-30 04:00:00,26.2,977.1,7,271,35
2011-06-30 05:00:00,24.3,979.2,1,306,31
2011-06-30 06:00:00,23.9,968.1,5,247,38
2011-06-30 07:00:00,24.1,973.6,9,232,37
2011-06-30 08:00:00,24.6,982.7,6,244,48
2011-06-30 09:00:00,24.7,972.6,2,252,49
2011-06-30 10:00:00,24.1,977.6,3,182,41
2011-06-30 11:00:00,25,970.3,6,202,43
2011-06-30 12:00:00,21,987.4,1,182,48
2011-06-30 14:00:00,19.2,976.3,6,73,33
2011-06-30 15:00:00,18.6,967.1,1,84,56
2011-06-30 16:00:00,18.5,968.3,6,118,41
2011-06-30 17:00:00,15,964.2,14,94,43
2011-06-30 18:00:00,18.6,969.5,3,150,39
2011-06-30 19:00:00,19.5,975.2,5,107,27
2011-06-30 20:00:00,18.3,977.9,10,97,33
2011-06-30 21:00:00,17.9,978.6,2,127,38
2011-06-30 22:00:00,20.7,970.2,12,134,38
2011-06-30 23:00:00,19.6,975.1,10,175,42
2011-07-01 00:00:00,21,981,4,203,51
2011-07-01 01:00:00,23.5,979.7,12,238,37
2011-07-01 02:00:00,25.4,989.4,0,234,50
2011-07-01 03:00:00,26,971.9,1,271,47
2011-07-01 05:00:00,26.1,967.7,3,234,31
2011-07-01 06:00:00,27.1,987.3,9,243,63
2011-07-01 07:00:00,27.2,969.6,8,273,23
2011-07-01 08:00:00,27.6,969,11,246,46
2011-07-01 09:00:00,25.5,967.8,5,249,39
2011-07-01 10:00:00,25.7,981.1,17,177,44
2011-07-01 11:00:00,23.9,970.4,6,173,63
2011-07-01 12:00:00,21,982.4,7,182,45
2011-07-01 13:00:00,20.1,975.1,6,157,33
2011-07-01 14:00:00,19.9,986.4,3,115,53
2011-07-01 15:00:00,20.8,977.2,10,87,29
2011-07-01 16:00:00,15.8,980,5,131,45
2011-07-01 17:00:00,19.3,981.8,5,68,40
2011-07-01 18:00:00,16.2,968.4,3,162,38
2011-07-01 19:00:00,18.8,967.8,0,131,33
2011-07-01 20:00:00,19.7,977.8,2,144,42
2011-07-01 21:00:00,18.2,994.3,5,112,49
2011-07-01 22:00:00,18.4,969.4,5,129,50
2011-07-01 23:00:00,21.7,982,11,155,35
2011-07-02 01:00:00,23.6,987.2,4,196,31
2011-07-02 02:00:00,23,983.5,4,306,38
2011-07-02 03:00:00,24,973.3,4,154,39
2011-07-02 04:00:00,24.7,975.9,5,283,43
2011-07-02 05:00:00,24.6,975.6,2,235,43
2011-07-02 06:00:00,27,980.9,7,223,47
2011-07-02 07:00:00,26.5,968.4,0,232,52
2011-07-02 08:00:00,28.5,975.8,3,193,41
2011-07-02 10:00:00,24.1,989.1,2,219,25
2011-07-02 11:00:00,24.7,987,7,199,41
2011-07-02 12:00:00,22.6,976.8,3,167,39
2011-07-02 13:00:00,20,975.5,1,174,26
2011-07-02 14:00:00,19.3,975.1,4,78,35
2011-07-02 15:00:00,19.7,964.1,5,99,32
2011-07-02 16:00:00,20.8,964.1,0,86,35
2011-07-02 17:00:00,19.3,964.1,0,81,42
2011-07-02 18:00:00,16.9,964.1,5,106,42
2011-07-02 19:00:00,17.9,964.1,7,135,45
2011-07-02 20:00:00,20.1,964.1,9,152,50
2011-07-02 21:00:00,19.4,964.1,5,133,32
2011-07-02 22:00:00,19,964.2,2,175,35
2011-07-02 23:00:00,16.1,964.1,9,183,30
2011-07-03 00:00:00,22.3,964.1,0,219,46
2011-07-03 01:00:00,22.6,964.1,7,251,39
2011-07-03 02:00:00,25.8,964.1,1,292,46
2011-07-03 03:00:00,25.7,964.1,4,298,44
2011-07-03 04:00:00,27.5,964,10,231,42
2011-07-03 05:00:00,26.1,964.1,5,244,52
2011-07-03 06:00:00,25.3,964.2,1,252,26
2011-07-03 07:00:00,27.1,964.1,6,239,42
2011-07-03 08:00:00,25.7,964,5,266,47
2011-07-03 09:00:00,23.8,964.1,4,239,33
2011-07-03 10:00:00,24.5,964.1,4,196,50
2011-07-03 11:00:00,21.2,964.2,3,165,39
2011-07-03 12:00:00,22,964.1,1,87,52
2011-07-03 13:00:00,20.1,964.1,2,145,58
2011-07-03 14:00:00,22.1,964.1,7,128,48
2011-07-03 16:00:00,19.6,964.1,3,99,41
2011-07-03 17:00:00,18.8,964.1,8,87,25
2011-07-03 18:00:00,19.7,964.1,10,117,52
2011-07-03 19:00:00,18.9,964.1,1,113,38
2011-07-03 20:00:00,16.7,964.1,3,166,39
2011-07-03 21:00:00,17.8,964.1,15,112,38
2011-07-03 22:00:00,19.3,964.1,9,125,37
2011-07-03 23:00:00,20,964.1,2,139,39
2011-07-04 00:00:00,20.6,964.2,6,186,51
2011-07-04 02:00:00,23.5,964.1,0,250,41
2011-07-04 03:00:00,24.7,964,8,214,42
2011-07-04 04:00:00,27.2,964.2,3,303,36
2011-07-04 05:00:00,25.4,964.1,1,226,36
2011-07-04 06:00:00,26.1,964.1,3,265,37
2011-07-04 07:00:00,26.7,964.2,2,236,42
2011-07-04 08:00:00,26.1,964.2,4,282,40
2011-07-04 09:00:00,25.4,964,5,226,51
2011-07-04 10:00:00,24.3,964.2,4,246,41
2011-07-04 11:00:00,22.3,964.2,10,200,36
2011-07-04 12:00:00,23.1,964.1,3,183,54
2011-07-04 13:00:00,20.5,964.1,4,144,37
2011-07-04 14:00:00,19.1,964.1,3,167,52
2011-07-04 15:00:00,18.5,964.1,1,81,34
2011-07-04 16:00:00,17.8,964.1,7,75,67
2011-07-04 17:00:00,20.3,964.1,6,45,36
2011-07-04 18:00:00,19.6,964.1,6,73,51
2011-07-04 19:00:00,17.5,964.1,9,76,53
2011-07-04 20:00:00,19.8,964.1,2,115,41
2011-07-04 21:00:00,18.4,964.3,0,117,49
2011-07-04 22:00:00,19,964.1,1,134,48
2011-07-04 23:00:00,23.2,964.1,9,169,44
2011-07-05 00:00:00,19.9,964.2,0,226,45
2011-07-05 01:00:00,22.2,964.1,3,141,42
2011-07-05 02:00:00,28.2,964.2,5,264,38
2011-07-05 03:00:00,26.4,964.2,3,246,43
2011-07-05 04:00:00,25.8,964.1,1,240,39
2011-07-05 05:00:00,27.1,964.1,3,272,29
2011-07-05 06:00:00,25.8,964.2,11,324,38
2011-07-05 07:00:00,26.1,964,5,275,44
2011-07-05 08:00:00,26.2,964.2,0,254,53
2011-07-05 09:00:00,23.5,964.1,1,249,41
2011-07-05 10:00:00,26.1,964,1,179,31
2011-07-05 11:00:00,20.2,964.2,3,189,43
2011-07-05 12:00:00,21.2,964.1,5,179,28
2011-07-05 13:00:00,19.6,964.1,6,137,46
2011-07-05 14:00:00,17.7,964,10,117,43
2011-07-05 15:00:00,16.8,964.2,4,101,40
2011-07-05 16:00:00,20.8,964.2,3,106,40
2011-07-05 17:00:00,19,964.1,2,128,46
2011-07-05 18:00:00,17.9,964.1,0,114,41
2011-07-05 19:00:00,16.2,964.1,2,147,42
2011-07-05 20:00:00,18.2,964.2,7,94,26
2011-07-05 21:00:00,21.5,964.1,6,128,30
2011-07-05 22:00:00,19.2,964.1,3,165,49
2011-07-05 23:00:00,20.3,964.1,7,159,42
2011-07-06 00:00:00,23,964.2,11,246,33
2011-07-06 01:00:00,23.9,964.1,1,201,56
2011-07-06 02:00:00,22.6,964.1,3,243,40
2011-07-06 03:00:00,22.1,964.2,7,226,48
2011-07-06 04:00:00,25.3,964.2,17,240,40
2011-07-06 05:00:00,27.5,964.1,2,293,50
2011-07-06 06:00:00,26.3,964.1,9,280,46
2011-07-06 07:00:00,23.9,964.1,2,273,28
2011-07-06 08:00:00,23.6,964.1,10,228,51
2011-07-06 09:00:00,22.4,964.1,2,252,40
2011-07-06 10:00:00,22.7,964.2,1,230,44
2011-07-06 11:00:00,22.8,964.1,7,159,47
2011-07-06 12:00:00,22.2,964.2,3,142,41
2011-07-06 13:00:00,21.1,964.1,4,157,44
2011-07-06 14:00:00,21.5,964.1,19,121,46
2011-07-06 15:00:00,19.9,964.1,4,122,47
2011-07-06 16:00:00,16.8,964.1,9,121,34
2011-07-06 17:00:00,20.8,964.1,8,86,39
2011-07-06 18:00:00,19.1,964.2,5,57,41
2011-07-06 19:00:00,16,964.2,0,98,49
2011-07-06 20:00:00,17.9,964.1,7,136,44
2011-07-06 21:00:00,23.2,964.1,1,152,47
2011-07-06 22:00:00,19.3,964.1,5,200,39
2011-07-06 23:00:00,22.6,964.2,4,184,46
2011-07-07 00:00:00,21.4,964.1,8,216,51
2011-07-07 01:00:00,22,964.1,1,175,33
2011-07-07 02:00:00,24.3,964.1,13,339,51
2011-07-07 03:00:00,25.4,964.2,12,267,40
2011-07-07 04:00:00,28.1,964.1,0,196,35
2011-07-07 05:00:00,25.9,964.1,1,348,53
2011-07-07 06:00:00,26.2,964.2,5,270,45
2011-07-07 07:00:00,29.3,964.2,1,254,62
2011-07-07 08:00:00,27.9,964.1,7,257,41
2011-07-07 09:00:00,23,964.2,4,271,48
2011-07-07 10:00:00,23.6,964.2,3,182,38
2011-07-07 11:00:00,22.9,964.1,5,177,40
2011-07-07 12:00:00,21.2,964.2,6,120,28
2011-07-07 13:00:00,19.1,964.2,0,157,45
2011-07-07 14:00:00,19.4,964.1,4,104,50
2011-07-07 15:00:00,18.3,964.2,4,178,40
2011-07-07 16:00:00,18.4,964.1,8,131,46
2011-07-07 17:00:00,18.2,964.1,4,116,39
2011-07-07 18:00:00,16.3,964.1,2,157,37
2011-07-07 19:00:00,16,964.1,3,97,38
2011-07-07 20:00:00,17.6,964.1,3,171,45
2011-07-07 21:00:00,19.5,964.1,2,195,42
2011-07-07 22:00:00,21.3,964.1,1,177,43
2011-07-07 23:00:00,20.3,964.2,4,255,37
2011-07-08 00:00:00,22.8,964.1,7,206,40
2011-07-08 01:00:00,21.5,964.1,11,232,39
2011-07-08 02:00:00,24.1,964.1,7,287,26
2011-07-08 03:00:00,21.8,964.2,1,222,48
2011-07-08 04:00:00,25.6,964.1,10,262,35
2011-07-08 05:00:00,24.3,964.2,10,264,34
2011-07-08 06:00:00,24.3,964.2,3,162,40
2011-07-08 07:00:00,27.3,964.2,4,267,55
2011-07-08 08:00:00,25.4,964.2,11,221,32
2011-07-08 09:00:00,24.3,964.1,17,204,62
2011-07-08 10:00:00,22.5,964.2,4,199,44
2011-07-08 11:00:00,25.6,964.1,1,191,32
2011-07-08 12:00:00,24.4,964.1,3,152,42
2011-07-08 13:00:00,21,964.1,9,165,35
2011-07-08 14:00:00,21.9,964.2,2,133,57
2011-07-08 15:00:00,18.4,964.2,1,108,44
2011-07-08 16:00:00,17.7,964.2,3,116,41
2011-07-08 17:00:00,19.3,964.1,0,46,45
2011-07-08 18:00:00,18.1,964.2,5,69,34
2011-07-08 19:00:00,18.5,964.1,2,132,44
2011-07-08 20:00:00,18.5,964.2,4,175,44
2011-07-08 21:00:00,17.2,964.1,1,67,42
2011-07-08 22:00:00,18.9,964.2,7,200,59
2011-07-08 23:00:00,19.4,964.1,5,166,42
2011-07-09 00:00:00,23.1,964,1,208,47
2011-07-09 01:00:00,23.8,964.1,3,209,52
2011-07-09 02:00:00,23.6,964.2,4,214,45
2011-07-09 03:00:00,22.7,964,1,225,40
2011-07-09 04:00:00,25.8,964.1,1,214,32
2011-07-09 05:00:00,24.6,964.2,2,250,33
2011-07-09 06:00:00,27.1,964.1,6,250,63
2011-07-09 07:00:00,24.9,964.1,1,271,54
2011-07-09 08:00:00,24.5,964,5,232,48
2011-07-09 09:00:00,25.9,964.1,9,246,39
2011-07-09 10:00:00,23.2,964.2,1,174,34
2011-07-09 11:00:00,20.4,964.1,6,196,60
2011-07-09 12:00:00,22,964.1,2,177,54
2011-07-09 13:00:00,22,964.1,6,91,31
2011-07-09 14:00:00,18.9,964.2,2,85,48
2011-07-09 15:00:00,17.8,964.1,1,129,48
2011-07-09 16:00:00,18.1,964.2,10,70,45
2011-07-09 17:00:00,14.5,964.1,5,73,37
2011-07-09 18:00:00,16,964.1,2,83,39
2011-07-09 19:00:00,19.9,964.1,9,102,52
2011-07-09 20:00:00,16.5,964.1,2,126,45
2011-07-09 22:00:00,19.2,964.1,7,141,49
2011-07-09 23:00:00,20.3,964.1,3,170,45
2011-07-10 00:00:00,24.5,964.2,2,214,41
2011-07-10 01:00:00,21.7,964.1,4,292,45
2011-07-10 02:00:00,24.8,964.1,6,256,36
2011-07-10 03:00:00,28.7,964.1,2,295,35
2011-07-10 04:00:00,24.9,964,3,283,42
2011-07-10 05:00:00,25.8,964.1,4,311,50
2011-07-10 06:00:00,23.6,964.2,1,342,39
2011-07-10 07:00:00,24,964.1,2,221,38
2011-07-10 08:00:00,24.3,964.2,6,239,33
2011-07-10 09:00:00,22.9,964.1,3,235,49
2011-07-10 10:00:00,26.4,964.2,8,244,48
2011-07-10 11:00:00,24.9,964.1,7,200,45
2011-07-10 12:00:00,20.1,964.2,1,148,34
2011-07-10 13:00:00,20,964.2,2,151,48
2011-07-10 14:00:00,19.3,964.2,9,105,39
2011-07-10 15:00:00,18.9,964.1,1,85,29
2011-07-10 16:00:00,21.3,964.1,6,91,53
2011-07-10 18:00:00,22,964.2,5,96,47
2011-07-10 19:00:00,19.1,964.2,7,120,36
2011-07-10 20:00:00,18.1,964.1,1,118,43
2011-07-10 21:00:00,20,964.2,4,122,33
2011-07-10 22:00:00,21.1,964.1,5,220,42
2011-07-10 23:00:00,23,964.2,5,171,49
2011-07-11 00:00:00,22.1,964.1,3,235,38
2011-07-11 01:00:00,24.3,964,6,246,42
2011-07-11 02:00:00,23.3,964.1,14,299,44
2011-07-11 03:00:00,23.5,964.2,2,231,54
2011-07-11 04:00:00,25.5,964,0,292,36
2011-07-11 05:00:00,27.3,964.1,4,302,38
2011-07-11 06:00:00,24.3,964,2,308,52
2011-07-11 07:00:00,25.7,964.2,2,252,37
2011-07-11 08:00:00,28.7,964.1,1,228,52
2011-07-11 09:00:00,23.9,964.2,2,265,49
2011-07-11 10:00:00,22.5,964.1,9,204,46
2011-07-11 11:00:00,20.1,964.1,7,129,51
2011-07-11 12:00:00,22.4,964,8,106,41
2011-07-11 13:00:00,22,964,4,182,43
2011-07-11 14:00:00,20.4,964.1,1,59,41
2011-07-11 15:00:00,21.6,964.1,6,114,46
2011-07-11 16:00:00,17.5,964.1,3,94,35
2011-07-11 17:00:00,17.5,964.2,6,96,42
2011-07-11 18:00:00,17.9,964.1,9,86,39
2011-07-11 19:00:00,18.8,964.2,4,83,37
2011-07-11 20:00:00,18.8,964.2,3,146,47
2011-07-11 21:00:00,19.4,964,0,136,59
2011-07-11 22:00:00,21.1,964.1,5,134,53
2011-07-11 23:00:00,23.5,964.1,4,191,48
2011-07-12 00:00:00,23.1,964.1,8,181,57
2011-07-12 01:00:00,24.3,964.1,5,207,31
2011-07-12 02:00:00,24.5,964.2,7,242,37
2011-07-12 03:00:00,26.3,964.1,1,258,42
2011-07-12 04:00:00,23.6,964.2,6,252,60
2011-07-12 05:00:00,24.3,964.1,5,213,46
2011-07-12 06:00:00,23.2,964.1,0,246,47
2011-07-12 07:00:00,27.9,964.1,3,260,48
2011-07-12 08:00:00,27.7,964.1,7,258,37
2011-07-12 09:00:00,24.8,964.2,1,196,45
2011-07-12 10:00:00,26,964.1,4,234,43
2011-07-12 11:00:00,23.2,964.2,6,145,41
2011-07-12 12:00:00,19.8,964.2,2,167,22
2011-07-12 13:00:00,21.8,964.2,0,144,30
2011-07-12 14:00:00,19.8,964.1,5,127,44
2011-07-12 15:00:00,18.5,964,5,120,46
2011-07-12 16:00:00,17.9,964.1,2,23,36
2011-07-12 17:00:00,17.4,964.1,8,92,40
2011-07-12 18:00:00,18.1,964.1,4,86,29
2011-07-12 19:00:00,19.1,964.1,8,130,28
2011-07-12 20:00:00,17.6,964,2,128,55
2011-07-12 21:00:00,18.4,964.1,0,135,48
2011-07-12 22:00:00,19,964.2,1,137,69
2011-07-12 23:00:00,22.8,964.2,6,178,31
2011-07-13 00:00:00,20.3,964.1,0,225,34
2011-07-13 01:00:00,20.8,964.1,11,208,29
2011-07-13 02:00:00,24.4,964.1,2,241,54
2011-07-13 03:00:00,23,964.2,0,283,50
2011-07-13 04:00:00,23.3,964.2,3,236,24
2011-07-13 05:00:00,26.2,964.2,5,293,28
2011-07-13 06:00:00,27.2,964.2,8,247,28
2011-07-13 07:00:00,23.4,964.1,1,292,41
2011-07-13 08:00:00,26,964.1,5,215,32
2011-07-13 09:00:00,25.7,964.1,4,193,46
2011-07-13 10:00:00,24,964.1,1,189,38
2011-07-13 11:00:00,25.4,964.2,4,139,35
2011-07-13 12:00:00,20.6,964,8,154,43
2011-07-13 13:00:00,21.9,964.1,4,239,38
2011-07-13 14:00:00,19.2,964.1,5,170,53
2011-07-13 15:00:00,17.7,964.2,5,82,41
2011-07-13 16:00:00,18.1,964.2,5,112,40
2011-07-13 17:00:00,16.9,964.1,7,100,38
2011-07-13 18:00:00,18.2,964.1,1,81,52
2011-07-13 19:00:00,19.4,964.2,3,82,62
2011-07-13 20:00:00,20.1,964.2,3,122,49
2011-07-13 21:00:00,17.3,964.1,2,180,35
2011-07-13 22:00:00,19.8,964.1,3,179,41
2011-07-13 23:00:00,18.8,964.1,8,192,34
2011-07-14 00:00:00,22.9,964.2,0,216,38
2011-07-14 01:00:00,22.9,964.1,3,209,33
2011-07-14 02:00:00,23.9,964.1,1,222,49
2011-07-14 03:00:00,26.9,964.2,4,285,40
2011-07-14 04:00:00,24.6,964.1,11,245,36
2011-07-14 05:00:00,25,964,4,273,42
2011-07-14 06:00:00,27.3,964.1,1,275,42
2011-07-14 07:00:00,25.4,964.1,8,237,49
2011-07-14 08:00:00,25.3,964.2,2,257,56
2011-07-14 09:00:00,24.1,964.1,1,158,56
2011-07-14 10:00:00,22.7,964.1,4,182,49
2011-07-14 11:00:00,21.7,964.2,10,171,29
2011-07-14 12:00:00,24.1,964.1,8,145,47
2011-07-14 13:00:00,20.7,964.2,4,127,43
2011-07-14 14:00:00,20.3,964.2,2,49,42
2011-07-14 15:00:00,18.4,964.2,0,108,45
2011-07-14 16:00:00,19.6,964.1,2,91,39
2011-07-14 17:00:00,15.1,964.1,4,72,49
2011-07-14 18:00:00,17.2,964.1,3,78,38
2011-07-14 19:00:00,18.5,964.2,0,158,39
2011-07-14 20:00:00,17.1,964.1,3,120,36
2011-07-14 21:00:00,18.5,964.1,1,72,44
2011-07-14 22:00:00,21,964,1,117,60
2011-07-14 23:00:00,22.3,964.1,3,177,39
2011-07-15 00:00:00,20.8,964.1,7,255,49
2011-07-15 01:00:00,22.9,964.2,4,262,45
2011-07-15 02:00:00,25.1,964.1,2,220,52
2011-07-15 03:00:00,25.7,964.2,4,229,58
2011-07-15 04:00:00,26,964.1,3,296,50
2011-07-15 05:00:00,24.7,964.2,1,297,47
2011-07-15 06:00:00,24.9,964.1,4,307,38
2011-07-15 07:00:00,26.2,964.1,13,286,24
2011-07-15 08:00:00,25.8,964.1,9,221,43
2011-07-15 09:00:00,26.6,964.2,6,217,45
2011-07-15 10:00:00,24.5,964.1,7,171,27
2011-07-15 11:00:00,21.6,964.2,8,139,45
2011-07-15 12:00:00,22.4,964.2,2,199,42
2011-07-15 13:00:00,21.7,964.1,10,109,43
2011-07-15 14:00:00,21.1,964.2,5,132,54
2011-07-15 15:00:00,19.8,964.1,1,133,51
2011-07-15 16:00:00,17.4,964.2,7,86,40
2011-07-15 17:00:00,18.5,964.2,0,143,54
2011-07-15 18:00:00,18.4,964.1,4,75,47
2011-07-15 19:00:00,18.6,964.1,1,112,45
2011-07-15 20:00:00,18.2,964.1,4,122,46
2011-07-15 21:00:00,19.2,964.2,4,95,48
2011-07-15 22:00:00,19.4,964.1,9,99,33
2011-07-15 23:00:00,16.9,964.1,1,200,44
2011-07-16 00:00:00,22.2,964.2,6,232,58
2011-07-16 01:00:00,23.1,964.1,18,217,48
2011-07-16 02:00:00,24.8,964.1,7,308,43
2011-07-16 03:00:00,27,964.1,1,237,26
2011-07-16 04:00:00,25.1,964.2,1,280,43
2011-07-16 05:00:00,26.6,964.2,2,270,57
2011-07-16 06:00:00,24.7,964.1,1,236,34
2011-07-16 07:00:00,26.3,964.1,0,221,37
2011-07-16 08:00:00,26.5,964.1,2,245,64
2011-07-16 09:00:00,24.9,964.2,3,289,56
2011-07-16 10:00:00,24.9,964.2,2,238,53
2011-07-16 11:00:00,23.7,964.1,4,238,49
2011-07-16 12:00:00,21.2,964.1,4,127,43
2011-07-16 13:00:00,21,964.2,7,117,46
2011-07-16 14:00:00,19.7,964.2,3,175,37
2011-07-16 15:00:00,16.9,964.1,2,120,46
2011-07-16 16:00:00,19,964.1,3,137,39
2011-07-16 17:00:00,15.8,964.2,1,98,55
2011-07-16 18:00:00,16.3,964.1,5,59,58
2011-07-16 19:00:00,18.6,964.2,1,106,43
2011-07-16 20:00:00,18.2,964.1,4,165,37
2011-07-16 21:00:00,18.3,964.2,0,163,53
2011-07-16 22:00:00,20.5,964.1,4,137,39
2011-07-16 23:00:00,19.9,964.1,2,224,50
2011-07-17 00:00:00,20.6,964.2,0,172,46
2011-07-17 01:00:00,21.4,964,4,287,48
2011-07-17 02:00:00,23.7,964.2,0,225,38
2011-07-17 03:00:00,28,964.1,5,230,27
2011-07-17 04:00:00,26.2,964.1,7,298,35
2011-07-17 06:00:00,23.7,964.1,2,255,46
2011-07-17 07:00:00,28.1,964.2,4,248,54
2011-07-17 08:00:00,26.1,964.1,6,258,43
2011-07-17 09:00:00,25.4,964.1,2,193,34
2011-07-17 10:00:00,23,964.2,0,156,62
2011-07-17 11:00:00,24.1,964.1,8,171,49
2011-07-17 12:00:00,20.7,964.2,11,181,50
2011-07-17 13:00:00,17.7,964.2,4,158,49
2011-07-17 14:00:00,18.5,964.1,0,195,44
2011-07-17 15:00:00,15.4,964.1,10,103,40
2011-07-17 16:00:00,17.3,964.2,3,37,36
2011-07-17 17:00:00,18,964.1,4,109,39
2011-07-17 18:00:00,18.2,964.1,10,138,40
2011-07-17 19:00:00,18.9,964.1,2,116,45
2011-07-17 21:00:00,17.6,964.1,1,118,44
2011-07-17 22:00:00,20.8,964.1,6,115,42
2011-07-17 23:00:00,19.6,964.1,6,198,28
2011-07-18 00:00:00,20.1,964.2,0,217,41
2011-07-18 01:00:00,21.8,964.1,1,215,51
2011-07-18 02:00:00,23.6,964.1,4,275,47
2011-07-18 03:00:00,25.5,964.1,1,277,36
2011-07-18 04:00:00,25.4,964.1,11,253,38
2011-07-18 05:00:00,24.2,964.1,1,306,44
2011-07-18 06:00:00,25,964.1,0,288,49
2011-07-18 07:00:00,24.5,964.1,11,238,46
2011-07-18 08:00:00,25,964.1,13,227,48
2011-07-18 09:00:00,22,964.1,0,220,49
2011-07-18 10:00:00,22.7,964.1,0,213,56
2011-07-18 11:00:00,22.1,964.2,5,198,37
2011-07-18 12:00:00,22.6,964.1,5,187,44
2011-07-18 13:00:00,20.7,964.2,1,196,43
2011-07-18 14:00:00,19.6,964.1,4,60,55
2011-07-18 15:00:00,19.8,964.1,2,124,44
2011-07-18 16:00:00,16.9,964.2,1,70,50
2011-07-18 17:00:00,18.3,964.1,4,85,36
2011-07-18 18:00:00,19.3,964.2,9,40,40
2011-07-18 19:00:00,16.4,964.1,4,114,52
2011-07-18 20:00:00,13.2,964.1,4,153,31
2011-07-18 21:00:00,19.8,964.2,2,181,47
2011-07-18 22:00:00,19.7,964.1,3,162,47
2011-07-18 23:00:00,18.7,964.1,9,132,40
2011-07-19 00:00:00,19.9,964.2,0,242,37
2011-07-19 01:00:00,21.1,964.1,3,205,52
2011-07-19 02:00:00,26.5,964.1,4,294,58
2011-07-19 04:00:00,25.4,964.1,1,288,43
2011-07-19 05:00:00,25.8,964.1,6,298,42
2011-07-19 06:00:00,25.7,964.2,1,267,43
2011-07-19 07:00:00,27.4,964.1,8,230,44
2011-07-19 08:00:00,26.7,964.2,1,258,33
2011-07-19 09:00:00,25.6,964.1,13,227,33
2011-07-19 10:00:00,21.8,964.2,8,179,58
2011-07-19 11:00:00,20.8,964.1,5,204,50
2011-07-19 12:00:00,21.1,964.1,1,147,55
2011-07-19 13:00:00,20.2,964,4,174,54
2011-07-19 14:00:00,19,964.1,1,39,33
2011-07-19 15:00:00,19.3,964,5,123,48
2011-07-19 16:00:00,17.7,964.1,7,121,44
2011-07-19 17:00:00,16.8,964.2,1,58,50
2011-07-19 18:00:00,18.7,964.1,6,50,42
2011-07-19 19:00:00,18.7,964.2,7,94,39
2011-07-19 20:00:00,18.3,964.2,0,115,30
2011-07-19 21:00:00,18.8,964.1,8,152,52
2011-07-19 22:00:00,18.8,964.1,6,178,61
2011-07-19 23:00:00,18.2,964.1,5,160,40
2011-07-20 00:00:00,23.4,964.1,3,210,56
2011-07-20 01:00:00,24,964.2,7,308,49
2011-07-20 02:00:00,22.1,964,2,248,45
2011-07-20 03:00:00,24.2,964.1,5,249,48
2011-07-20 04:00:00,25.5,964.1,7,222,40
2011-07-20 05:00:00,22.8,964.1,0,276,31
2011-07-20 07:00:00,25,964.2,5,215,44
2011-07-20 08:00:00,25.7,964.1,3,191,44
2011-07-20 09:00:00,22.9,964.1,1,245,51
2011-07-20 10:00:00,22.3,964.2,5,213,38
2011-07-20 11:00:00,22.8,964,1,164,45
2011-07-20 12:00:00,20.7,964.1,8,170,53
2011-07-20 13:00:00,21.5,964.1,5,159,47
2011-07-20 14:00:00,20.2,964,10,84,32
2011-07-20 15:00:00,15.4,964.2,7,102,27
2011-07-20 16:00:00,17.1,964.1,4,120,60
2011-07-20 17:00:00,17.5,964.1,3,128,45
2011-07-20 18:00:00,17.3,964.2,1,117,44
2011-07-20 19:00:00,16.5,964.2,2,148,36
2011-07-20 20:00:00,19.4,964.2,7,139,41
2011-07-20 21:00:00,15.4,964.1,6,135,47
2011-07-20 22:00:00,20,964.1,2,184,46
2011-07-20 23:00:00,20.1,964.1,0,200,51
2011-07-21 00:00:00,23,964.1,4,233,47
2011-07-21 01:00:00,21.8,964.1,8,244,26
2011-07-21 02:00:00,21.8,964.1,0,280,54
2011-07-21 03:00:00,25.4,964.2,4,323,51
2011-07-21 04:00:00,25.5,964.1,6,217,40
2011-07-21 05:00:00,25.2,964.2,4,215,53
2011-07-21 06:00:00,24.5,964.2,5,276,50
2011-07-21 07:00:00,26.4,964.2,0,213,54
2011-07-21 08:00:00,24,964.2,4,222,45
2011-07-21 09:00:00,21.6,964,3,182,44
2011-07-21 10:00:00,24.3,964.1,2,165,45
2011-07-21 11:00:00,25.8,964.2,10,173,49
2011-07-21 12:00:00,22.4,964.1,0,161,34
2011-07-21 13:00:00,21,964.1,8,113,43
2011-07-21 14:00:00,23.3,964.1,0,129,40
2011-07-21 15:00:00,16.5,964.2,4,134,45
2011-07-21 16:00:00,19.4,964.1,11,69,56
2011-07-21 17:00:00,15.6,964,0,137,46
2011-07-21 18:00:00,17.7,964.2,3,85,34
2011-07-21 19:00:00,18.9,964.1,3,110,27
2011-07-21 20:00:00,19.8,964.1,9,83,52
2011-07-21 21:00:00,17.1,964.1,4,126,37
2011-07-21 22:00:00,19.1,964.2,6,164,34
2011-07-22 00:00:00,24.2,964.1,11,233,49
2011-07-22 01:00:00,23.8,964.1,4,213,53
2011-07-22 02:00:00,21.3,964.1,5,198,53
2011-07-22 03:00:00,24.7,964.1,6,265,45
2011-07-22 04:00:00,25.2,964.1,6,227,44
2011-07-22 05:00:00,24.3,964.1,4,228,42
2011-07-22 06:00:00,26.4,964.2,0,265,47
2011-07-22 07:00:00,25,964.2,3,229,56
2011-07-22 08:00:00,24.9,964.2,3,205,32
2011-07-22 09:00:00,23.2,964.2,4,200,41
2011-07-22 10:00:00,24.5,964.1,1,229,40
2011-07-22 11:00:00,23.1,964.1,6,192,48
2011-07-22 12:00:00,21.6,964,5,165,46
2011-07-22 13:00:00,18.2,964.2,0,175,52
2011-07-22 14:00:00,20,964.2,0,111,49
2011-07-22 15:00:00,18.2,964.1,4,100,36
2011-07-22 16:00:00,16.2,964.2,11,116,49
2011-07-22 17:00:00,17.9,964,3,66,48
2011-07-22 18:00:00,17.3,964.2,10,57,45
2011-07-22 19:00:00,16.9,964.1,0,57,43
2011-07-22 20:00:00,17.3,964.1,3,152,52
2011-07-22 21:00:00,19.6,964.1,6,112,49
2011-07-22 22:00:00,21.1,964.2,3,116,53
2011-07-22 23:00:00,19.3,964,7,151,48
2011-07-23 00:00:00,21.6,964.1,4,192,46
2011-07-23 01:00:00,20.2,964.2,7,263,48
2011-07-23 02:00:00,22.9,964.1,2,248,56
2011-07-23 03:00:00,24.9,964.1,1,239,47
2011-07-23 04:00:00,27.7,964.1,13,265,47
2011-07-23 05:00:00,23.5,964.1,11,237,40
2011-07-23 06:00:00,23.8,964,3,282,48
2011-07-23 07:00:00,24.7,964.2,12,287,40
2011-07-23 08:00:00,23.7,964.1,5,277,42
2011-07-23 09:00:00,23.6,964.1,2,206,43
2011-07-23 10:00:00,23.2,964.2,4,221,51
2011-07-23 11:00:00,21.7,964.2,9,176,42
2011-07-23 12:00:00,18,964.2,2,216,55
2011-07-23 13:00:00,19.6,964.1,0,87,32
2011-07-23 14:00:00,18.9,964.1,1,107,43
2011-07-23 15:00:00,19.7,964.2,6,124,52
2011-07-23 16:00:00,16.7,964.1,0,116,46
2011-07-23 17:00:00,16.6,964.2,9,95,67
2011-07-23 18:00:00,20.2,964.1,2,59,36
2011-07-23 19:00:00,16.7,964.1,3,165,67
2011-07-23 20:00:00,20.9,964.1,5,129,55
2011-07-23 21:00:00,16.7,964.2,5,129,53
2011-07-23 22:00:00,20.4,964.1,5,121,61
2011-07-23 23:00:00,20.3,964.2,7,117,44
2011-07-24 00:00:00,22.3,964.1,1,204,42
2011-07-24 01:00:00,23.8,-999,7,197,53
2011-07-24 02:00:00,21.9,-999,0,250,49
2011-07-24 03:00:00,23.8,-999,3,271,49
2011-07-24 04:00:00,24.5,-999,1,233,51
2011-07-24 05:00:00,27,-999,5,295,42
2011-07-24 06:00:00,25.7,-999,2,251,51
2011-07-24 07:00:00,23.6,-999,6,254,54
2011-07-24 08:00:00,21.1,-999,2,217,50
2011-07-24 10:00:00,26.1,-999,3,185,47
2011-07-24 11:00:00,22.3,-999,0,191,49
2011-07-24 12:00:00,21.2,-999,2,163,45
2011-07-24 13:00:00,21.2,-999,17,36,36
2011-07-24 14:00:00,19.7,-999,4,132,40
2011-07-24 15:00:00,16.6,-999,10,112,47
2011-07-24 16:00:00,18.6,-999,5,66,52
2011-07-24 17:00:00,17.2,-999,10,69,43
2011-07-24 18:00:00,18.5,-999,2,72,44
2011-07-24 19:00:00,17.4,-999,7,62,52
2011-07-24 20:00:00,20.8,-999,5,157,39
2011-07-24 21:00:00,18.3,-999,11,147,38
2011-07-24 22:00:00,21.1,-999,3,192,41
2011-07-24 23:00:00,20.6,-999,4,181,57
2011-07-25 00:00:00,20,-999,4,199,56
2011-07-25 01:00:00,23.7,-999,15,264,58
2011-07-25 02:00:00,21.2,-999,3,237,49
2011-07-25 03:00:00,22.7,-999,3,280,56
2011-07-25 04:00:00,23.9,-999,7,273,47
2011-07-25 05:00:00,24.7,-999,7,239,46
2011-07-25 06:00:00,25.7,-999,2,264,48
2011-07-25 07:00:00,23.2,-999,5,213,47
2011-07-25 08:00:00,22.9,-999,3,241,51
2011-07-25 09:00:00,20.9,-999,10,230,38
2011-07-25 10:00:00,21.8,-999,0,165,70
2011-07-25 11:00:00,19.7,-999,5,186,57
2011-07-25 12:00:00,23.9,-999,5,157,33
2011-07-25 13:00:00,19.8,-999,0,111,47
2011-07-25 14:00:00,19.4,-999,2,214,46
2011-07-25 15:00:00,19.1,-999,10,67,58
2011-07-25 16:00:00,20.2,-999,7,126,51
2011-07-25 17:00:00,17.9,-999,5,87,44
2011-07-25 18:00:00,16.5,-999,5,62,47
2011-07-25 19:00:00,17.4,-999,1,102,52
2011-07-25 20:00:00,18.3,-999,3,139,45
2011-07-25 21:00:00,17.3,-999,0,108,47
2011-07-25 22:00:00,16.6,-999,2,125,43
2011-07-25 23:00:00,22.6,-999,7,239,53
2011-07-26 00:00:00,19.4,-999,1,225,48
2011-07-26 01:00:00,19.7,-999,4,225,64
2011-07-26 02:00:00,24.3,-999,13,266,55
2011-07-26 03:00:00,23.8,-999,6,258,39
2011-07-26 04:00:00,25.9,-999,1,257,40
2011-07-26 05:00:00,23.5,-999,0,239,51
2011-07-26 06:00:00,23.9,-999,2,271,43
2011-07-26 07:00:00,24.7,-999,2,258,40
2011-07-26 08:00:00,24.3,-999,9,276,44
2011-07-26 09:00:00,26.4,-999,1,211,50
2011-07-26 10:00:00,22.9,-999,2,191,47
2011-07-26 11:00:00,22.3,-999,3,150,65
2011-07-26 12:00:00,18.8,-999,9,166,67
2011-07-26 13:00:00,21.5,-999,1,130,36
2011-07-26 14:00:00,17.1,-999,4,101,23
2011-07-26 15:00:00,18.5,-999,12,102,50
2011-07-26 16:00:00,20.1,-999,8,47,47
2011-07-26 17:00:00,14.7,-999,5,67,43
2011-07-26 18:00:00,18.1,-999,1,102,54
2011-07-26 19:00:00,18,-999,4,78,43
2011-07-26 20:00:00,19.5,-999,2,144,41
2011-07-26 21:00:00,17.3,-999,7,104,64
2011-07-26 22:00:00,17.3,-999,3,73,34
2011-07-26 23:00:00,17.5,-999,5,192,45
2011-07-27 00:00:00,21.8,-999,5,234,31
2011-07-27 01:00:00,22.7,-999,12,255,49
2011-07-27 02:00:00,25,-999,5,244,55
2011-07-27 03:00:00,24.5,-999,1,219,46
2011-07-27 04:00:00,24.3,-999,2,272,56
2011-07-27 05:00:00,24.6,-999,0,243,43
2011-07-27 06:00:00,24.3,-999,8,318,45
2011-07-27 07:00:00,24.5,-999,4,222,41
2011-07-27 08:00:00,23.8,-999,7,245,41
2011-07-27 09:00:00,24.6,-999,9,247,42
2011-07-27 10:00:00,25.3,-999,7,199,43
2011-07-27 11:00:00,23.1,-999,3,242,42
2011-07-27 13:00:00,18,-999,3,142,54
2011-07-27 14:00:00,19.9,-999,2,153,52
2011-07-27 15:00:00,14.5,-999,11,110,36
2011-07-27 16:00:00,15.7,-999,3,18,35
2011-07-27 17:00:00,21,-999,2,73,39
2011-07-27 18:00:00,16.5,-999,5,61,54
2011-07-27 19:00:00,16.7,-999,1,126,68
2011-07-27 20:00:00,18,-999,0,161,58
2011-07-27 21:00:00,16.9,-999,0,139,36
2011-07-27 22:00:00,18.3,-999,2,181,65
2011-07-27 23:00:00,17.4,-999,10,172,59
2011-07-28 00:00:00,19.1,-999,7,254,41
2011-07-28 01:00:00,20.4,-999,3,265,36
2011-07-28 02:00:00,21.4,-999,4,232,38
2011-07-28 03:00:00,24.7,-999,2,268,32
2011-07-28 04:00:00,23.5,-999,4,308,33
2011-07-28 05:00:00,25,-999,0,249,46
2011-07-28 06:00:00,27,-999,1,298,60
2011-07-28 07:00:00,26.6,-999,3,241,41
2011-07-28 08:00:00,22.8,-999,8,240,49
2011-07-28 09:00:00,23.4,-999,2,228,49
2011-07-28 10:00:00,20.3,-999,6,208,32
2011-07-28 11:00:00,22.6,-999,0,185,48
2011-07-28 12:00:00,20.5,-999,6,183,53
2011-07-28 13:00:00,19.2,-999,2,135,53
2011-07-28 14:00:00,20.1,-999,13,149,57
2011-07-28 15:00:00,20.8,-999,1,66,37
2011-07-28 16:00:00,20,-999,2,126,49
2011-07-28 18:00:00,17.7,-999,0,98,58
2011-07-28 19:00:00,14.5,-999,2,79,50
2011-07-28 20:00:00,16.8,-999,13,140,53
2011-07-28 21:00:00,18.2,-999,3,104,62
2011-07-28 22:00:00,18,-999,3,130,47
2011-07-28 23:00:00,19.4,-999,7,272,50
2011-07-29 00:00:00,21.4,-999,1,182,45
2011-07-29 01:00:00,22,-999,10,228,41
2011-07-29 02:00:00,20.2,-999,13,239,52
2011-07-29 03:00:00,25,-999,2,282,66
2011-07-29 04:00:00,24.4,-999,6,293,45
2011-07-29 05:00:00,24.4,-999,3,292,46
2011-07-29 06:00:00,24.6,-999,2,258,41
2011-07-29 07:00:00,23.8,-999,10,223,49
2011-07-29 08:00:00,22.6,-999,3,232,38
2011-07-29 09:00:00,22.6,-999,3,201,49
2011-07-29 10:00:00,24.6,-999,2,204,46
2011-07-29 11:00:00,21.6,-999,0,200,58
2011-07-29 12:00:00,21.8,-999,1,185,48
2011-07-29 13:00:00,20.1,-999,3,130,45
2011-07-29 14:00:00,17.5,-999,10,105,46
2011-07-29 15:00:00,18.6,-999,4,94,56
2011-07-29 16:00:00,16.4,-999,5,50,41
2011-07-29 17:00:00,16.2,-999,2,108,48
2011-07-29 18:00:00,17,-999,2,146,38
2011-07-29 19:00:00,18.3,-999,13,164,52
2011-07-29 20:00:00,16.3,-999,7,76,37
2011-07-29 21:00:00,20.4,-999,9,90,39
2011-07-29 22:00:00,19,-999,5,153,57
2011-07-29 23:00:00,19.9,-999,6,193,36
2011-07-30 00:00:00,19.6,-999,2,241,56
2011-07-30 01:00:00,21.9,-999,5,265,33
2011-07-30 02:00:00,20.9,-999,1,272,40
2011-07-30 03:00:00,22.3,-999,13,278,49
2011-07-30 04:00:00,22,-999,11,299,41
2011-07-30 05:00:00,22.9,-999,6,289,54
2011-07-30 06:00:00,23.3,-999,3,303,49
2011-07-30 07:00:00,20.5,-999,2,217,47
2011-07-30 08:00:00,24.9,-999,7,236,61
2011-07-30 09:00:00,23.2,-999,0,269,54
2011-07-30 10:00:00,18.1,-999,5,269,45
2011-07-30 11:00:00,15.9,-999,2,154,56
2011-07-30 12:00:00,23.6,-999,5,139,54
2011-07-30 14:00:00,16.8,-999,1,89,45
2011-07-30 15:00:00,14.7,-999,5,130,40
2011-07-30 16:00:00,17.9,-999,10,144,48
2011-07-30 17:00:00,18.3,-999,10,77,52
2011-07-30 18:00:00,17.9,-999,8,79,45
2011-07-30 19:00:00,15.1,-999,4,187,41
2011-07-30 20:00:00,17.4,-999,5,142,45
2011-07-30 21:00:00,19,-999,8,197,42
2011-07-30 22:00:00,20,-999,0,162,65
2011-07-30 23:00:00,19.4,-999,3,158,49
2011-07-31 00:00:00,20,-999,8,213,57
2011-07-31 01:00:00,23.3,-999,3,181,42
2011-07-31 02:00:00,21.6,-999,2,196,44
2011-07-31 03:00:00,23.7,-999,3,267,45
2011-07-31 04:00:00,25.7,-999,1,264,56
2011-07-31 05:00:00,24.1,-999,2,274,51
2011-07-31 06:00:00,25.1,-999,1,273,59
2011-07-31 07:00:00,23.8,-999,15,224,62
2011-07-31 08:00:00,25.3,-999,1,197,61
2011-07-31 09:00:00,23.7,-999,1,201,47
2011-07-31 10:00:00,21.9,-999,1,193,58
2011-07-31 11:00:00,20.8,-999,3,144,45
2011-07-31 12:00:00,21.5,-999,3,160,63
2011-07-31 14:00:00,19.8,-999,5,87,44
2011-07-31 15:00:00,17.6,-999,1,165,48
2011-07-31 16:00:00,17.8,-999,2,164,46
2011-07-31 17:00:00,15.8,-999,6,30,45
2011-07-31 18:00:00,14.7,-999,2,95,47
2011-07-31 19:00:00,14.2,-999,2,158,53
2011-07-31 20:00:00,18.7,-999,5,166,40
2011-07-31 21:00:00,16.2,-999,1,135,60
2011-07-31 22:00:00,18.5,-999,3,170,41
2011-07-31 23:00:00,18.2,-999,7,233,49
2011-08-01 00:00:00,17.5,-999,7,270,46
2011-08-01 01:00:00,22.5,-999,1,238,65
2011-08-01 02:00:00,20,-999,2,229,58
2011-08-01 03:00:00,19.1,-999,4,204,44
2011-08-01 04:00:00,22.9,-999,9,195,36
2011-08-01 05:00:00,27,-999,5,230,38
2011-08-01 06:00:00,23.3,-999,2,281,51
2011-08-01 07:00:00,24.2,-999,4,283,42
2011-08-01 08:00:00,25.4,-999,5,262,42
2011-08-01 09:00:00,24.4,-999,7,162,51
2011-08-01 10:00:00,24.2,-999,2,222,55
2011-08-01 11:00:00,22.1,-999,1,245,59
2011-08-01 13:00:00,19.9,-999,4,119,51
2011-08-01 14:00:00,20.5,-999,9,136,42
2011-08-01 15:00:00,17.3,-999,2,89,45
2011-08-01 16:00:00,18.6,-999,3,119,62
2011-08-01 17:00:00,15.2,-999,5,111,54
2011-08-01 18:00:00,16,-999,8,124,54
2011-08-01 19:00:00,18.2,-999,3,106,55
2011-08-01 20:00:00,16.7,-999,3,115,48
2011-08-01 21:00:00,16.7,-999,5,94,52
2011-08-01 22:00:00,19.4,-999,5,190,46
2011-08-01 23:00:00,19,-999,6,201,50
2011-08-02 00:00:00,20.7,-999,3,194,50
2011-08-02 01:00:00,23.9,-999,3,199,48
2011-08-02 02:00:00,24.1,-999,1,284,53
2011-08-02 03:00:00,24.7,-999,5,269,56
2011-08-02 04:00:00,26.2,-999,7,260,48
2011-08-02 05:00:00,21.7,-999,6,262,49
2011-08-02 06:00:00,26.1,-999,4,205,43
2011-08-02 07:00:00,23.8,-999,1,253,51
2011-08-02 08:00:00,22.9,-999,5,312,45
2011-08-02 09:00:00,21.5,-999,1,168,57
2011-08-02 10:00:00,24.3,-999,2,217,57
2011-08-02 11:00:00,20.2,-999,4,214,45
2011-08-02 12:00:00,20.9,-999,13,126,47
2011-08-02 13:00:00,19.4,-999,5,117,48
2011-08-02 14:00:00,20,-999,7,94,60
2011-08-02 15:00:00,16.2,-999,5,80,53
2011-08-02 16:00:00,16.1,-999,0,76,47
2011-08-02 17:00:00,15.9,-999,9,109,38
2011-08-02 18:00:00,16.6,-999,2,89,54
2011-08-02 19:00:00,16.8,-999,3,114,60
2011-08-02 20:00:00,17.4,-999,4,91,66
2011-08-02 21:00:00,18.4,-999,1,87,48
2011-08-02 22:00:00,18.3,-999,13,110,51
2011-08-02 23:00:00,20.5,-999,2,166,50
2011-08-03 00:00:00,18.7,-999,2,136,53
2011-08-03 01:00:00,21.1,-999,1,221,50
2011-08-03 02:00:00,20.6,-999,0,224,44
2011-08-03 03:00:00,20.7,-999,6,288,58
2011-08-03 04:00:00,22.2,-999,0,234,39
2011-08-03 05:00:00,24.7,-999,9,280,41
2011-08-03 06:00:00,23.4,-999,0,293,41
2011-08-03 07:00:00,22.9,-999,6,278,56
2011-08-03 08:00:00,26.1,-999,3,212,44
2011-08-03 09:00:00,22.3,-999,3,243,61
2011-08-03 10:00:00,21.3,-999,5,249,49
2011-08-03 11:00:00,19.8,-999,1,171,41
2011-08-03 12:00:00,23.4,-999,0,136,40
2011-08-03 13:00:00,17.9,-999,3,108,57
2011-08-03 14:00:00,20.4,-999,1,175,57
2011-08-03 15:00:00,21,-999,0,96,51
2011-08-03 16:00:00,19.2,-999,10,69,42
2011-08-03 17:00:00,16.7,-999,8,73,50
2011-08-03 18:00:00,15.2,-999,8,74,71
2011-08-03 19:00:00,17.6,-999,14,120,43
2011-08-03 20:00:00,17.1,-999,2,162,48
2011-08-03 21:00:00,15.4,-999,1,121,47
2011-08-03 22:00:00,17.2,-999,1,203,45
2011-08-03 23:00:00,21.2,-999,0,217,48
2011-08-04 00:00:00,21.7,-999,4,215,52
2011-08-04 01:00:00,18.9,-999,1,280,53
2011-08-04 02:00:00,21.7,-999,7,227,52
2011-08-04 03:00:00,24.7,-999,8,263,44
2011-08-04 04:00:00,23.2,-999,8,292,49
2011-08-04 05:00:00,24.1,-999,7,253,40
2011-08-04 06:00:00,26.5,-999,3,276,66
2011-08-04 07:00:00,24.1,-999,1,250,45
2011-08-04 08:00:00,24.5,-999,7,230,46
2011-08-04 09:00:00,24,-999,8,211,60
2011-08-04 10:00:00,24.1,-999,2,233,59
2011-08-04 11:00:00,17.7,-999,2,158,39
2011-08-04 12:00:00,20.4,-999,2,143,47
2011-08-04 13:00:00,18.6,-999,2,133,46
2011-08-04 14:00:00,18.4,-999,10,103,57
2011-08-04 15:00:00,18.8,-999,3,88,51
2011-08-04 16:00:00,15.3,-999,5,76,45
2011-08-04 17:00:00,18.3,-999,2,71,49
2011-08-04 18:00:00,14.4,-999,1,52,53
2011-08-04 20:00:00,16.8,-999,10,87,51
2011-08-04 21:00:00,16.6,-999,2,116,56
2011-08-04 22:00:00,19.1,-999,4,131,45
2011-08-05 00:00:00,20.9,-999,5,202,41
2011-08-05 01:00:00,20.9,-999,1,229,44
2011-08-05 02:00:00,23.8,-999,1,251,67
2011-08-05 03:00:00,25,-999,5,279,49
2011-08-05 04:00:00,22,-999,8,335,55
2011-08-05 05:00:00,23.2,-999,3,266,49
2011-08-05 07:00:00,23.2,-999,2,208,38
2011-08-05 08:00:00,20,-999,2,189,46
2011-08-05 09:00:00,25.4,-999,0,222,53
2011-08-05 10:00:00,21.8,-999,2,256,49
2011-08-05 11:00:00,19.8,-999,2,186,49
2011-08-05 12:00:00,22.2,-999,13,151,49
2011-08-05 13:00:00,20.6,-999,1,150,52
2011-08-05 14:00:00,17.8,-999,9,126,53
2011-08-05 15:00:00,18.8,-999,2,90,52
2011-08-05 16:00:00,16.2,-999,1,68,46
2011-08-05 17:00:00,15.9,-999,6,57,46
2011-08-05 18:00:00,17.5,-999,9,58,55
2011-08-05 19:00:00,16.2,-999,4,38,47
2011-08-05 20:00:00,18.8,-999,2,138,59
2011-08-05 21:00:00,18.9,-999,7,123,55
2011-08-05 23:00:00,20.9,-999,3,225,53
2011-08-06 00:00:00,18.2,-999,0,208,62
2011-08-06 01:00:00,19.8,-999,3,237,52
2011-08-06 02:00:00,22.5,-999,8,242,48
2011-08-06 03:00:00,20.5,-999,4,276,51
2011-08-06 04:00:00,23.9,-999,1,249,44
2011-08-06 05:00:00,24.5,-999,11,272,52
2011-08-06 06:00:00,24.9,-999,0,293,57
2011-08-06 07:00:00,25.7,-999,8,247,48
2011-08-06 08:00:00,22.1,-999,6,191,42
2011-08-06 09:00:00,24.5,-999,4,193,50
2011-08-06 10:00:00,22.5,-999,14,168,51
2011-08-06 11:00:00,21.3,-999,6,168,62
2011-08-06 12:00:00,18.4,-999,1,171,49
2011-08-06 13:00:00,19.9,-999,6,146,41
2011-08-06 14:00:00,17.6,-999,2,129,52
2011-08-06 15:00:00,17.5,-999,2,103,53
2011-08-06 16:00:00,15.4,-999,5,54,47
2011-08-06 17:00:00,15.4,-999,5,94,58
2011-08-06 18:00:00,15.2,-999,0,40,57
2011-08-06 19:00:00,14.5,-999,6,119,60
2011-08-06 20:00:00,17.3,-999,7,148,52
2011-08-06 21:00:00,17.5,-999,1,136,52
2011-08-06 22:00:00,19.1,-999,5,194,52
2011-08-06 23:00:00,17.6,-999,1,149,47
2011-08-07 00:00:00,18.8,-999,1,146,61
2011-08-07 01:00:00,18.6,-999,3,236,45
2011-08-07 02:00:00,23,-999,3,217,43
2011-08-07 03:00:00,24.5,-999,9,259,51
2011-08-07 04:00:00,24.7,-999,1,296,52
2011-08-07 05:00:00,20.8,-999,4,253,53
2011-08-07 06:00:00,24.6,-999,5,278,45
2011-08-07 07:00:00,24.1,-999,6,243,28
2011-08-07 08:00:00,22.3,-999,11,272,46
2011-08-07 09:00:00,20.6,-999,1,211,48
2011-08-07 10:00:00,23.2,-999,9,231,51
2011-08-07 11:00:00,22.4,945.9,11,205,48
2011-08-07 12:00:00,17.6,949.2,9,134,62
2011-08-07 13:00:00,17.9,950.5,2,109,50
2011-08-07 14:00:00,17,946.2,1,108,56
2011-08-07 15:00:00,17.2,947.7,2,76,47
2011-08-07 16:00:00,19.9,949.8,3,75,45
2011-08-07 17:00:00,11.9,945.7,5,106,48
2011-08-07 18:00:00,14,942.8,0,88,61
2011-08-07 19:00:00,17.5,944.5,9,108,64
2011-08-07 20:00:00,17.8,949.2,11,118,53
2011-08-07 21:00:00,14.9,945.5,11,107,38
2011-08-07 22:00:00,17.7,947.1,3,195,47
2011-08-07 23:00:00,19.7,947,5,177,56
2011-08-08 00:00:00,18.3,942.2,2,219,43
2011-08-08 01:00:00,22.7,946,3,294,53
2011-08-08 02:00:00,24.2,941.2,0,269,56
2011-08-08 03:00:00,24.7,948.9,11,225,57
2011-08-08 04:00:00,21.8,944.6,3,274,59
2011-08-08 05:00:00,22.5,947.4,0,239,62
2011-08-08 06:00:00,23.5,942.4,8,298,42
2011-08-08 07:00:00,21.1,952.1,1,257,42
2011-08-08 08:00:00,24.8,949.6,10,268,51
2011-08-08 09:00:00,20.5,950.5,6,225,49
2011-08-08 10:00:00,22.3,948.4,3,177,54
2011-08-08 11:00:00,19.7,944.2,9,163,55
2011-08-08 12:00:00,19.6,948.8,3,109,63
2011-08-08 13:00:00,17.1,942.3,6,184,47
2011-08-08 14:00:00,17.1,944.3,4,118,63
2011-08-08 15:00:00,14.3,946,3,91,46
2011-08-08 16:00:00,14.3,945.6,3,96,44
2011-08-08 17:00:00,17.1,941.8,1,81,46
2011-08-08 18:00:00,18.7,945.9,1,101,53
2011-08-08 19:00:00,15.5,942.8,4,100,38
2011-08-08 20:00:00,15.8,948.6,2,111,51
2011-08-08 21:00:00,15.7,948,5,147,53
2011-08-08 22:00:00,17.1,951.3,5,159,54
2011-08-08 23:00:00,17.8,951.3,2,190,58
2011-08-09 00:00:00,16.6,943.4,3,181,47
2011-08-09 01:00:00,21.4,945.6,12,185,42
2011-08-09 02:00:00,22.1,943.7,2,241,50
2011-08-09 03:00:00,23.2,941.5,6,276,75
2011-08-09 04:00:00,23,944.9,4,284,59
2011-08-09 05:00:00,24.4,947.5,0,247,44
2011-08-09 06:00:00,21.2,943.7,1,248,64
2011-08-09 07:00:00,22,948.1,1,251,40
2011-08-09 08:00:00,21.4,944.8,6,254,41
2011-08-09 09:00:00,23.9,946.3,6,245,51
2011-08-09 10:00:00,20.8,947.5,0,264,44
2011-08-09 11:00:00,18.5,955.6,0,148,48
2011-08-09 12:00:00,20.8,947.7,12,121,49
2011-08-09 13:00:00,16.2,947.8,3,148,36
2011-08-09 14:00:00,17.9,944.6,5,123,49
2011-08-09 15:00:00,16.5,940.9,3,72,66
2011-08-09 16:00:00,15.5,947.2,5,96,54
2011-08-09 17:00:00,16.9,943.4,1,75,57
2011-08-09 18:00:00,15,943.4,3,91,51
2011-08-09 19:00:00,16.5,943.5,3,109,58
2011-08-09 20:00:00,14.7,943.3,0,96,53
2011-08-09 21:00:00,16.8,944.8,0,142,59
2011-08-09 22:00:00,16.7,951.7,1,192,42
2011-08-09 23:00:00,18.9,948.6,9,153,57
2011-08-10 00:00:00,19.4,943,5,236,56
2011-08-10 01:00:00,21.3,946.5,1,225,42
2011-08-10 02:00:00,22.7,945,0,237,61
2011-08-10 03:00:00,26,943.6,1,273,56
2011-08-10 04:00:00,24.4,946.4,10,233,70
2011-08-10 05:00:00,23.8,945.7,1,266,46
2011-08-10 06:00:00,24.1,948.9,2,304,60
2011-08-10 07:00:00,23.8,952.4,2,264,57
2011-08-10 08:00:00,23.2,951.7,2,279,44
2011-08-10 09:00:00,21.9,952.4,6,216,57
2011-08-10 10:00:00,21.8,946.6,13,220,54
2011-08-10 11:00:00,21.8,944.6,5,179,43
2011-08-10 12:00:00,19.2,944.4,0,208,64
2011-08-10 13:00:00,17,947.8,3,142,59
2011-08-10 14:00:00,15.9,946.9,6,132,48
2011-08-10 15:00:00,17.1,946.6,6,127,43
2011-08-10 16:00:00,16.2,949.7,5,112,54
2011-08-10 17:00:00,14.7,941.2,10,63,51
2011-08-10 18:00:00,14.7,947.8,0,81,39
2011-08-10 19:00:00,15.6,949.1,13,89,62
2011-08-10 20:00:00,13.5,942.9,6,113,59
2011-08-10 21:00:00,16.4,946,2,154,42
2011-08-10 22:00:00,19.1,945.2,1,146,51
2011-08-10 23:00:00,17.4,947,7,175,46
2011-08-11 00:00:00,17.1,947.7,3,213,47
2011-08-11 01:00:00,20.7,951,5,227,56
2011-08-11 02:00:00,21.6,942,0,274,63
2011-08-11 03:00:00,23.1,950.9,1,264,38
2011-08-11 04:00:00,24,944.7,1,261,52
2011-08-11 05:00:00,22.9,941.9,1,305,50
2011-08-11 06:00:00,21.6,943.9,3,300,70
2011-08-11 07:00:00,23.6,946.7,5,257,64
2011-08-11 08:00:00,20.5,943.5,1,262,42
2011-08-11 09:00:00,22.8,944.9,10,210,54
2011-08-11 10:00:00,21.9,945.7,4,151,51
2011-08-11 11:00:00,23.6,945.4,1,151,45
2011-08-11 12:00:00,17.7,947,3,168,58
2011-08-11 13:00:00,16.1,947.6,4,163,48
2011-08-11 14:00:00,15.5,946.2,2,159,48
2011-08-11 15:00:00,15.3,946.5,3,113,48
2011-08-11 16:00:00,13.8,943.6,5,135,55
2011-08-11 17:00:00,16.4,947.5,3,111,68
2011-08-11 18:00:00,15.9,942.7,0,76,49
2011-08-11 19:00:00,17.7,943.5,11,162,37
2011-08-11 20:00:00,15.5,947.2,0,122,53
2011-08-11 21:00:00,17.9,952.1,5,91,51
2011-08-11 22:00:00,16.8,942,4,229,56
2011-08-11 23:00:00,19,939.9,8,200,38
2011-08-12 00:00:00,18.6,945.4,11,245,35
2011-08-12 01:00:00,19.5,952.6,1,252,62
2011-08-12 02:00:00,17.9,941.5,8,238,40
2011-08-12 03:00:00,23,946,3,276,62
2011-08-12 04:00:00,22.6,943.6,7,247,57
2011-08-12 05:00:00,23.9,943.8,1,231,45
2011-08-12 06:00:00,19.8,942.1,1,233,53
2011-08-12 07:00:00,25.1,952.9,1,262,61
2011-08-12 08:00:00,23.5,951.4,5,207,49
2011-08-12 09:00:00,21.5,945.3,3,262,52
2011-08-12 10:00:00,22.3,940.9,2,144,49
2011-08-12 11:00:00,21.6,949,5,120,51
2011-08-12 12:00:00,18.6,946.6,13,142,48
2011-08-12 13:00:00,18.1,948.2,11,162,55
2011-08-12 14:00:00,17.1,951,4,147,46
2011-08-12 15:00:00,17.7,949.3,7,96,67
2011-08-12 16:00:00,14.9,946.2,3,57,45
2011-08-12 17:00:00,12.6,947.1,1,89,56
2011-08-12 18:00:00,14.2,947.6,5,150,63
2011-08-12 20:00:00,16.8,948,2,59,50
2011-08-12 21:00:00,14.6,949.8,2,139,52
2011-08-12 22:00:00,17.7,941.6,1,130,55
2011-08-12 23:00:00,19,947.4,7,143,56
2011-08-13 00:00:00,19.6,943.3,6,214,52
2011-08-13 01:00:00,20.1,946.6,3,237,66
2011-08-13 02:00:00,22,948.1,3,291,61
2011-08-13 03:00:00,22.2,951.3,4,211,69
2011-08-13 04:00:00,23.5,945.2,8,272,51
2011-08-13 05:00:00,22.2,943.1,9,271,45
2011-08-13 06:00:00,22.9,946,1,258,50
2011-08-13 07:00:00,26.4,950.2,0,252,52
2011-08-13 08:00:00,26.2,945.5,4,270,50
2011-08-13 09:00:00,22.8,949.9,2,196,47
2011-08-13 10:00:00,19.9,945.6,4,225,35
2011-08-13 11:00:00,21.1,948.3,1,232,41
2011-08-13 12:00:00,19,943.9,6,204,56
2011-08-13 13:00:00,19,947.1,3,136,51
2011-08-13 14:00:00,16.1,947.4,4,110,34
2011-08-13 15:00:00,15.3,947.3,3,74,49
2011-08-13 16:00:00,16,942.2,0,76,54
2011-08-13 17:00:00,14,942.5,2,112,59
2011-08-13 18:00:00,15.8,945.5,9,116,50
2011-08-13 19:00:00,14.8,944.4,4,111,61
2011-08-13 20:00:00,16.8,945.6,9,61,50
2011-08-13 21:00:00,15.9,941.8,2,117,47
2011-08-13 22:00:00,19.9,949.9,3,115,42
2011-08-13 23:00:00,17.2,942.1,3,181,49
2011-08-14 00:00:00,18.1,947.1,6,180,41
2011-08-14 01:00:00,21.1,944.1,5,216,49
2011-08-14 02:00:00,21,951,1,258,58
2011-08-14 03:00:00,21.3,948.7,7,251,46
2011-08-14 04:00:00,25.6,945.3,6,254,64
2011-08-14 05:00:00,23.8,945.9,1,279,45
2011-08-14 06:00:00,24.6,945.2,1,301,49
2011-08-14 07:00:00,20.7,944.7,5,223,57
2011-08-14 08:00:00,21,944.2,4,228,38
2011-08-14 09:00:00,22.7,948.5,5,218,32
2011-08-14 10:00:00,22.5,942.8,3,230,54
2011-08-14 11:00:00,20,943.1,6,135,52
2011-08-14 12:00:00,20.4,946,0,161,37
2011-08-14 13:00:00,18.8,947.2,6,118,53
2011-08-14 14:00:00,18.2,947.9,8,93,51
2011-08-14 15:00:00,15,941.9,9,125,44
2011-08-14 16:00:00,14.9,948.9,0,52,58
2011-08-14 17:00:00,15.2,952.1,5,53,55
2011-08-14 18:00:00,14.2,944.4,1,76,47
2011-08-14 19:00:00,13.6,945.4,1,126,55
2011-08-14 20:00:00,16.3,942.4,2,109,56
2011-08-14 21:00:00,14,946.5,2,165,51
2011-08-14 22:00:00,15.5,944,7,174,45
2011-08-14 23:00:00,18.6,946,6,238,48
2011-08-15 00:00:00,19.2,948.6,6,256,51
2011-08-15 01:00:00,21.6,938.9,1,277,45
2011-08-15 02:00:00,21.7,940.8,3,270,56
2011-08-15 03:00:00,20.4,947.4,8,284,60
2011-08-15 04:00:00,23.3,949.4,5,325,59
2011-08-15 05:00:00,21.5,946.3,5,244,50
2011-08-15 06:00:00,23.2,945.6,1,267,57
2011-08-15 07:00:00,23.3,948.3,6,300,38
2011-08-15 08:00:00,19.4,948.9,2,220,55
2011-08-15 09:00:00,19.5,945.5,4,217,55
2011-08-15 10:00:00,22,941.6,3,150,52
2011-08-15 11:00:00,19.3,945.6,2,131,51
2011-08-15 12:00:00,20.8,945.2,7,184,60
2011-08-15 13:00:00,19.2,944.9,1,103,52
2011-08-15 14:00:00,18.6,949.4,8,164,58
2011-08-15 15:00:00,17.4,943.9,2,65,52
2011-08-15 16:00:00,17.4,949.4,2,67,45
2011-08-15 17:00:00,14.6,940.7,8,92,59
2011-08-15 18:00:00,15.9,942.8,2,110,59
2011-08-15 19:00:00,13.8,940.1,2,123,40
2011-08-15 20:00:00,13,945.4,4,115,54
2011-08-15 21:00:00,12.8,948.2,1,133,58
2011-08-15 22:00:00,15.5,945.5,5,119,62
2011-08-15 23:00:00,17.8,942.9,4,211,43
2011-08-16 00:00:00,18.5,946.8,1,240,60
2011-08-16 01:00:00,20,945.4,9,272,63
2011-08-16 03:00:00,20.5,947.8,1,264,54
2011-08-16 04:00:00,21.7,949,1,273,38
2011-08-16 05:00:00,22.9,941.2,3,236,54
2011-08-16 06:00:00,24,943.1,3,242,50
2011-08-16 07:00:00,20.8,949.2,3,275,48
2011-08-16 08:00:00,22.3,948.3,1,238,58
2011-08-16 09:00:00,18.1,950,4,222,35
2011-08-16 10:00:00,21.7,945.5,0,160,56
2011-08-16 11:00:00,19.6,949.4,6,229,65
2011-08-16 12:00:00,16.8,941.5,2,157,55
2011-08-16 13:00:00,17.1,946.5,8,184,68
2011-08-16 14:00:00,15.3,943.6,5,105,56
2011-08-16 16:00:00,15.5,941.8,2,130,55
2011-08-16 17:00:00,15,947.4,3,132,52
2011-08-16 18:00:00,13.9,943.5,2,102,57
2011-08-16 19:00:00,14.8,947.8,1,41,56
2011-08-16 20:00:00,14.5,947.1,4,51,53
2011-08-16 21:00:00,15.2,945.2,5,127,47
2011-08-16 22:00:00,18.2,947.9,2,175,60
2011-08-16 23:00:00,18.1,946.8,7,253,50
2011-08-17 00:00:00,20.6,945,5,228,58
2011-08-17 01:00:00,20.2,939.1,5,201,49
2011-08-17 02:00:00,19.3,941.4,5,291,55
2011-08-17 03:00:00,21.3,946.1,8,259,42
2011-08-17 04:00:00,20.5,946.2,4,221,55
2011-08-17 05:00:00,19.9,943.5,4,272,65
2011-08-17 06:00:00,21.8,950.6,3,297,59
2011-08-17 07:00:00,22.6,940.7,8,273,43
2011-08-17 08:00:00,24.5,947.6,5,264,68
2011-08-17 09:00:00,22.3,946.7,3,255,51
2011-08-17 10:00:00,18.5,943.1,5,190,36
2011-08-17 11:00:00,18,945.9,5,178,46
2011-08-17 12:00:00,18.6,944.3,3,129,54
2011-08-17 13:00:00,17.9,945.7,9,142,50
2011-08-17 14:00:00,14.9,949.6,6,103,79
2011-08-17 15:00:00,15.4,944.1,6,121,55
2011-08-17 16:00:00,13.4,945.7,0,75,47
2011-08-17 17:00:00,16.9,945.6,1,92,47
2011-08-17 18:00:00,15.4,944.1,1,90,44
2011-08-17 19:00:00,14.2,946.4,4,81,53
2011-08-17 20:00:00,16,949.1,5,79,47
2011-08-17 21:00:00,15,943.9,8,155,54
2011-08-17 22:00:00,13.8,945.1,5,158,56
2011-08-17 23:00:00,16.1,948.2,8,192,47
2011-08-18 00:00:00,20.3,946.7,1,164,58
2011-08-18 01:00:00,21.8,943.7,9,175,53
2011-08-18 02:00:00,19.7,944.6,8,183,51
2011-08-18 03:00:00,19.7,944.8,13,270,48
2011-08-18 04:00:00,22.8,944.1,6,298,59
2011-08-18 05:00:00,23.3,947.5,2,259,62
2011-08-18 06:00:00,24.4,946.4,11,326,59
2011-08-18 07:00:00,22.2,943.4,3,251,48
2011-08-18 08:00:00,21.7,946.6,9,258,55
2011-08-18 09:00:00,21.7,949.1,2,196,49
2011-08-18 10:00:00,19.9,944,0,208,66
2011-08-18 11:00:00,19,943.9,3,163,56
2011-08-18 12:00:00,20.4,943.9,6,85,58
2011-08-18 13:00:00,18.8,947.4,12,155,59
2011-08-18 14:00:00,16.4,944.1,7,84,56
2011-08-18 15:00:00,17.1,940.7,4,79,63
2011-08-18 16:00:00,16.3,945.8,5,67,55
2011-08-18 17:00:00,16,947.1,2,106,68
2011-08-18 18:00:00,12.9,945.5,5,42,58
2011-08-18 19:00:00,16.1,946,5,52,57
2011-08-18 20:00:00,13.5,945.6,1,124,52
2011-08-18 21:00:00,15.1,943,6,149,57
2011-08-18 22:00:00,14.8,943.8,2,146,64
2011-08-18 23:00:00,17.6,947.8,4,235,47
2011-08-19 00:00:00,17.7,942.9,10,219,49
2011-08-19 01:00:00,19.2,949.5,0,228,43
2011-08-19 02:00:00,20.6,943.2,2,232,51
2011-08-19 03:00:00,22.9,941.5,4,273,50
2011-08-19 04:00:00,24.8,946.5,2,276,50
2011-08-19 05:00:00,25.4,947.5,6,292,53
2011-08-19 06:00:00,23.8,942.6,4,235,62
2011-08-19 07:00:00,23.5,947.6,2,253,38
2011-08-19 08:00:00,20.9,943.4,1,225,56
2011-08-19 09:00:00,21.4,948.7,0,251,48
2011-08-19 10:00:00,19.5,946.1,2,141,62
2011-08-19 11:00:00,17.7,944.4,7,189,55
2011-08-19 12:00:00,16.8,944.3,5,154,50
2011-08-19 13:00:00,20.4,946.2,5,87,52
2011-08-19 14:00:00,16.8,947.5,12,110,51
2011-08-19 15:00:00,15.5,947.4,1,98,63
2011-08-19 16:00:00,13.5,943.2,1,75,54
2011-08-19 17:00:00,11.9,943.6,4,115,62
2011-08-19 18:00:00,12.2,946.9,5,69,54
2011-08-19 19:00:00,11.2,945.1,4,182,59
2011-08-19 20:00:00,14.6,950.7,6,193,45
2011-08-19 21:00:00,14,945.7,8,117,58
2011-08-19 22:00:00,16.1,944.3,12,185,66
2011-08-19 23:00:00,16.8,947,5,163,56
2011-08-20 00:00:00,18.1,946.1,3,165,53
2011-08-20 01:00:00,21.7,942.1,6,249,61
2011-08-20 02:00:00,21.2,942.9,0,215,57
2011-08-20 03:00:00,23.2,943.2,2,301,50
2011-08-20 04:00:00,21,948.6,2,285,42
2011-08-20 05:00:00,23.5,945,6,314,59
2011-08-20 06:00:00,22.5,943.6,2,274,48
2011-08-20 07:00:00,24.5,948.2,1,242,51
2011-08-20 08:00:00,20.1,946.6,4,307,47
2011-08-20 09:00:00,20.9,948.1,1,219,58
2011-08-20 10:00:00,20.1,946.3,4,222,46
2011-08-20 11:00:00,15.5,944.8,4,165,43
2011-08-20 12:00:00,17.9,943.5,7,113,62
2011-08-20 13:00:00,14.7,946.1,3,131,37
2011-08-20 14:00:00,18.2,940.5,5,124,62
2011-08-20 15:00:00,15.8,945.5,6,104,69
2011-08-20 16:00:00,11.9,946.7,5,58,54
2011-08-20 17:00:00,12.8,944.9,3,49,61
2011-08-20 18:00:00,12.4,939.6,2,78,39
2011-08-20 19:00:00,13.6,948.7,5,114,57
2011-08-20 20:00:00,15.9,949.2,4,78,51
2011-08-20 21:00:00,13.9,940.3,11,146,53
2011-08-20 22:00:00,12.7,945.5,1,179,50
2011-08-20 23:00:00,16.6,948.2,4,151,63
2011-08-21 00:00:00,20.3,949.3,2,259,62
2011-08-21 01:00:00,17.4,946.2,13,230,46
2011-08-21 02:00:00,18.3,944.1,1,220,46
2011-08-21 03:00:00,24.8,943.8,3,258,50
2011-08-21 05:00:00,24.3,940.9,4,309,43
2011-08-21 06:00:00,22,946.1,1,259,57
2011-08-21 07:00:00,23.2,944.3,3,251,55
2011-08-21 08:00:00,22.1,941.3,7,270,51
2011-08-21 09:00:00,20.5,944.8,3,217,56
2011-08-21 10:00:00,18.1,944,2,220,54
2011-08-21 11:00:00,17.7,946.5,5,181,48
2011-08-21 12:00:00,17.2,945.7,6,147,58
2011-08-21 13:00:00,19,947.6,4,86,50
2011-08-21 14:00:00,17,944.8,1,124,57
2011-08-21 15:00:00,15.6,950.5,11,96,55
2011-08-21 16:00:00,12.1,947.8,2,112,74
2011-08-21 17:00:00,16.5,946.5,6,100,53
2011-08-21 18:00:00,16,947.8,2,87,54
2011-08-21 19:00:00,13.3,946.3,1,123,61
2011-08-21 20:00:00,14.9,941.1,12,179,66
2011-08-21 21:00:00,13.1,941.8,4,126,55
2011-08-21 22:00:00,15.3,940,5,155,36
2011-08-21 23:00:00,13.7,949.5,2,215,55
2011-08-22 00:00:00,17.1,940.6,2,152,71
2011-08-22 01:00:00,17.6,943.1,7,185,43
2011-08-22 02:00:00,20.7,940.1,5,259,64
2011-08-22 03:00:00,21.2,945.4,5,266,44
2011-08-22 04:00:00,20.5,937.8,7,265,61
2011-08-22 05:00:00,20.6,946.1,3,295,64
2011-08-22 06:00:00,23.2,944,1,264,61
2011-08-22 07:00:00,19.4,946,6,250,60
2011-08-22 08:00:00,20,944,0,209,51
2011-08-22 09:00:00,21.2,949,9,241,72
2011-08-22 10:00:00,19.7,950.6,1,195,59
2011-08-22 11:00:00,18.4,944.1,4,207,45
2011-08-22 12:00:00,17.1,944.3,9,160,57
2011-08-22 13:00:00,16.2,943.7,4,143,55
2011-08-22 14:00:00,15.5,946,4,113,61
2011-08-22 15:00:00,15.8,942.4,2,62,60
2011-08-22 16:00:00,14.6,942.1,7,106,47
2011-08-22 17:00:00,12.1,943.4,1,122,49
2011-08-22 18:00:00,14.1,943.9,5,73,41
2011-08-22 19:00:00,15,948.3,5,188,66
2011-08-22 20:00:00,13,949.5,1,104,60
2011-08-22 21:00:00,13.3,946.1,3,163,48
2011-08-22 22:00:00,16.6,944.2,0,181,67
2011-08-22 23:00:00,16.5,945.6,10,140,48
2011-08-23 00:00:00,18.5,946.9,5,209,64
2011-08-23 01:00:00,17.6,944.8,8,244,59
2011-08-23 03:00:00,20.2,944.6,10,302,59
2011-08-23 04:00:00,22.2,945.1,4,266,60
2011-08-23 05:00:00,19.9,943.7,6,282,47
2011-08-23 06:00:00,21,941.8,10,240,66
2011-08-23 07:00:00,19,944.8,10,274,68
2011-08-23 08:00:00,20.4,945.5,1,230,51
2011-08-23 09:00:00,20,943.8,5,160,52
2011-08-23 10:00:00,20.8,941.7,7,148,56
2011-08-23 11:00:00,17.6,944.4,6,164,54
2011-08-23 12:00:00,18.6,944.3,0,99,65
2011-08-23 13:00:00,18.2,945.4,11,98,54
2011-08-23 14:00:00,16,942.7,3,143,46
2011-08-23 15:00:00,13.3,947.3,5,84,58
2011-08-23 16:00:00,15.4,943.4,5,110,40
2011-08-23 17:00:00,14.8,942.1,1,72,49
2011-08-23 18:00:00,12.6,945.6,2,106,54
2011-08-23 19:00:00,14,943.3,5,90,59
2011-08-23 20:00:00,15.5,940.5,1,50,41
2011-08-23 21:00:00,14.3,944.8,15,146,45
2011-08-23 22:00:00,15,943.7,2,195,58
2011-08-24 00:00:00,17.2,946,1,256,61
2011-08-24 01:00:00,17.4,945.8,8,246,59
2011-08-24 02:00:00,18.7,951.1,2,257,47
2011-08-24 03:00:00,19.5,950.3,4,217,49
2011-08-24 04:00:00,21.9,948.6,1,274,47
2011-08-24 05:00:00,21,943.6,9,270,65
2011-08-24 06:00:00,19.8,950.9,5,277,58
2011-08-24 07:00:00,21.2,941.3,4,283,54
2011-08-24 08:00:00,19,947.9,6,298,56
2011-08-24 09:00:00,20.5,942.2,9,224,60
2011-08-24 10:00:00,21.7,941.9,10,158,61
2011-08-24 11:00:00,19.3,944.8,4,153,65
2011-08-24 12:00:00,18,945.4,10,133,56
2011-08-24 13:00:00,16.7,943,3,132,68
2011-08-24 14:00:00,16.8,948,1,120,46
2011-08-24 15:00:00,14.6,946.3,7,94,38
2011-08-24 16:00:00,13.2,944.4,11,109,46
2011-08-24 17:00:00,12.5,943.4,7,92,60
2011-08-24 18:00:00,13.5,945.3,4,92,50
2011-08-24 19:00:00,14.3,948,7,77,46
2011-08-24 20:00:00,12.9,946.5,2,105,58
2011-08-24 21:00:00,15,945.3,7,147,62
2011-08-24 22:00:00,13.6,949.2,6,140,68
2011-08-24 23:00:00,15.2,946.1,9,174,54
2011-08-25 00:00:00,18.1,945.8,2,206,61
2011-08-25 01:00:00,19.6,947.3,11,219,57
2011-08-25 02:00:00,18.9,948.6,2,247,44
2011-08-25 03:00:00,19.4,944.7,5,212,44
2011-08-25 04:00:00,21.9,946.4,4,324,47
2011-08-25 05:00:00,20.2,952.5,0,302,38
2011-08-25 06:00:00,17.5,942.4,2,228,50
2011-08-25 07:00:00,21.7,948.3,10,240,57
2011-08-25 08:00:00,19.8,948.6,2,190,49
2011-08-25 09:00:00,22.1,949.8,6,186,62
2011-08-25 10:00:00,18.6,944.6,0,257,51
2011-08-25 11:00:00,20.2,946.2,5,242,60
2011-08-25 12:00:00,17.4,938.2,5,155,56
2011-08-25 13:00:00,16.5,946.1,6,148,54
2011-08-25 14:00:00,18.1,946.5,2,151,49
2011-08-25 15:00:00,13.3,946.9,3,121,69
2011-08-25 16:00:00,14.9,946.5,3,78,49
2011-08-25 17:00:00,13.6,944.7,1,85,48
2011-08-25 18:00:00,11.3,951.8,3,141,35
2011-08-25 19:00:00,11.8,946.2,7,143,55
2011-08-25 20:00:00,13.7,946.6,9,121,58
2011-08-25 21:00:00,16.1,945.5,4,122,56
2011-08-25 22:00:00,15.4,945.9,3,156,52
2011-08-25 23:00:00,14.8,943.8,3,168,54
2011-08-26 00:00:00,17.7,942.7,4,191,55
2011-08-26 01:00:00,17.8,946.2,5,266,62
2011-08-26 02:00:00,16.2,944.9,5,253,73
2011-08-26 03:00:00,19.6,944.8,3,281,62
2011-08-26 04:00:00,18.7,939.5,11,279,58
2011-08-26 05:00:00,19.9,943,1,282,44
2011-08-26 06:00:00,22.8,943.7,11,235,56
2011-08-26 07:00:00,22.6,942.9,14,234,54
2011-08-26 08:00:00,20,938.3,1,178,48
2011-08-26 09:00:00,20.7,947.5,1,240,42
2011-08-26 10:00:00,17.2,952.5,0,260,62
2011-08-26 11:00:00,19.8,946.2,2,218,38
2011-08-26 12:00:00,14.7,940,4,154,55
2011-08-26 13:00:00,19.4,948.3,2,134,62
2011-08-26 14:00:00,14.7,951.1,0,118,54
2011-08-26 15:00:00,14.9,943.1,4,105,62
2011-08-26 16:00:00,13.7,943.6,1,105,51
2011-08-26 17:00:00,13.2,945.2,9,39,43
2011-08-26 18:00:00,11.7,946.1,0,54,43
2011-08-26 19:00:00,14.9,941.8,1,84,65
2011-08-26 20:00:00,13.2,947.9,17,122,44
2011-08-26 21:00:00,14.2,946.6,6,111,51
2011-08-26 22:00:00,14.6,944.4,1,155,70
2011-08-26 23:00:00,19.7,943.5,3,189,57
2011-08-27 00:00:00,17.9,945.4,3,224,53
2011-08-27 01:00:00,17.1,945,12,233,50
2011-08-27 02:00:00,17.5,945.9,5,264,68
2011-08-27 03:00:00,18.1,940.9,3,282,56
2011-08-27 04:00:00,19.5,945.4,1,327,51
2011-08-27 05:00:00,20.3,943.6,2,249,57
2011-08-27 06:00:00,21.8,939.4,9,297,60
2011-08-27 07:00:00,22.1,944.1,2,252,59
2011-08-27 08:00:00,20.2,943.1,4,239,67
2011-08-27 09:00:00,20.3,943.9,5,222,68
2011-08-27 10:00:00,20.5,944.3,0,261,52
2011-08-27 11:00:00,18.6,944.8,3,180,41
2011-08-27 12:00:00,17,946.6,7,194,70
2011-08-27 13:00:00,16.4,944,6,126,63
2011-08-27 14:00:00,13.8,939.6,0,114,52
2011-08-27 15:00:00,12.6,944.5,0,154,62
2011-08-27 16:00:00,13.4,949,5,94,53
2011-08-27 18:00:00,11.8,944.8,13,121,45
2011-08-27 19:00:00,14,946.4,1,74,55
2011-08-27 20:00:00,11.7,946.2,1,155,68
2011-08-27 21:00:00,15,943.9,2,210,47
2011-08-27 22:00:00,15.7,942.3,8,145,55
2011-08-27 23:00:00,16.7,947.8,6,174,52
2011-08-28 00:00:00,16.7,949.5,4,144,58
2011-08-28 01:00:00,17.3,939.5,2,223,43
2011-08-28 02:00:00,19.7,949.7,1,204,49
2011-08-28 03:00:00,17.6,940.2,6,241,72
2011-08-28 04:00:00,20,942.9,2,279,67
2011-08-28 05:00:00,21.3,943.7,0,239,50
2011-08-28 06:00:00,20.9,942.5,3,272,65
2011-08-28 07:00:00,22.6,943.5,2,254,49
2011-08-28 08:00:00,20.5,946.6,6,195,55
2011-08-28 09:00:00,19.9,946.4,8,214,52
2011-08-28 10:00:00,16.1,943.6,1,215,58
2011-08-28 11:00:00,18.4,940.5,2,144,60
2011-08-28 12:00:00,17.8,946.6,6,187,67
2011-08-28 13:00:00,13.9,947.5,7,115,48
2011-08-28 14:00:00,13.2,941.7,7,78,67
2011-08-28 15:00:00,14.7,947.3,10,105,46
2011-08-28 16:00:00,13,939.4,4,80,77
2011-08-28 17:00:00,14.9,946.5,4,85,58
2011-08-28 18:00:00,15.4,945.5,2,109,55
2011-08-28 19:00:00,10.5,943.8,7,121,50
2011-08-28 20:00:00,11.8,943,6,134,71
2011-08-28 21:00:00,11.9,947.3,1,72,57
2011-08-28 22:00:00,13.6,945.9,4,106,51
2011-08-28 23:00:00,15.4,957.1,5,196,66
2011-08-29 00:00:00,16.5,952.3,3,219,50
2011-08-29 01:00:00,17.4,944.7,0,241,58
2011-08-29 02:00:00,19.2,949.1,5,194,53
2011-08-29 03:00:00,19.8,941.1,3,247,62
2011-08-29 04:00:00,21.2,946.3,3,251,60
2011-08-29 05:00:00,21.9,950.9,0,288,48
2011-08-29 06:00:00,20.6,945.1,5,268,73
2011-08-29 07:00:00,20.4,944.9,10,178,45
2011-08-29 08:00:00,19.6,943,4,187,45
2011-08-29 09:00:00,18.7,946.1,9,247,58
2011-08-29 10:00:00,17.2,946.4,3,206,53
2011-08-29 11:00:00,17.2,943.2,4,197,50
2011-08-29 12:00:00,14.1,943,9,181,44
2011-08-29 13:00:00,16.2,945.8,2,172,56
2011-08-29 14:00:00,15.4,941.6,2,91,60
2011-08-29 15:00:00,11.9,943.7,0,94,71
2011-08-29 16:00:00,14.4,949.6,8,72,74
2011-08-29 18:00:00,13.6,939.1,9,102,60
2011-08-29 19:00:00,11.7,945.6,8,131,69
2011-08-29 20:00:00,12.7,946.2,14,92,53
2011-08-29 21:00:00,14,948,0,109,50
2011-08-29 22:00:00,15.9,948,7,168,59
2011-08-29 23:00:00,16,945,5,189,54
2011-08-30 00:00:00,16.7,947.3,16,250,55
2011-08-30 01:00:00,16.5,945.3,7,267,53
2011-08-30 02:00:00,18.7,940.9,4,244,72
2011-08-30 03:00:00,18.8,946.5,2,184,56
2011-08-30 04:00:00,19.7,939.4,10,283,61
2011-08-30 05:00:00,21.2,945.6,3,260,49
2011-08-30 06:00:00,20.1,945.1,2,238,38
2011-08-30 07:00:00,17.8,945.8,6,220,50
2011-08-30 08:00:00,19.1,947.4,7,226,73
2011-08-30 09:00:00,17.9,942.8,7,216,63
2011-08-30 10:00:00,16.4,941.4,1,225,56
2011-08-30 11:00:00,18.9,943.1,5,178,46
2011-08-30 12:00:00,17.4,949.6,4,164,47
2011-08-30 13:00:00,16.3,941.8,0,157,42
2011-08-30 14:00:00,11.1,943,5,159,50
2011-08-30 15:00:00,16.3,943.4,0,90,55
2011-08-30 16:00:00,12.3,946.3,4,120,64
2011-08-30 17:00:00,11.5,937.2,7,66,56
2011-08-30 18:00:00,10.6,942.6,5,74,64
2011-08-30 19:00:00,13.4,946.2,6,105,56
2011-08-30 20:00:00,13.1,943.8,6,115,40
2011-08-30 21:00:00,11.9,944.6,2,91,58
2011-08-30 22:00:00,14.5,947.3,2,133,58
2011-08-30 23:00:00,14.9,942.4,12,135,60
2011-08-31 00:00:00,15.3,940.4,3,155,60
2011-08-31 01:00:00,15.7,945.5,1,276,48
2011-08-31 02:00:00,18.9,945.6,3,216,47
2011-08-31 03:00:00,18.4,945.9,1,284,60
2011-08-31 04:00:00,19.8,945.8,1,276,67
2011-08-31 05:00:00,18.6,947.3,1,231,53
2011-08-31 06:00:00,20.1,946.2,8,250,51
2011-08-31 07:00:00,16.6,942.1,4,265,65
2011-08-31 08:00:00,22.3,943.6,3,241,46
2011-08-31 09:00:00,20.5,944.9,10,186,66
2011-08-31 10:00:00,15.1,942.7,6,196,68
2011-08-31 11:00:00,17.6,942.3,1,214,52
2011-08-31 12:00:00,20.4,939.7,5,181,77
2011-08-31 13:00:00,16.5,944,6,151,61
2011-08-31 14:00:00,13.4,940,10,121,56
2011-08-31 15:00:00,13.3,945.3,7,141,46
2011-08-31 16:00:00,11,945,2,123,56
2011-08-31 17:00:00,12.9,941.6,7,61,46
2011-08-31 18:00:00,10.4,943.3,5,53,52
2011-08-31 19:00:00,15.3,944.3,8,86,54
2011-08-31 20:00:00,10.9,943.6,4,100,66
2011-08-31 21:00:00,14.3,946,2,141,66
2011-08-31 22:00:00,13.6,945.4,9,162,59
2011-08-31 23:00:00,14.9,946.4,4,226,60
2011-09-01 00:00:00,17.3,943.6,4,222,66
2011-09-01 01:00:00,21.1,949,9,226,56
2011-09-01 02:00:00,18.3,947.4,1,245,50
2011-09-01 03:00:00,19.3,946.7,14,283,61
2011-09-01 05:00:00,20.7,945.4,2,214,50
2011-09-01 06:00:00,20.2,939,4,176,71
2011-09-01 07:00:00,21.6,948.4,8,193,56
2011-09-01 08:00:00,22.4,945.1,7,244,65
2011-09-01 09:00:00,17.7,939.3,2,278,70
2011-09-01 10:00:00,17.4,947.9,4,190,71
2011-09-01 11:00:00,17,947.5,7,226,66
2011-09-01 12:00:00,15.6,946.8,1,164,53
2011-09-01 13:00:00,14.7,945,14,113,54
2011-09-01 14:00:00,13.2,943.8,12,154,63
2011-09-01 15:00:00,13.2,944.1,5,87,60
2011-09-01 16:00:00,12.6,946.7,12,130,60
2011-09-01 17:00:00,12.4,941.2,8,79,74
2011-09-01 18:00:00,12.2,946.2,6,95,63
2011-09-01 19:00:00,16.2,944.2,9,105,53
2011-09-01 20:00:00,12.1,946.2,1,136,51
2011-09-01 21:00:00,13.3,940.3,2,106,60
2011-09-01 22:00:00,11.1,940,0,159,49
2011-09-01 23:00:00,14.4,944.9,10,165,72
2011-09-02 00:00:00,12.9,941.2,13,202,42
2011-09-02 01:00:00,16.6,943.9,0,187,59
2011-09-02 02:00:00,16.6,941,6,276,60
2011-09-02 03:00:00,21.2,942.4,4,228,71
2011-09-02 05:00:00,19.4,946.7,1,215,56
2011-09-02 06:00:00,18,943,4,257,45
2011-09-02 07:00:00,20.4,945.4,2,205,66
2011-09-02 08:00:00,20.7,944.1,1,226,68
2011-09-02 09:00:00,17.6,945.4,6,222,73
2011-09-02 10:00:00,19.1,948,2,220,54
2011-09-02 11:00:00,15.8,948.9,10,169,60
2011-09-02 12:00:00,17.8,950.4,1,194,45
2011-09-02 13:00:00,13.6,950.1,3,134,55
2011-09-02 14:00:00,11.1,945.1,5,131,59
2011-09-02 15:00:00,12.6,945.6,5,95,64
2011-09-02 16:00:00,15.9,946,12,56,52
2011-09-02 17:00:00,10.9,938.4,12,50,60
2011-09-02 18:00:00,13.5,943.8,11,68,45
2011-09-02 19:00:00,12.4,951,2,105,64
2011-09-02 20:00:00,11.9,943.6,2,110,60
2011-09-02 21:00:00,12.7,934.5,3,139,55
2011-09-02 22:00:00,12.9,941.4,6,178,80
2011-09-02 23:00:00,15.3,945.1,13,216,51
2011-09-03 00:00:00,16.4,946.8,3,220,57
2011-09-03 01:00:00,18.5,945.3,6,195,53
2011-09-03 02:00:00,16.3,948.5,3,240,55
2011-09-03 03:00:00,19.4,945.7,4,269,59
2011-09-03 04:00:00,17.7,940.8,4,262,76
2011-09-03 05:00:00,20.5,943.6,4,284,73
2011-09-03 06:00:00,20.4,946.9,3,288,53
2011-09-03 07:00:00,20.4,944.4,3,268,62
2011-09-03 08:00:00,19.5,946.3,4,216,62
2011-09-03 09:00:00,18.8,942.4,23,253,59
2011-09-03 10:00:00,18.9,943.8,3,151,47
2011-09-03 11:00:00,13,937,4,223,60
2011-09-03 12:00:00,15,946,15,173,60
2011-09-03 13:00:00,13.9,945.2,4,83,59
2011-09-03 14:00:00,13.5,949.3,2,128,63
2011-09-03 15:00:00,9.9,942.5,8,98,62
2011-09-03 16:00:00,13.1,940.7,10,101,68
2011-09-03 17:00:00,11.4,946.6,8,112,57
2011-09-03 18:00:00,13.5,945.4,3,53,50
2011-09-03 19:00:00,12.1,940.4,9,116,61
2011-09-03 20:00:00,10.9,943.7,8,122,66
2011-09-03 21:00:00,16,947.4,2,149,43
2011-09-03 22:00:00,12.1,947.4,1,184,72
2011-09-04 00:00:00,14.8,946.7,14,144,49
2011-09-04 01:00:00,17.7,945.5,6,193,68
2011-09-04 02:00:00,19.2,944.1,4,270,68
2011-09-04 03:00:00,20.4,941.6,4,294,77
2011-09-04 04:00:00,19.9,938.8,11,213,67
2011-09-04 05:00:00,20.9,944.8,3,283,77
2011-09-04 06:00:00,21.5,947.5,6,276,53
2011-09-04 07:00:00,19.7,945.6,0,242,69
2011-09-04 08:00:00,20.9,938.4,5,205,48
2011-09-04 09:00:00,19.8,943.9,7,229,55
2011-09-04 10:00:00,17.2,945.2,10,262,64
2011-09-04 11:00:00,17.3,945.2,2,179,66
2011-09-04 12:00:00,12.6,941.5,2,213,56
2011-09-04 13:00:00,16.1,944.4,2,155,60
2011-09-04 14:00:00,15.2,945.9,5,101,67
2011-09-04 15:00:00,14.8,946.4,5,57,61
2011-09-04 16:00:00,10.6,938.8,1,113,68
2011-09-04 17:00:00,13,944.6,8,129,57
2011-09-04 18:00:00,12.2,945.5,2,100,75
2011-09-04 19:00:00,10.3,945.1,4,100,61
2011-09-04 20:00:00,11.5,946.8,5,84,55
2011-09-04 21:00:00,13.1,944.9,0,99,56
2011-09-04 22:00:00,13.1,936.1,3,191,63
2011-09-04 23:00:00,13.5,947.9,3,157,50
2011-09-05 00:00:00,15.6,946.8,8,212,46
2011-09-05 01:00:00,14.5,944.1,3,194,65
2011-09-05 02:00:00,14.7,946.2,7,206,59
2011-09-05 04:00:00,18.1,944.2,2,254,73
2011-09-05 05:00:00,20.5,945.8,0,273,68
2011-09-05 06:00:00,18.5,947.9,5,236,56
2011-09-05 07:00:00,19.3,942,3,279,65
2011-09-05 08:00:00,16.4,943.7,5,220,51
2011-09-05 09:00:00,16.7,949.3,5,244,62
2011-09-05 10:00:00,19,944.2,5,175,47
2011-09-05 11:00:00,16.6,948,3,206,70
2011-09-05 12:00:00,16.8,950.4,12,152,53
2011-09-05 13:00:00,15.1,953.9,10,157,71
2011-09-05 14:00:00,14,949.6,2,153,53
2011-09-05 15:00:00,10.5,944.7,2,106,68
2011-09-05 16:00:00,11.4,945.3,7,82,66
2011-09-05 17:00:00,9.2,945.5,3,149,51
2011-09-05 18:00:00,10.2,943.1,9,64,54
2011-09-05 19:00:00,14.3,945.4,3,119,56
2011-09-05 20:00:00,14.4,944.4,3,59,46
2011-09-05 21:00:00,13.6,953,2,128,70
2011-09-05 22:00:00,13.9,943.6,9,179,68
2011-09-05 23:00:00,14.8,946.1,6,187,77
2011-09-06 00:00:00,16.2,942.3,2,236,61
2011-09-06 01:00:00,15.6,947.1,3,198,58
2011-09-06 02:00:00,16.3,944.4,9,288,49
2011-09-06 03:00:00,18.9,948.1,5,245,53
2011-09-06 04:00:00,17.5,947.3,6,209,56
2011-09-06 05:00:00,16.7,942.3,3,275,48
2011-09-06 06:00:00,16.4,948.4,4,269,63
2011-09-06 07:00:00,17.1,945.9,1,220,50
2011-09-06 08:00:00,18.8,942.6,2,252,57
2011-09-06 09:00:00,19.6,947.5,4,236,63
2011-09-06 10:00:00,16.4,948.4,6,181,66
2011-09-06 11:00:00,14.5,949.1,2,166,60
2011-09-06 12:00:00,15,946.4,7,156,53
2011-09-06 13:00:00,13.5,940.7,4,126,57
2011-09-06 14:00:00,13.5,943.4,4,78,62
2011-09-06 15:00:00,14,943.1,5,31,62
2011-09-06 16:00:00,11.7,948.1,6,107,64
2011-09-06 17:00:00,11.6,941.5,6,76,51
2011-09-06 18:00:00,10.1,945.7,4,152,77
2011-09-06 19:00:00,11.5,944.9,4,85,56
2011-09-06 20:00:00,7.7,946.4,7,121,58
2011-09-06 21:00:00,11.9,947.8,2,106,70
2011-09-06 22:00:00,16.1,941.7,1,142,46
2011-09-06 23:00:00,14.4,947.2,2,155,62
2011-09-07 00:00:00,14.9,945.2,7,199,70
2011-09-07 01:00:00,17.6,948.2,2,205,45
2011-09-07 02:00:00,15.1,948.6,5,231,63
2011-09-07 03:00:00,16.8,941.8,2,273,73
2011-09-07 04:00:00,17.8,945.5,6,242,67
2011-09-07 05:00:00,16.4,948.3,3,279,63
2011-09-07 06:00:00,18.5,941.6,2,220,61
2011-09-07 07:00:00,19.5,947.7,7,264,66
2011-09-07 08:00:00,19.2,942.8,1,243,65
2011-09-07 09:00:00,16.9,948.6,6,198,40
2011-09-07 10:00:00,14.3,943.9,2,174,56
2011-09-07 11:00:00,16.8,942.9,4,144,51
2011-09-07 12:00:00,14.8,949.5,0,188,70
2011-09-07 13:00:00,15,938.3,5,81,54
2011-09-07 14:00:00,11.6,946.3,3,66,65
2011-09-07 15:00:00,10.9,947.2,3,51,69
2011-09-07 16:00:00,12.8,945,9,77,59
2011-09-07 17:00:00,12.6,946.9,6,82,57
2011-09-07 18:00:00,8.7,948.1,2,87,53
2011-09-07 19:00:00,9.4,942.1,4,174,58
2011-09-07 20:00:00,11.2,942.7,6,113,51
2011-09-07 21:00:00,13.2,946.2,3,116,55
2011-09-07 22:00:00,13.9,945.2,13,199,52
2011-09-07 23:00:00,12.8,946.8,6,184,64
2011-09-08 00:00:00,13.4,945.5,5,219,70
2011-09-08 01:00:00,16.3,946.2,4,237,53
2011-09-08 02:00:00,19.8,945.3,12,265,71
2011-09-08 03:00:00,19.2,944.6,4,311,62
2011-09-08 04:00:00,16.8,947.7,5,241,62
2011-09-08 05:00:00,20.6,948.5,1,260,75
2011-09-08 06:00:00,18.6,942.6,1,305,50
2011-09-08 07:00:00,17.3,940.5,1,189,67
2011-09-08 08:00:00,17.6,943.6,4,221,61
2011-09-08 09:00:00,18.2,942.2,4,203,59
2011-09-08 10:00:00,18.1,941.3,8,213,63
2011-09-08 11:00:00,12.6,945,10,167,63
2011-09-08 12:00:00,13.9,946.6,5,99,62
2011-09-08 13:00:00,13,946.7,1,145,49
2011-09-08 14:00:00,11.4,944.3,7,35,67
2011-09-08 15:00:00,11.2,945.4,10,102,70
2011-09-08 16:00:00,13.6,947.8,9,82,58
2011-09-08 17:00:00,7.8,947.2,12,102,62
2011-09-08 18:00:00,10,946.2,13,162,63
2011-09-08 19:00:00,9.8,938.9,1,91,65
2011-09-08 21:00:00,12.7,945.8,0,101,61
2011-09-08 22:00:00,12.1,946.3,7,164,67
2011-09-08 23:00:00,14.6,945.1,12,168,60
2011-09-09 00:00:00,13.1,946.5,1,232,69
2011-09-09 01:00:00,18,942.5,6,214,61
2011-09-09 02:00:00,18.9,948.2,4,225,58
2011-09-09 03:00:00,17.4,946.4,13,222,85
2011-09-09 04:00:00,19.5,942.1,1,250,73
2011-09-09 05:00:00,19.4,948.7,6,291,68
2011-09-09 06:00:00,19.4,944,2,259,62
2011-09-09 07:00:00,15,946.6,2,264,46
2011-09-09 08:00:00,16.9,944.1,2,312,54
2011-09-09 09:00:00,15.7,943.1,6,142,85
2011-09-09 10:00:00,16.9,945.6,10,209,52
2011-09-09 11:00:00,15.6,942.4,5,241,57
2011-09-09 12:00:00,14.6,952.2,6,93,59
2011-09-09 13:00:00,12.1,944.9,7,110,72
2011-09-09 14:00:00,14.1,946.7,10,167,59
2011-09-09 15:00:00,11.1,949.7,3,124,61
2011-09-09 16:00:00,10.5,946.6,3,77,57
2011-09-09 17:00:00,10.3,945.7,10,76,62
2011-09-09 18:00:00,10.9,946.6,4,115,57
2011-09-09 19:00:00,8.3,941.8,1,72,61
2011-09-09 20:00:00,13.2,943.6,2,108,68
2011-09-09 21:00:00,11.2,946.2,1,134,68
2011-09-09 22:00:00,13.2,938.2,1,162,63
2011-09-09 23:00:00,12.4,943.9,4,182,59
2011-09-10 00:00:00,12.8,948.1,2,173,48
2011-09-10 01:00:00,16,946.2,2,225,67
2011-09-10 02:00:00,15.8,947.6,2,215,61
2011-09-10 03:00:00,15.6,943.6,1,239,70
2011-09-10 04:00:00,13.9,950.1,0,304,54
2011-09-10 05:00:00,18.8,944.2,4,304,51
2011-09-10 06:00:00,19.6,943.3,3,288,50
2011-09-10 07:00:00,16.2,945.9,3,252,52
2011-09-10 08:00:00,17.5,940.5,6,282,58
2011-09-10 09:00:00,15.2,950.4,18,236,60
2011-09-10 10:00:00,20,943.7,3,221,79
2011-09-10 11:00:00,14.7,940.6,2,122,68
2011-09-10 12:00:00,16.6,945.4,5,102,61
2011-09-10 13:00:00,13.5,940.3,4,138,80
2011-09-10 14:00:00,13.1,942.6,7,90,66
2011-09-10 15:00:00,13.2,947.9,1,163,58
2011-09-10 16:00:00,6.7,948.8,2,62,49
2011-09-10 17:00:00,10.3,945.3,5,111,60
2011-09-10 18:00:00,9.3,944.2,2,85,73
2011-09-10 19:00:00,11,942.4,5,86,78
2011-09-10 20:00:00,8.3,947,4,156,64
2011-09-10 21:00:00,11.1,942,2,136,65
2011-09-10 22:00:00,13.2,946.2,6,144,54
2011-09-10 23:00:00,13.2,941.9,3,180,51
2011-09-11 01:00:00,15.2,948.4,3,211,63
2011-09-11 02:00:00,14.3,946,1,248,63
2011-09-11 03:00:00,16.8,942.3,2,229,54
2011-09-11 04:00:00,16.7,945,8,204,54
2011-09-11 05:00:00,16.2,940.4,6,253,60
2011-09-11 06:00:00,16.9,943.3,11,298,56
2011-09-11 07:00:00,17,945.2,17,291,51
2011-09-11 08:00:00,20,946.6,1,244,55
2011-09-11 09:00:00,16.4,947.1,9,228,61
2011-09-11 10:00:00,15.4,947.1,8,175,58
2011-09-11 11:00:00,15.5,945.9,2,127,66
2011-09-11 12:00:00,10,943.4,4,180,56
2011-09-11 13:00:00,13.4,947.7,8,129,78
2011-09-11 14:00:00,13.7,946.2,10,113,65
2011-09-11 15:00:00,11.4,946.2,10,165,58
2011-09-11 16:00:00,10.9,946.8,9,75,66
2011-09-11 17:00:00,10,945.6,1,79,59
2011-09-11 18:00:00,8.8,947.9,5,97,54
2011-09-11 19:00:00,8.3,945.3,6,57,57
2011-09-11 20:00:00,11.3,944,2,158,70
2011-09-11 21:00:00,13,945.2,8,129,65
2011-09-11 22:00:00,10,949.5,6,180,69
2011-09-11 23:00:00,14.8,943.8,5,163,58
2011-09-12 00:00:00,12.9,943.1,5,219,54
2011-09-12 01:00:00,14.5,947.3,8,227,59
2011-09-12 02:00:00,17.4,940.5,1,266,54
2011-09-12 03:00:00,16.6,948.5,3,243,57
2011-09-12 04:00:00,19.3,945.3,1,241,68
2011-09-12 05:00:00,16.8,945.3,4,272,64
2011-09-12 06:00:00,16.6,947.7,0,273,64
2011-09-12 07:00:00,18.8,943.8,6,284,60
2011-09-12 08:00:00,14.1,947.1,1,222,60
2011-09-12 09:00:00,18.3,945.9,6,217,64
2011-09-12 10:00:00,17.5,939.8,5,204,58
2011-09-12 11:00:00,15.9,950.4,6,156,68
2011-09-12 12:00:00,14.1,943.9,4,187,62
2011-09-12 13:00:00,11.4,945.1,2,76,68
2011-09-12 14:00:00,12.1,944.3,1,29,56
2011-09-12 15:00:00,10.6,941.4,11,89,66
2011-09-12 16:00:00,9.4,944.5,5,100,44
2011-09-12 17:00:00,12.5,947.5,12,107,62
2011-09-12 18:00:00,9.4,942.6,9,98,62
2011-09-12 19:00:00,9.7,947.5,4,122,59
2011-09-12 20:00:00,9.3,949.5,12,90,78
2011-09-12 21:00:00,9.3,939.7,0,164,62
2011-09-12 22:00:00,9.1,938,5,144,77
2011-09-12 23:00:00,13.3,945.7,2,184,48
2011-09-13 00:00:00,14.1,947.7,2,258,70
2011-09-13 01:00:00,14.7,941.4,5,248,57
2011-09-13 02:00:00,15.3,948.9,1,204,55
2011-09-13 03:00:00,16.2,945.5,6,252,62
2011-09-13 04:00:00,16.3,942.2,14,242,73
2011-09-13 05:00:00,15.9,941.8,2,291,45
2011-09-13 06:00:00,16.7,941.7,5,264,58
2011-09-13 07:00:00,17.6,944.4,3,259,70
2011-09-13 08:00:00,16.6,941.1,3,307,67
2011-09-13 09:00:00,15.4,942.5,7,244,67
2011-09-13 10:00:00,14.7,945.4,5,226,70
2011-09-13 11:00:00,15.5,945.2,8,167,64
2011-09-13 12:00:00,12.2,944.6,1,150,64
2011-09-13 13:00:00,10.4,942.4,9,120,70
2011-09-13 14:00:00,12.1,940.6,3,131,64
2011-09-13 15:00:00,13.2,945.4,4,49,61
2011-09-13 16:00:00,8.6,948,5,70,60
2011-09-13 17:00:00,11.3,943,10,102,51
2011-09-13 18:00:00,7.6,942.8,6,71,56
2011-09-13 19:00:00,9.7,947.2,1,88,68
2011-09-13 20:00:00,8.3,941.2,2,126,65
2011-09-13 21:00:00,11.4,943.2,2,137,75
2011-09-13 22:00:00,12.1,946.2,0,139,59
2011-09-13 23:00:00,14,944.8,3,177,66
2011-09-14 00:00:00,12.7,947.3,14,146,58
2011-09-14 01:00:00,13.6,948.2,3,308,70
2011-09-14 02:00:00,12.9,946.3,2,283,55
2011-09-14 03:00:00,17.7,944.7,0,271,72
2011-09-14 04:00:00,17.1,944.6,19,268,67
2011-09-14 05:00:00,17.1,942.8,3,295,65
2011-09-14 06:00:00,17.2,943.6,7,262,55
2011-09-14 08:00:00,19.8,948.2,3,192,67
2011-09-14 09:00:00,14.2,944.4,3,244,57
2011-09-14 10:00:00,16.6,950.2,1,205,72
2011-09-14 11:00:00,15.2,940.4,2,128,69
2011-09-14 12:00:00,12.7,944.6,4,150,67
2011-09-14 13:00:00,12.8,945.1,2,124,77
2011-09-14 14:00:00,11.9,944.1,11,108,69
2011-09-14 15:00:00,10.1,945.4,2,106,81
2011-09-14 16:00:00,7.7,943.3,7,105,59
2011-09-14 18:00:00,11.4,940.2,14,87,53
2011-09-14 19:00:00,9.8,943.7,11,85,68
2011-09-14 20:00:00,8.1,950.6,7,131,70
2011-09-14 21:00:00,6.1,947.5,4,99,55
2011-09-14 22:00:00,9.7,942.2,5,169,42
2011-09-14 23:00:00,12.2,949.7,3,244,54
2011-09-15 00:00:00,12.2,944.3,6,182,62
2011-09-15 01:00:00,15.6,946.4,7,269,53
2011-09-15 02:00:00,16.7,947.4,5,304,56
2011-09-15 03:00:00,16.7,942.1,12,273,67
2011-09-15 04:00:00,17,940.1,3,290,63
2011-09-15 05:00:00,17.2,941.9,0,283,66
2011-09-15 06:00:00,17.6,946.6,2,283,61
2011-09-15 07:00:00,15.7,949.8,1,228,54
2011-09-15 08:00:00,16.2,946.9,9,239,61
2011-09-15 09:00:00,15.9,945.1,2,259,58
2011-09-15 10:00:00,15.4,943.6,5,192,59
2011-09-15 11:00:00,15.8,946.2,9,215,75
2011-09-15 12:00:00,15.3,946.5,2,107,73
2011-09-15 13:00:00,10.3,942.6,2,112,58
2011-09-15 14:00:00,12.6,943.7,1,101,75
2011-09-15 15:00:00,11.1,948.5,8,157,64
2011-09-15 16:00:00,10.5,946,5,94,68
2011-09-15 17:00:00,8.8,949.3,4,131,65
2011-09-15 18:00:00,7,940.2,1,76,72
2011-09-15 19:00:00,10.6,945.7,2,78,49
2011-09-15 20:00:00,9.3,951.6,9,90,62
2011-09-15 21:00:00,10.7,943.1,7,153,78
2011-09-15 22:00:00,10.6,943,8,192,55
2011-09-15 23:00:00,12.2,948.4,11,199,46
2011-09-16 00:00:00,12.8,946.4,0,241,68
2011-09-16 01:00:00,14.5,946.6,4,244,48
2011-09-16 02:00:00,16.4,943.1,8,298,58
2011-09-16 03:00:00,14.8,950.8,6,280,50
2011-09-16 04:00:00,15.2,945.4,4,278,62
2011-09-16 05:00:00,16.6,939.2,14,257,52
2011-09-16 06:00:00,18.9,947.8,0,303,50
2011-09-16 07:00:00,16.8,942.4,4,247,71
2011-09-16 08:00:00,16.5,944.6,2,195,68
2011-09-16 09:00:00,13.3,949.3,7,196,64
2011-09-16 10:00:00,12.8,945.9,5,224,69
2011-09-16 11:00:00,15.3,942.1,6,224,61
2011-09-16 12:00:00,12.4,948.3,7,172,67
2011-09-16 13:00:00,11.3,943.2,10,103,65
2011-09-16 14:00:00,9.2,947.8,0,175,72
2011-09-16 15:00:00,8.5,950.8,9,93,54
2011-09-16 16:00:00,7.7,940.1,8,83,58
2011-09-16 17:00:00,10.8,941.9,1,102,61
2011-09-16 18:00:00,9.6,949.2,5,84,68
2011-09-16 19:00:00,9.1,941.2,2,145,57
2011-09-16 20:00:00,10.6,947.2,0,172,64
2011-09-16 21:00:00,10.8,951.7,6,173,75
2011-09-16 22:00:00,11,947.7,13,168,71
2011-09-16 23:00:00,10.7,951.2,8,166,79
2011-09-17 00:00:00,12,948.3,0,186,64
2011-09-17 01:00:00,13.5,950.1,1,210,81
2011-09-17 02:00:00,14.7,943.1,8,240,79
2011-09-17 03:00:00,16.7,950,9,264,78
2011-09-17 04:00:00,18.2,946.8,11,283,60
2011-09-17 05:00:00,18.2,948.5,8,266,63
2011-09-17 06:00:00,15.4,951,2,257,66
2011-09-17 07:00:00,16.1,946.1,3,330,67
2011-09-17 08:00:00,13.7,944.8,9,258,78
2011-09-17 09:00:00,15.2,949.9,6,210,64
2011-09-17 10:00:00,13.5,946.2,5,199,64
2011-09-17 11:00:00,14.8,950.2,5,225,64
2011-09-17 12:00:00,13.7,951,5,206,72
2011-09-17 13:00:00,10.2,943.9,7,97,74
2011-09-17 14:00:00,13.3,945.3,7,138,60
2011-09-17 15:00:00,8.3,945.2,9,137,65
2011-09-17 16:00:00,8.3,945.2,0,23,58
2011-09-17 17:00:00,10.4,944.4,13,126,70
2011-09-17 18:00:00,8.8,943.8,13,56,51
2011-09-17 19:00:00,8.9,949.5,4,65,71
2011-09-17 20:00:00,9.3,944.4,3,145,54
2011-09-17 21:00:00,9.4,953.7,5,70,74
2011-09-17 22:00:00,10.7,946.3,3,190,69
2011-09-17 23:00:00,10.5,944.8,7,183,69
2011-09-18 00:00:00,13,942.7,5,194,56
2011-09-18 01:00:00,16.8,943,9,225,64
2011-09-18 02:00:00,13.2,944.9,9,273,61
2011-09-18 03:00:00,13.7,938.9,7,268,43
2011-09-18 04:00:00,18.6,948.8,1,289,54
2011-09-18 05:00:00,17,948.1,6,247,73
2011-09-18 06:00:00,17.4,943.8,6,239,70
2011-09-18 08:00:00,18.1,941.3,3,257,63
2011-09-18 09:00:00,15.1,944.5,6,210,63
2011-09-18 10:00:00,14.6,943.6,12,147,67
2011-09-18 11:00:00,14.9,946.1,8,181,69
2011-09-18 12:00:00,15.9,943.2,0,126,59
2011-09-18 13:00:00,12.2,950.8,2,142,66
2011-09-18 14:00:00,9.3,944.9,9,57,62
2011-09-18 15:00:00,10.8,945.4,12,78,74
2011-09-18 16:00:00,9,945.1,1,75,49
2011-09-18 17:00:00,10.6,948.4,6,128,68
2011-09-18 18:00:00,9.7,945.7,11,99,61
2011-09-18 19:00:00,7.9,947.7,3,124,60
2011-09-18 20:00:00,9.2,943.6,5,141,71
2011-09-18 21:00:00,10.2,943.7,3,108,71
2011-09-18 22:00:00,9.1,950.6,4,133,67
2011-09-18 23:00:00,12.4,948.7,2,186,69
2011-09-19 00:00:00,14.9,942.4,1,173,66
2011-09-19 01:00:00,11.4,950.1,2,261,53
2011-09-19 03:00:00,16.4,945.3,10,265,53
2011-09-19 04:00:00,17.2,946.1,9,260,73
2011-09-19 05:00:00,17.3,948.8,3,278,69
2011-09-19 06:00:00,16.4,947.9,0,208,55
2011-09-19 07:00:00,19.2,941.1,12,192,58
2011-09-19 08:00:00,16.9,941.7,6,187,68
2011-09-19 09:00:00,18.3,944,2,189,70
2011-09-19 10:00:00,13.6,936.3,6,210,65
2011-09-19 11:00:00,12.1,941.1,4,219,58
2011-09-19 12:00:00,11.7,945.7,2,162,55
2011-09-19 13:00:00,12.2,949,2,128,57
2011-09-19 14:00:00,10.3,945.2,7,70,68
2011-09-19 15:00:00,10.8,950,4,128,69
2011-09-19 16:00:00,9.6,946.2,4,83,51
2011-09-19 17:00:00,9.4,947.9,2,121,63
2011-09-19 18:00:00,6.7,942.7,10,64,46
2011-09-19 19:00:00,10.8,938.4,4,130,77
2011-09-19 20:00:00,9.5,943.8,7,139,64
2011-09-19 21:00:00,9.6,944.3,6,172,47
2011-09-19 22:00:00,9.1,944.5,6,194,75
2011-09-19 23:00:00,8.5,944.5,8,251,60
2011-09-20 01:00:00,10.9,946.6,2,265,70
2011-09-20 02:00:00,15.4,945.6,3,236,56
2011-09-20 03:00:00,14.6,950.5,3,310,55
2011-09-20 04:00:00,16.6,943.5,4,274,62
2011-09-20 05:00:00,15.7,947,2,293,67
2011-09-20 06:00:00,15.3,944.9,10,264,61
2011-09-20 07:00:00,18.6,944.7,7,262,68
2011-09-20 08:00:00,12.6,944.9,6,232,64
2011-09-20 09:00:00,12.5,939.6,12,172,64
2011-09-20 10:00:00,13.4,949.7,11,179,61
2011-09-20 11:00:00,14.2,947.3,5,205,58
2011-09-20 12:00:00,10.8,950.8,14,203,71
2011-09-20 13:00:00,12.4,944,2,153,62
2011-09-20 14:00:00,9.6,944.2,9,162,61
2011-09-20 15:00:00,8.8,949.9,2,62,58
2011-09-20 16:00:00,10.8,945.1,13,83,62
2011-09-20 17:00:00,7.9,950.8,4,67,51
2011-09-20 18:00:00,10.8,947.3,8,115,85
2011-09-20 19:00:00,7,947.3,7,104,77
2011-09-20 20:00:00,7.3,949.1,5,130,71
2011-09-20 21:00:00,9.4,943.5,3,142,71
2011-09-20 22:00:00,8.6,942.9,2,200,55
2011-09-20 23:00:00,15,946.6,15,139,58
2011-09-21 00:00:00,11.7,941.8,10,202,71
2011-09-21 01:00:00,11.7,945.7,8,213,69
2011-09-21 02:00:00,15.1,939.4,5,203,67
2011-09-21 03:00:00,13.8,944.8,7,224,61
2011-09-21 04:00:00,14.5,947.1,9,229,55
2011-09-21 05:00:00,15.6,944.9,2,279,65
2011-09-21 06:00:00,15.3,944.9,9,311,60
2011-09-21 07:00:00,16.8,947.1,8,220,50
2011-09-21 08:00:00,14.4,947.8,3,271,55
2011-09-21 09:00:00,14.4,948,4,220,55
2011-09-21 10:00:00,13.7,945.6,0,209,60
2011-09-21 11:00:00,11.4,947.7,2,213,55
2011-09-21 12:00:00,12.4,945.3,1,138,62
2011-09-21 14:00:00,9,943.9,6,81,59
2011-09-21 15:00:00,9.6,941.5,5,99,71
2011-09-21 16:00:00,10.8,948.3,2,76,77
2011-09-21 17:00:00,7,946.2,4,67,69
2011-09-21 19:00:00,8.5,943.1,12,112,63
2011-09-21 20:00:00,9.2,946.6,14,70,76
2011-09-21 21:00:00,9.2,949,4,134,68
2011-09-21 22:00:00,10.5,947,1,206,52
2011-09-21 23:00:00,10.1,956.3,7,157,62
2011-09-22 00:00:00,12.7,948.4,2,232,65
2011-09-22 01:00:00,12.5,944.8,8,232,67
2011-09-22 02:00:00,14.3,945.2,5,239,66
2011-09-22 03:00:00,17.3,945.7,8,254,71
2011-09-22 04:00:00,15.1,943.7,16,264,60
2011-09-22 05:00:00,15.3,954.6,12,289,51
2011-09-22 06:00:00,12.9,946.4,10,248,59
2011-09-22 07:00:00,17.5,942.8,1,195,67
2011-09-22 08:00:00,16.4,943.8,4,201,46
2011-09-22 09:00:00,16.9,945.6,13,266,63
2011-09-22 10:00:00,14.5,947,13,230,72
2011-09-22 11:00:00,11.7,939.5,12,94,69
2011-09-22 12:00:00,12.7,945.6,12,112,63
2011-09-22 13:00:00,9.6,945.7,4,178,65
2011-09-22 14:00:00,9.2,943,0,109,71
2011-09-22 15:00:00,9.8,941.2,4,127,77
2011-09-22 16:00:00,8.7,946.4,6,105,63
2011-09-22 17:00:00,10,941,2,65,83
2011-09-22 18:00:00,7.5,948.4,5,93,69
2011-09-22 19:00:00,8.5,947.8,7,114,71
2011-09-22 20:00:00,7.3,942.7,3,106,68
2011-09-22 21:00:00,11.7,942.1,17,117,66
2011-09-22 23:00:00,15.6,947.9,6,197,67
2011-09-23 00:00:00,10.7,945.3,11,210,74
2011-09-23 01:00:00,10.5,948.9,1,283,85
2011-09-23 02:00:00,13.4,943.5,0,287,70
2011-09-23 03:00:00,12.1,944.8,6,288,60
2011-09-23 04:00:00,15.8,944,9,262,71
2011-09-23 05:00:00,14.4,943.7,2,269,59
2011-09-23 06:00:00,15.1,947.2,7,271,65
2011-09-23 07:00:00,15.6,950,8,305,61
2011-09-23 08:00:00,13.6,944.8,13,254,63
2011-09-23 09:00:00,16.1,946.1,8,268,64
2011-09-23 10:00:00,15.3,946.7,4,183,67
2011-09-23 11:00:00,13.8,946.4,7,182,83
2011-09-23 12:00:00,10.8,946.3,3,154,68
2011-09-23 13:00:00,11.3,949.9,2,136,67
2011-09-23 14:00:00,9.9,949.6,0,101,77
2011-09-23 15:00:00,10.5,944.2,8,121,70
2011-09-23 16:00:00,9,945.1,1,73,75
2011-09-23 17:00:00,7.2,946.1,4,122,61
2011-09-23 18:00:00,6.6,946,8,75,70
2011-09-23 19:00:00,8.1,946.1,8,135,65
2011-09-23 20:00:00,8,944.8,12,131,68
2011-09-23 21:00:00,9.5,949.5,7,153,60
2011-09-23 22:00:00,5.1,945.7,5,95,61
2011-09-23 23:00:00,11.5,948.2,3,151,72
2011-09-24 00:00:00,11.9,950.3,8,270,74
2011-09-24 01:00:00,8.9,946,8,206,67
2011-09-24 02:00:00,13.1,948.1,1,216,78
2011-09-24 03:00:00,14.3,953.1,8,220,84
2011-09-24 04:00:00,16.2,940.5,5,268,70
2011-09-24 05:00:00,14.8,946,4,251,67
2011-09-24 06:00:00,16.1,941.7,1,280,70
2011-09-24 07:00:00,16.3,947.6,11,193,69
2011-09-24 08:00:00,16.7,948.2,0,244,60
2011-09-24 09:00:00,17.8,952.4,3,211,67
2011-09-24 10:00:00,14.4,947.5,3,223,66
2011-09-24 11:00:00,13.1,942.7,19,145,66
2011-09-24 12:00:00,10.4,950,5,201,60
2011-09-24 13:00:00,11.1,939,7,144,59
2011-09-24 14:00:00,10.1,944.1,16,84,78
2011-09-24 15:00:00,6.2,947.6,1,96,73
2011-09-24 16:00:00,8.2,947.2,1,98,63
2011-09-24 17:00:00,8.8,942.4,11,59,51
2011-09-24 18:00:00,8,942.5,14,58,53
2011-09-24 19:00:00,7.2,943.8,5,88,71
2011-09-24 20:00:00,8.1,948.6,9,89,56
2011-09-24 21:00:00,8.5,941.4,4,123,66
2011-09-24 22:00:00,12,941.8,5,139,64
2011-09-24 23:00:00,11.5,947.7,12,165,65
2011-09-25 00:00:00,10.6,942.8,10,214,64
2011-09-25 01:00:00,13.4,942.4,6,175,67
2011-09-25 02:00:00,13.6,945.9,5,257,58
2011-09-25 03:00:00,15.4,949.3,12,278,61
2011-09-25 05:00:00,14.9,947.6,2,274,74
2011-09-25 06:00:00,14.1,942.5,3,291,70
2011-09-25 07:00:00,13.9,948.4,3,275,70
2011-09-25 08:00:00,13.3,944.2,10,219,71
2011-09-25 09:00:00,14.1,942.6,10,215,63
2011-09-25 10:00:00,12.9,944.2,10,153,72
2011-09-25 11:00:00,10,944.7,1,223,65
2011-09-25 12:00:00,10.3,942.4,4,130,67
2011-09-25 13:00:00,9.5,945.3,3,135,69
2011-09-25 14:00:00,9.2,947,4,111,83
2011-09-25 15:00:00,8.6,947.9,10,63,74
2011-09-25 16:00:00,8.8,946.8,9,102,71
2011-09-25 17:00:00,6.4,948.7,12,25,69
2011-09-25 18:00:00,7.8,947.6,5,78,42
2011-09-25 19:00:00,7.6,944.7,4,131,72
2011-09-25 20:00:00,8.7,945.2,3,142,63
2011-09-25 21:00:00,9.5,946,4,162,50
2011-09-25 22:00:00,8.8,950.4,5,157,74
2011-09-25 23:00:00,11.7,944.2,13,190,50
2011-09-26 00:00:00,13,946.3,1,188,49
2011-09-26 01:00:00,11,945.6,1,244,62
2011-09-26 03:00:00,10.3,948.5,1,302,78
2011-09-26 04:00:00,14.6,945,6,294,86
2011-09-26 05:00:00,11.8,946.1,18,267,72
2011-09-26 06:00:00,15.4,941.6,12,250,72
2011-09-26 07:00:00,15.6,945.9,4,224,61
2011-09-26 08:00:00,13.3,942.6,8,268,63
2011-09-26 09:00:00,10.7,950.1,6,255,66
2011-09-26 10:00:00,13.5,949.7,4,185,72
2011-09-26 11:00:00,11.2,948.2,12,162,76
2011-09-26 12:00:00,10.1,943,6,163,64
2011-09-26 13:00:00,10.4,941.4,3,166,64
2011-09-26 14:00:00,6.5,952.6,3,103,70
2011-09-26 15:00:00,7.5,945.7,6,68,67
2011-09-26 16:00:00,7.5,949.3,5,64,68
2011-09-26 17:00:00,7,944.5,7,100,71
2011-09-26 18:00:00,4.6,948.1,11,68,65
2011-09-26 19:00:00,6.8,951.1,2,90,60
2011-09-26 20:00:00,5,944.2,7,57,62
2011-09-26 21:00:00,9.8,950,10,142,67
2011-09-26 22:00:00,9.7,950.4,9,116,49
2011-09-26 23:00:00,10.4,947.8,11,178,76
2011-09-27 00:00:00,11.1,947.3,6,178,68
2011-09-27 01:00:00,12.5,944.4,5,269,65
2011-09-27 02:00:00,14.6,943.3,10,264,74
2011-09-27 03:00:00,12.4,946.5,2,250,65
2011-09-27 04:00:00,15,950.8,7,283,62
2011-09-27 05:00:00,14.9,943.5,8,251,52
2011-09-27 07:00:00,15.1,943.4,6,281,63
2011-09-27 08:00:00,16.9,947,1,220,67
2011-09-27 09:00:00,12.1,940.6,3,193,79
2011-09-27 10:00:00,11.8,942.2,6,175,61
2011-09-27 11:00:00,13,949.5,7,138,63
2011-09-27 12:00:00,10.4,937.6,3,181,83
2011-09-27 13:00:00,9.1,945.6,2,93,62
2011-09-27 14:00:00,11.5,944.2,1,78,60
2011-09-27 15:00:00,7.3,940.9,15,130,72
2011-09-27 16:00:00,9.5,951,4,101,84
2011-09-27 17:00:00,7,948.9,13,50,80
2011-09-27 18:00:00,6,949.7,12,81,54
2011-09-27 19:00:00,7.9,943.6,0,71,62
2011-09-27 20:00:00,7.7,945.2,0,150,72
2011-09-27 21:00:00,5.9,944.8,2,90,69
2011-09-27 22:00:00,9,950.7,6,146,63
2011-09-27 23:00:00,9.4,947.2,8,167,57
2011-09-28 00:00:00,13.3,942.2,5,253,52
2011-09-28 01:00:00,12,944.2,18,275,58
2011-09-28 02:00:00,11.4,950.7,8,256,69
2011-09-28 03:00:00,13.7,949.4,1,222,66
2011-09-28 04:00:00,13.7,943.4,12,249,71
2011-09-28 05:00:00,14,947.7,8,262,72
2011-09-28 07:00:00,15.5,949,12,215,58
2011-09-28 08:00:00,14.5,947.1,7,214,80
2011-09-28 09:00:00,15.4,953.2,14,252,62
2011-09-28 10:00:00,14.4,946.1,15,175,81
2011-09-28 11:00:00,12,951.1,6,164,75
2011-09-28 12:00:00,10.3,951.1,10,139,70
2011-09-28 13:00:00,9.6,946.5,7,115,77
2011-09-28 14:00:00,9,948.7,4,134,76
2011-09-28 15:00:00,9.3,949.8,6,71,77
2011-09-28 16:00:00,7.6,945,1,128,69
2011-09-28 17:00:00,5.4,943.3,6,83,69
2011-09-28 18:00:00,5.5,944.3,17,149,83
2011-09-28 19:00:00,7,949.5,7,114,61
2011-09-28 20:00:00,5,945.1,6,135,78
2011-09-28 21:00:00,7.7,945,2,134,72
2011-09-28 22:00:00,9.3,948.7,15,157,66
2011-09-28 23:00:00,9.2,946.7,11,194,69
2011-09-29 00:00:00,10.1,947.6,11,220,79
2011-09-29 01:00:00,9.2,947.6,11,259,61
2011-09-29 02:00:00,14.1,951.3,12,294,65
2011-09-29 03:00:00,13,947.5,15,237,59
2011-09-29 04:00:00,14.2,950.3,5,284,65
2011-09-29 05:00:00,15.3,944.8,3,286,79
2011-09-29 06:00:00,15.6,943.7,7,279,61
2011-09-29 07:00:00,12.8,948.9,5,231,79
2011-09-29 08:00:00,15.3,947.6,10,339,71
2011-09-29 09:00:00,13.5,940.6,4,282,62
2011-09-29 10:00:00,12.3,947.2,9,219,75
2011-09-29 11:00:00,9.9,950.1,3,187,59
2011-09-29 12:00:00,11.8,944.9,0,115,78
2011-09-29 13:00:00,11.3,947.6,6,134,68
2011-09-29 14:00:00,8.8,947.7,9,135,86
2011-09-29 15:00:00,5.8,949.2,8,118,73
2011-09-29 16:00:00,4.7,947.8,1,38,65
2011-09-29 17:00:00,5.1,950,4,58,68
2011-09-29 18:00:00,5.7,947.1,6,141,75
2011-09-29 19:00:00,5.5,949.3,10,153,67
2011-09-29 20:00:00,7.8,946.7,9,77,72
2011-09-29 21:00:00,7.1,947.4,9,118,69
2011-09-29 22:00:00,7,948,8,180,66
2011-09-29 23:00:00,8.9,944.2,2,155,69
2011-09-30 00:00:00,10.6,939.8,11,182,63
2011-09-30 01:00:00,8,947.5,19,241,61
2011-09-30 02:00:00,13.5,946.3,10,291,68
2011-09-30 03:00:00,13.2,947.2,13,301,58
2011-09-30 04:00:00,15.1,944.1,4,250,70
2011-09-30 05:00:00,16.1,948.2,19,274,54
2011-09-30 06:00:00,14.9,947.5,2,291,79
2011-09-30 07:00:00,13.1,946.8,12,237,81
2011-09-30 08:00:00,13.9,947.5,1,231,80
2011-09-30 09:00:00,12.4,948.2,6,190,54
2011-09-30 10:00:00,11.7,943.2,7,239,64
2011-09-30 11:00:00,9.9,949.4,3,158,66
2011-09-30 12:00:00,13.1,947.9,3,123,76
2011-09-30 13:00:00,10.3,948.8,10,119,66
2011-09-30 14:00:00,7.7,943.8,3,141,69
2011-09-30 15:00:00,5.4,942.6,15,106,84
2011-09-30 16:00:00,5.7,944.1,1,354,70
2011-09-30 17:00:00,9.2,948.4,15,88,66
2011-09-30 18:00:00,4.6,942.7,2,83,76
2011-09-30 19:00:00,8.1,944,10,107,65
2011-09-30 20:00:00,6.1,948.6,2,95,67
2011-09-30 21:00:00,5.8,944.6,14,139,56
2011-09-30 22:00:00,12.5,943.6,10,131,88
2011-09-30 23:00:00,6.2,943.9,8,193,66
2011-10-01 00:00:00,10.8,943.3,5,253,66
2011-10-01 01:00:00,9,941.5,3,277,73
2011-10-01 02:00:00,11.9,944.7,5,272,70
2011-10-01 03:00:00,12.5,943.4,13,213,67
2011-10-01 04:00:00,11.3,946.3,0,235,70
2011-10-01 05:00:00,14.6,952.9,17,235,54
2011-10-01 06:00:00,16,950.5,6,259,67
2011-10-01 07:00:00,15.2,947.4,18,313,60
2011-10-01 08:00:00,13.5,948.9,8,294,69
2011-10-01 09:00:00,13.5,944.1,10,247,73
2011-10-01 10:00:00,9.9,948.1,1,134,58
2011-10-01 11:00:00,9.5,950.3,8,197,64
2011-10-01 12:00:00,9.6,950.8,5,133,68
2011-10-01 13:00:00,10.2,946,11,165,78
2011-10-01 14:00:00,9.1,947.6,13,189,70
2011-10-01 15:00:00,6.9,950.9,8,143,67
2011-10-01 16:00:00,5.5,948.7,16,123,59
2011-10-01 17:00:00,7.1,950.7,7,78,63
2011-10-01 18:00:00,5.2,946.8,9,66,69
2011-10-01 19:00:00,4.2,948,12,117,70
2011-10-01 20:00:00,5.1,950.7,7,102,71
2011-10-01 21:00:00,9.9,945.6,10,137,64
2011-10-01 22:00:00,8.2,948.9,7,183,76
2011-10-01 23:00:00,11.8,947,6,180,62
2011-10-02 00:00:00,8.3,949.3,3,211,68
2011-10-02 01:00:00,9.1,940.9,8,200,75
2011-10-02 02:00:00,12.2,944,5,280,74
2011-10-02 03:00:00,11,948.2,16,279,62
2011-10-02 04:00:00,12.6,946.3,5,302,78
2011-10-02 05:00:00,13.3,947.8,1,326,70
2011-10-02 06:00:00,14.4,949.1,10,272,85
2011-10-02 07:00:00,15.1,945.9,17,297,67
2011-10-02 08:00:00,13.1,946.5,13,216,63
2011-10-02 09:00:00,13,946.3,2,246,66
2011-10-02 10:00:00,11.8,948.3,11,221,64
2011-10-02 11:00:00,12.7,943.7,3,152,76
2011-10-02 12:00:00,9.8,949.6,11,171,71
2011-10-02 13:00:00,5.5,950.1,11,114,73
2011-10-02 14:00:00,7.7,949,15,92,72
2011-10-02 15:00:00,7.2,952.5,12,108,59
2011-10-02 16:00:00,6.2,950.2,6,88,68
2011-10-02 17:00:00,5.9,940.2,11,90,70
2011-10-02 18:00:00,6.8,948.3,5,111,76
2011-10-02 19:00:00,9,946.3,2,71,58
2011-10-02 20:00:00,5.9,940.5,0,128,67
2011-10-02 21:00:00,5.1,946.9,9,175,61
2011-10-02 22:00:00,5.2,946.9,7,138,67
2011-10-02 23:00:00,8,951.1,2,197,64
2011-10-03 00:00:00,10,945.5,11,256,71
2011-10-03 01:00:00,9.2,942.9,6,225,63
2011-10-03 02:00:00,11.4,946.5,11,269,68
2011-10-03 03:00:00,13.2,948.2,7,269,65
2011-10-03 04:00:00,12,952.5,9,266,75
2011-10-03 05:00:00,16.3,947.8,6,228,62
2011-10-03 06:00:00,13.1,940.9,5,283,69
2011-10-03 07:00:00,13.3,946.7,4,254,67
2011-10-03 08:00:00,13.9,945.5,5,244,60
2011-10-03 09:00:00,15.1,946.8,7,238,69
2011-10-03 10:00:00,14.6,950.4,12,236,69
2011-10-03 11:00:00,7.7,949.5,2,234,77
2011-10-03 12:00:00,10.5,949.4,7,149,59
2011-10-03 13:00:00,11.2,947.5,1,142,64
2011-10-03 14:00:00,8,947.1,7,81,63
2011-10-03 15:00:00,4.3,946.9,8,108,59
2011-10-03 16:00:00,5.8,947.8,6,70,67
2011-10-03 17:00:00,3,948.5,14,77,52
2011-10-03 18:00:00,4.8,942.6,10,130,73
2011-10-03 19:00:00,4.5,954.6,8,71,67
2011-10-03 20:00:00,6.1,941.9,9,130,64
2011-10-03 21:00:00,8.5,947.9,8,129,67
2011-10-03 22:00:00,6.7,946.1,9,150,58
2011-10-03 23:00:00,10.3,947.5,21,143,71
2011-10-04 00:00:00,8.7,942.9,5,233,60
2011-10-04 01:00:00,9.5,951.4,13,233,71
2011-10-04 02:00:00,11.7,947.3,4,268,68
2011-10-04 03:00:00,11.7,949.7,13,279,77
2011-10-04 04:00:00,13.2,945.7,8,322,64
2011-10-04 05:00:00,13.7,945.6,13,271,71
2011-10-04 06:00:00,11.4,953.5,2,284,85
2011-10-04 07:00:00,14.5,948.4,1,299,67
2011-10-04 08:00:00,12.3,945.7,4,217,66
2011-10-04 09:00:00,13.4,951.4,9,147,68
2011-10-04 10:00:00,12.1,949.3,3,192,79
2011-10-04 11:00:00,9.7,950.1,9,169,61
2011-10-04 12:00:00,7.2,945.1,7,168,71
2011-10-04 13:00:00,9.8,945.6,15,110,82
2011-10-04 14:00:00,6.4,951.2,6,94,65
2011-10-04 15:00:00,2.7,947.7,20,110,63
2011-10-04 16:00:00,7.1,945.7,8,123,81
2011-10-04 17:00:00,4.5,950,14,37,67
2011-10-04 18:00:00,6.1,952.4,8,113,74
2011-10-04 19:00:00,5.2,945.8,6,88,72
2011-10-04 20:00:00,7.3,947.1,9,89,60
2011-10-04 21:00:00,5.3,953.4,8,104,70
2011-10-04 22:00:00,7.5,949.7,0,198,82
2011-10-04 23:00:00,9.4,946.7,6,221,66
2011-10-05 00:00:00,9.7,945.4,8,211,73
2011-10-05 01:00:00,12.3,943.1,10,240,77
2011-10-05 02:00:00,9.2,939.4,5,228,61
2011-10-05 03:00:00,10.9,948.9,12,218,71
2011-10-05 04:00:00,13.7,945,9,311,56
2011-10-05 05:00:00,14.2,945.8,1,268,70
2011-10-05 06:00:00,12.4,948.9,7,259,68
2011-10-05 07:00:00,12.8,946.4,5,253,61
2011-10-05 08:00:00,13.9,950,5,228,78
2011-10-05 09:00:00,11.7,942.6,18,262,83
2011-10-05 10:00:00,11.9,945.5,3,202,78
2011-10-05 11:00:00,10.5,950.7,7,115,67
2011-10-05 12:00:00,10.1,944.9,11,167,81
2011-10-05 13:00:00,8,947.4,11,73,68
2011-10-05 15:00:00,3.5,948.1,6,80,57
2011-10-05 16:00:00,5.9,949.3,19,101,72
2011-10-05 17:00:00,4.3,947.3,4,135,64
2011-10-05 18:00:00,6.8,946.7,11,83,66
2011-10-05 19:00:00,9.4,951.6,13,138,77
2011-10-05 20:00:00,7,949.7,0,145,75
2011-10-05 21:00:00,5.8,944.6,13,155,71
2011-10-05 22:00:00,7,946,13,113,62
2011-10-05 23:00:00,7.7,951.6,5,188,61
2011-10-06 00:00:00,9.5,949.4,10,238,74
2011-10-06 01:00:00,10,945.9,2,228,81
2011-10-06 02:00:00,9.3,950.3,5,248,57
2011-10-06 03:00:00,11.6,942.8,20,255,68
2011-10-06 04:00:00,13.6,950.9,7,307,65
2011-10-06 05:00:00,13.7,945.9,11,287,64
2011-10-06 06:00:00,13.4,946.5,7,253,79
2011-10-06 07:00:00,14,950.3,8,239,80
2011-10-06 08:00:00,9.6,944.3,6,255,71
2011-10-06 09:00:00,11.8,946,2,218,79
2011-10-06 10:00:00,8.8,950.8,9,214,77
2011-10-06 11:00:00,10.5,947,4,185,82
2011-10-06 12:00:00,11.2,948.1,2,127,65
2011-10-06 13:00:00,8.7,945.5,4,192,83
2011-10-06 14:00:00,5.2,945.6,0,65,75
2011-10-06 15:00:00,5.8,944.4,8,92,60
2011-10-06 16:00:00,2.6,945.6,12,117,65
2011-10-06 17:00:00,7.8,949.6,7,122,80
2011-10-06 18:00:00,6.3,945.7,9,110,62
2011-10-06 19:00:00,6,943.2,12,134,78
2011-10-06 20:00:00,8.5,945.2,11,144,63
2011-10-06 21:00:00,5.5,948.6,8,123,62
2011-10-06 22:00:00,5.4,951.4,4,168,71
2011-10-06 23:00:00,8.8,948.5,4,160,73
2011-10-07 00:00:00,10.1,945.6,1,227,66
2011-10-07 01:00:00,9.4,944.5,10,207,72
2011-10-07 03:00:00,13.4,941.4,5,218,61
2011-10-07 04:00:00,10.7,950.2,13,242,61
2011-10-07 05:00:00,13.6,945.9,5,334,81
2011-10-07 06:00:00,13.2,945.8,5,259,67
2011-10-07 07:00:00,11.8,951.1,8,310,76
2011-10-07 08:00:00,13.4,946.1,6,225,58
2011-10-07 09:00:00,9.8,953,11,229,67
2011-10-07 10:00:00,11.8,948.1,16,214,73
2011-10-07 11:00:00,7.1,948.2,9,109,69
2011-10-07 12:00:00,6.6,946.3,11,166,79
2011-10-07 14:00:00,5.3,946.1,14,166,72
2011-10-07 15:00:00,5.4,945.8,6,123,59
2011-10-07 16:00:00,5.4,944.9,6,75,81
2011-10-07 17:00:00,4.8,949,12,104,71
2011-10-07 18:00:00,2.7,947.8,10,93,73
2011-10-07 19:00:00,4.7,947.6,16,92,68
2011-10-07 20:00:00,5.9,949.2,10,87,79
2011-10-07 21:00:00,6.5,946.3,2,139,70
2011-10-07 22:00:00,10,950.1,0,172,71
2011-10-07 23:00:00,9.7,942.8,16,169,66
2011-10-08 00:00:00,10.2,947.4,15,202,71
2011-10-08 01:00:00,10,949.4,11,244,68
2011-10-08 02:00:00,9.6,944.2,7,227,69
2011-10-08 03:00:00,13.4,947.3,8,271,61
2011-10-08 04:00:00,13,947.8,7,318,55
2011-10-08 05:00:00,10.6,949.1,7,280,76
2011-10-08 06:00:00,12,945,11,231,77
2011-10-08 07:00:00,12.4,945.8,5,233,72
2011-10-08 08:00:00,11.8,942.8,9,226,77
2011-10-08 09:00:00,12.4,948.4,7,192,62
2011-10-08 10:00:00,8.1,940.5,6,186,63
2011-10-08 11:00:00,11.6,950.5,3,167,71
2011-10-08 12:00:00,9.6,945,0,133,78
2011-10-08 13:00:00,8.7,940.5,15,82,65
2011-10-08 14:00:00,6.1,948.1,7,63,84
2011-10-08 15:00:00,4,945.4,7,144,67
2011-10-08 16:00:00,7.5,951.8,9,88,85
2011-10-08 17:00:00,2,946.5,3,41,59
2011-10-08 18:00:00,4.8,949.6,9,39,70
2011-10-08 19:00:00,4.8,946.9,13,89,78
2011-10-08 20:00:00,6.2,947.7,5,165,70
2011-10-08 21:00:00,5.4,948.8,8,74,66
2011-10-08 22:00:00,4.4,950.6,11,120,74
2011-10-09 00:00:00,10.6,946.6,8,212,74
2011-10-09 01:00:00,12.8,949.5,10,219,68
2011-10-09 02:00:00,11.5,944.2,19,294,70
2011-10-09 03:00:00,11.7,946.7,4,234,62
2011-10-09 04:00:00,11.9,949.9,0,253,70
2011-10-09 05:00:00,16,945.7,6,219,71
2011-10-09 06:00:00,15.2,939.2,3,253,87
2011-10-09 07:00:00,10.6,948.4,7,319,65
2011-10-09 08:00:00,13.3,951.8,4,263,64
2011-10-09 09:00:00,13.7,941.2,8,232,73
2011-10-09 10:00:00,11.8,950.9,7,227,68
2011-10-09 11:00:00,7.7,948.7,6,166,75
2011-10-09 12:00:00,8.8,950.9,11,152,54
2011-10-09 13:00:00,8.2,949.4,0,106,64
2011-10-09 14:00:00,9.7,954.2,14,149,64
2011-10-09 15:00:00,4.9,944.5,12,128,68
2011-10-09 16:00:00,2,947,12,119,69
2011-10-09 17:00:00,2.9,945,9,91,54
2011-10-09 18:00:00,3.4,947.3,15,89,64
2011-10-09 19:00:00,5.5,949.8,11,120,60
2011-10-09 20:00:00,4.3,949.6,6,62,84
2011-10-09 21:00:00,5.2,940.2,13,114,69
2011-10-09 22:00:00,6.9,947.8,13,171,77
2011-10-09 23:00:00,5.7,953.4,21,208,74
2011-10-10 00:00:00,9.5,945.4,8,173,74
2011-10-10 01:00:00,8.2,945.9,18,199,87
2011-10-10 02:00:00,8.6,950.8,4,286,61
2011-10-10 03:00:00,13.8,945.4,7,253,78
2011-10-10 04:00:00,10,946.5,5,269,72
2011-10-10 05:00:00,9.7,948.3,13,247,65
2011-10-10 06:00:00,12.8,945.2,10,270,66
2011-10-10 07:00:00,12.4,946.7,13,274,75
2011-10-10 08:00:00,13.1,947.2,12,311,69
2011-10-10 09:00:00,11.4,947,14,219,82
2011-10-10 10:00:00,10.6,948.8,7,250,71
2011-10-10 11:00:00,9.4,949.7,10,156,82
2011-10-10 12:00:00,7.1,945.7,6,85,63
2011-10-10 13:00:00,7.4,950.9,0,108,80
2011-10-10 14:00:00,6.5,949.5,11,151,69
2011-10-10 15:00:00,5.8,953.8,6,99,84
2011-10-10 16:00:00,4.1,941.3,7,39,67
2011-10-10 17:00:00,4.2,948.7,10,121,69
2011-10-10 18:00:00,7.5,944.1,7,122,73
2011-10-10 19:00:00,2,945.3,3,123,66
2011-10-10 20:00:00,5.9,948.1,9,139,74
2011-10-10 21:00:00,6.7,953.4,3,151,71
2011-10-10 22:00:00,4.9,946.6,6,170,71
2011-10-10 23:00:00,6.5,944.4,5,188,80
2011-10-11 00:00:00,6.6,946.1,11,165,85
2011-10-11 01:00:00,9.5,948.2,6,268,69
2011-10-11 02:00:00,12.8,950.2,2,278,67
2011-10-11 03:00:00,13.3,946.3,8,235,61
2011-10-11 04:00:00,10.1,946.5,12,265,67
2011-10-11 05:00:00,12,948.2,11,237,73
2011-10-11 06:00:00,16.5,945.9,12,248,76
2011-10-11 07:00:00,13.2,949.7,3,310,62
2011-10-11 08:00:00,11.5,947.5,18,233,81
2011-10-11 09:00:00,10.8,949.5,4,200,67
2011-10-11 10:00:00,9.7,947.6,2,228,65
2011-10-11 11:00:00,10.1,953,13,119,73
2011-10-11 12:00:00,7.8,952.9,11,165,68
2011-10-11 13:00:00,8.3,948.3,2,167,59
2011-10-11 14:00:00,9.6,944,9,79,67
2011-10-11 15:00:00,6.4,948.9,4,99,73
2011-10-11 16:00:00,4.3,943.1,8,142,68
2011-10-11 17:00:00,2.9,950.5,5,107,74
2011-10-11 18:00:00,4.9,945.8,8,62,74
2011-10-11 19:00:00,6.7,944,15,109,67
2011-10-11 20:00:00,6.1,952.2,19,166,68
2011-10-11 21:00:00,5.2,947.9,11,158,65
2011-10-11 22:00:00,5.7,950.6,2,180,78
2011-10-11 23:00:00,5,946.2,3,195,58
2011-10-12 00:00:00,8,948.9,10,220,72
2011-10-12 01:00:00,6.8,946.5,9,240,82
2011-10-12 02:00:00,9.9,942.5,4,260,64
2011-10-12 03:00:00,10,945.2,8,277,63
2011-10-12 04:00:00,10.7,947.3,10,306,77
2011-10-12 05:00:00,14.5,955.5,10,255,65
2011-10-12 06:00:00,11.1,950.6,1,275,73
2011-10-12 07:00:00,12.3,947.2,10,277,68
2011-10-12 08:00:00,9.9,947,2,289,65
2011-10-12 09:00:00,9,947.2,18,229,85
2011-10-12 10:00:00,9.2,952.3,5,151,82
2011-10-12 11:00:00,9.5,946,10,166,75
2011-10-12 12:00:00,6.4,948.8,5,188,69
2011-10-12 13:00:00,9.6,945.3,8,178,67
2011-10-12 14:00:00,3.4,948.7,5,76,70
2011-10-12 15:00:00,2.8,950.1,5,111,72
2011-10-12 16:00:00,3.1,949.7,12,103,64
2011-10-12 17:00:00,2.3,951,2,114,68
2011-10-12 18:00:00,4,947.7,18,95,80
2011-10-12 19:00:00,2.4,952.2,14,64,74
2011-10-12 20:00:00,4.3,949.4,5,137,84
2011-10-12 21:00:00,6.4,951.7,14,182,73
2011-10-12 22:00:00,4.4,949.8,11,124,73
2011-10-12 23:00:00,5.9,948.9,10,198,72
2011-10-13 00:00:00,8.2,952.1,8,196,75
2011-10-13 01:00:00,8.6,939.7,6,209,68
2011-10-13 02:00:00,10,942.1,13,265,69
2011-10-13 03:00:00,9.1,946.5,1,213,62
2011-10-13 04:00:00,12.2,944.4,3,261,70
2011-10-13 05:00:00,9.8,950.5,6,328,80
2011-10-13 06:00:00,11.6,944.8,15,228,84
2011-10-13 07:00:00,8.6,947.9,2,241,76
2011-10-13 08:00:00,13,945.6,5,274,71
2011-10-13 09:00:00,8.4,953.3,11,201,73
2011-10-13 10:00:00,9.5,949.9,2,159,61
2011-10-13 11:00:00,9.5,947.1,10,149,86
2011-10-13 12:00:00,5.4,952.3,14,172,75
2011-10-13 13:00:00,6.1,948.3,6,74,57
2011-10-13 14:00:00,4,948.2,3,118,85
2011-10-13 15:00:00,3.7,949.8,11,93,74
2011-10-13 16:00:00,4.2,951.2,15,71,77
2011-10-13 17:00:00,4.8,946.4,13,154,77
2011-10-13 18:00:00,3.3,947,6,88,71
2011-10-13 19:00:00,3.3,945.9,7,129,63
2011-10-13 20:00:00,3.2,944,9,105,64
2011-10-13 21:00:00,5.3,952.4,8,113,81
2011-10-13 22:00:00,5,948.5,6,92,57
2011-10-13 23:00:00,7.1,951.5,0,155,61
2011-10-14 00:00:00,6.1,947.8,7,209,55
2011-10-14 01:00:00,10.2,949.9,8,230,70
2011-10-14 02:00:00,10.7,946.9,10,242,72
2011-10-14 03:00:00,8,947.5,12,277,75
2011-10-14 04:00:00,10.2,947.1,9,255,64
2011-10-14 05:00:00,12.3,951.7,8,237,64
2011-10-14 06:00:00,12.6,947.1,12,264,71
2011-10-14 07:00:00,12.6,948.9,6,215,74
2011-10-14 08:00:00,10.1,946.8,13,269,69
2011-10-14 09:00:00,9.6,949.5,15,184,73
2011-10-14 10:00:00,5.8,945.9,13,183,66
2011-10-14 11:00:00,10.4,954.5,19,200,71
2011-10-14 12:00:00,7.7,945.5,3,114,67
2011-10-14 13:00:00,4.4,949.9,10,120,72
2011-10-14 14:00:00,6,950,12,62,71
2011-10-14 15:00:00,7.4,950,6,172,77
2011-10-14 16:00:00,2.8,953.4,5,108,70
2011-10-14 17:00:00,1.9,948.6,17,112,62
2011-10-14 18:00:00,5.1,945.7,9,45,72
2011-10-14 19:00:00,3,947.9,14,124,63
2011-10-14 20:00:00,6.5,949.4,2,154,72
2011-10-14 21:00:00,4.8,951.5,4,139,71
2011-10-14 22:00:00,4.7,946.4,12,186,71
2011-10-14 23:00:00,6.5,948.7,9,180,62
2011-10-15 00:00:00,5.7,949.4,9,193,68
2011-10-15 01:00:00,4.1,947.7,0,244,61
2011-10-15 02:00:00,9.6,951.1,1,248,76
2011-10-15 03:00:00,12.4,950.3,11,237,76
2011-10-15 04:00:00,10.6,947.8,14,287,69
2011-10-15 05:00:00,13.7,950,14,245,77
2011-10-15 06:00:00,10.1,949.7,9,248,82
2011-10-15 07:00:00,10.6,952,20,236,69
2011-10-15 08:00:00,12.8,948.8,10,252,56
2011-10-15 09:00:00,9.6,948.6,8,147,67
2011-10-15 10:00:00,8.8,948.7,16,295,57
2011-10-15 11:00:00,6.4,952.7,14,186,65
2011-10-15 12:00:00,9.6,952.5,12,117,82
2011-10-15 13:00:00,7.1,944.7,7,187,74
2011-10-15 14:00:00,6.5,944.7,8,127,72
2011-10-15 15:00:00,2.7,947.7,4,11,61
2011-10-15 16:00:00,6.7,952.8,17,46,91
2011-10-15 17:00:00,1.5,950.6,8,107,71
2011-10-15 18:00:00,1.1,945.4,17,129,72
2011-10-15 19:00:00,0.7,949.9,7,134,64
2011-10-15 20:00:00,3.3,952.2,3,96,68
2011-10-15 21:00:00,4.1,953.5,5,103,76
2011-10-15 22:00:00,5.7,949.8,12,193,86
2011-10-15 23:00:00,5.5,950.2,12,225,88
2011-10-16 00:00:00,7.7,947.2,11,223,70
2011-10-16 01:00:00,6.1,943.3,11,239,69
2011-10-16 02:00:00,10.5,947,16,292,69
2011-10-16 03:00:00,7.2,945.4,8,247,77
2011-10-16 04:00:00,11.1,950.4,9,238,79
2011-10-16 05:00:00,11.2,944.5,9,234,60
2011-10-16 06:00:00,12.9,954.2,6,296,80
2011-10-16 07:00:00,12.2,947.8,10,247,83
2011-10-16 08:00:00,10.5,951.8,10,214,67
2011-10-16 09:00:00,10.8,953.6,3,229,68
2011-10-16 10:00:00,9.6,950.8,13,210,81
2011-10-16 11:00:00,6.9,946.6,12,196,86
2011-10-16 12:00:00,5.6,952.2,13,140,79
2011-10-16 13:00:00,5.7,948,7,168,68
2011-10-16 14:00:00,2.7,941,6,158,81
2011-10-16 15:00:00,2.1,951.6,7,28,65
2011-10-16 16:00:00,1,946.1,5,70,79
2011-10-16 17:00:00,4,950.7,8,99,74
2011-10-16 18:00:00,5.1,952.2,18,74,75
2011-10-16 19:00:00,2.9,946.1,6,151,68
2011-10-16 20:00:00,1.1,948,7,175,72
2011-10-16 21:00:00,4.5,950.7,4,149,66
2011-10-16 22:00:00,5.3,947,15,113,79
2011-10-16 23:00:00,3,945.5,19,215,61
2011-10-17 00:00:00,7.4,950.3,6,233,66
2011-10-17 01:00:00,8,949.5,14,207,70
2011-10-17 02:00:00,8.4,946.6,6,228,77
2011-10-17 03:00:00,12.5,948.9,9,251,69
2011-10-17 04:00:00,8.2,951.5,9,251,67
2011-10-17 05:00:00,10.8,946.3,13,258,74
2011-10-17 06:00:00,9.7,951.3,14,326,64
2011-10-17 07:00:00,11.7,948.3,12,231,71
2011-10-17 08:00:00,10,946.5,2,181,71
2011-10-17 09:00:00,8.7,945.4,11,234,66
2011-10-17 10:00:00,9.7,950.8,8,200,72
2011-10-17 11:00:00,8.5,953.6,12,184,71
2011-10-17 12:00:00,6.8,952,5,167,66
2011-10-17 13:00:00,8.2,947.5,11,136,76
2011-10-17 14:00:00,5,949.8,11,137,59
2011-10-17 15:00:00,3.6,947.4,4,83,77
2011-10-17 16:00:00,2.1,948.1,16,85,56
2011-10-17 17:00:00,1.6,948.9,21,84,71
2011-10-17 18:00:00,3.5,953.4,15,63,62
2011-10-17 19:00:00,4.4,947.5,2,140,68
2011-10-17 20:00:00,3.3,953,8,107,65
2011-10-17 21:00:00,5.1,946,11,101,68
2011-10-17 22:00:00,5.1,946.3,4,170,66
2011-10-17 23:00:00,4.8,947.8,6,129,73
2011-10-18 00:00:00,6.5,946.7,5,219,76
2011-10-18 01:00:00,7,947.4,4,204,75
2011-10-18 02:00:00,6.9,948.8,4,200,82
2011-10-18 03:00:00,9.5,949.6,5,213,68
2011-10-18 04:00:00,10,950.3,13,277,70
2011-10-18 05:00:00,10.7,948.1,11,287,70
2011-10-18 06:00:00,10.9,952.4,6,273,79
2011-10-18 07:00:00,10,952.9,12,241,64
2011-10-18 08:00:00,7.4,950,13,258,64
2011-10-18 09:00:00,9.4,950.7,4,229,63
2011-10-18 10:00:00,9.1,945.5,9,153,84
2011-10-18 11:00:00,8.1,946.2,14,170,66
2011-10-18 12:00:00,6.4,952.2,14,130,76
2011-10-18 13:00:00,4.9,944.2,12,180,76
2011-10-18 14:00:00,7.6,951.3,13,113,76
2011-10-18 15:00:00,0.6,953.3,5,114,67
2011-10-18 16:00:00,0.6,953.1,12,114,67
2011-10-18 17:00:00,2.9,949.7,5,128,68
2011-10-18 18:00:00,4.8,944.7,20,59,67
2011-10-18 19:00:00,3.6,951.7,7,147,68
2011-10-18 20:00:00,2.7,953.4,4,108,83
2011-10-18 21:00:00,3.7,947.1,12,109,64
2011-10-18 22:00:00,4.5,948.8,15,156,66
2011-10-18 23:00:00,2.1,949,7,162,81
2011-10-19 00:00:00,6.8,953.1,4,237,76
2011-10-19 01:00:00,4.7,951.7,14,199,87
2011-10-19 02:00:00,11.5,947.1,14,241,66
2011-10-19 03:00:00,9.9,943.5,12,225,75
2011-10-19 04:00:00,10,943.2,16,290,85
2011-10-19 05:00:00,10.2,946.6,5,295,63
2011-10-19 06:00:00,12.6,951.2,1,271,80
2011-10-19 07:00:00,10.2,943.5,3,258,79
2011-10-19 08:00:00,11.5,945.1,6,211,74
2011-10-19 09:00:00,10.2,950.4,13,230,80
2011-10-19 10:00:00,4.9,950.5,8,204,66
2011-10-19 11:00:00,8.4,953,7,192,67
2011-10-19 12:00:00,8.4,950.2,6,108,77
2011-10-19 13:00:00,6.2,948.2,8,145,72
2011-10-19 14:00:00,4,947.5,6,117,70
2011-10-19 15:00:00,2.6,946.6,1,88,80
2011-10-19 16:00:00,3.2,946.4,9,79,69
2011-10-19 17:00:00,3.6,944.3,11,101,80
2011-10-19 18:00:00,-0.9,954,5,105,60
2011-10-19 19:00:00,1.7,953.2,7,138,68
2011-10-19 20:00:00,0.6,954.9,6,156,69
2011-10-19 21:00:00,2.8,950,13,109,70
2011-10-19 22:00:00,5.5,948.3,16,112,61
2011-10-19 23:00:00,3.3,949.9,2,190,78
2011-10-20 00:00:00,9.5,952.7,4,232,54
2011-10-20 01:00:00,6.2,952.1,6,238,83
2011-10-20 02:00:00,5.7,947.5,13,214,72
2011-10-20 03:00:00,9.2,950.5,14,240,85
2011-10-20 04:00:00,10.2,955.1,8,243,72
2011-10-20 05:00:00,11.5,949.3,12,299,71
2011-10-20 07:00:00,11.2,948.9,16,232,55
2011-10-20 08:00:00,9.8,951.6,12,246,73
2011-10-20 09:00:00,9,950.9,8,258,76
2011-10-20 10:00:00,8.1,951.8,13,173,78
2011-10-20 11:00:00,9.2,956.2,10,165,72
2011-10-20 12:00:00,7.3,946.7,6,116,69
2011-10-20 13:00:00,6.3,949,5,162,90
2011-10-20 14:00:00,5.6,950.1,14,109,81
2011-10-20 15:00:00,3.7,949.3,17,118,78
2011-10-20 16:00:00,4.2,951.6,5,102,77
2011-10-20 17:00:00,3,950.3,10,64,93
2011-10-20 18:00:00,1.8,952.7,10,88,82
2011-10-20 19:00:00,3.1,949.8,1,133,84
2011-10-20 20:00:00,2.2,945.4,11,68,71
2011-10-20 21:00:00,0,950.3,4,152,66
2011-10-20 22:00:00,2.1,951,5,177,71
2011-10-20 23:00:00,4,948.4,16,110,76
2011-10-21 00:00:00,9.3,953.3,9,219,71
2011-10-21 01:00:00,6.9,948.2,8,231,65
2011-10-21 02:00:00,7.9,952.3,12,243,80
2011-10-21 03:00:00,8.2,948.7,15,228,78
2011-10-21 04:00:00,10.7,949.7,12,237,80
2011-10-21 05:00:00,7.6,954.2,5,260,74
2011-10-21 06:00:00,11.1,950.2,14,249,60
2011-10-21 07:00:00,11.4,946.4,9,256,67
2011-10-21 08:00:00,8.7,945.3,3,224,78
2011-10-21 09:00:00,7,956.6,12,257,57
2011-10-21 10:00:00,7.3,956.5,9,165,86
2011-10-21 11:00:00,5.6,950.4,21,145,65
2011-10-21 12:00:00,5.1,952,14,178,87
2011-10-21 13:00:00,3.3,953.8,8,79,71
2011-10-21 14:00:00,4,950.5,5,175,66
2011-10-21 15:00:00,4.1,954.7,4,120,80
2011-10-21 16:00:00,3.7,952.9,6,39,87
2011-10-21 18:00:00,1.4,948.9,8,97,62
2011-10-21 19:00:00,3.3,955.2,10,100,79
2011-10-21 20:00:00,3.1,953.4,16,135,74
2011-10-21 21:00:00,2.8,950.9,12,173,59
2011-10-21 22:00:00,1.6,952.2,8,148,60
2011-10-21 23:00:00,2.9,950,13,170,79
2011-10-22 00:00:00,5.1,951,17,222,82
2011-10-22 02:00:00,8.4,953.5,9,283,83
2011-10-22 03:00:00,9.5,944.1,9,281,78
2011-10-22 04:00:00,8.1,950.9,15,233,61
2011-10-22 05:00:00,8.7,951.8,12,271,74
2011-10-22 06:00:00,11.4,949.3,11,282,73
2011-10-22 08:00:00,10.9,948.1,9,259,58
2011-10-22 09:00:00,12,952,2,206,64
2011-10-22 10:00:00,9.3,948.8,4,157,75
2011-10-22 11:00:00,8.4,946.6,4,154,70
2011-10-22 12:00:00,3.8,960.4,13,133,74
2011-10-22 13:00:00,3.4,948.9,8,110,69
2011-10-22 14:00:00,6.1,946,14,102,77
2011-10-22 15:00:00,0.1,946.1,8,184,65
2011-10-22 16:00:00,2.9,953,9,57,81
2011-10-22 17:00:00,1.6,947.9,9,79,78
2011-10-22 18:00:00,0.9,949.3,8,97,78
2011-10-22 19:00:00,4.9,952.8,7,139,66
2011-10-22 20:00:00,1.6,953.6,9,121,78
2011-10-22 21:00:00,4.6,949.1,16,156,69
2011-10-22 22:00:00,2.7,956.8,7,170,93
2011-10-22 23:00:00,5.4,950.5,12,154,70
2011-10-23 00:00:00,6,951.7,20,185,63
2011-10-23 01:00:00,8.6,957.9,12,192,73
2011-10-23 03:00:00,6.9,953.1,10,218,78
2011-10-23 04:00:00,7.7,947.1,18,281,70
2011-10-23 05:00:00,10.9,948.4,13,282,82
2011-10-23 06:00:00,12,954.9,6,248,79
2011-10-23 07:00:00,12,949.9,17,265,74
2011-10-23 08:00:00,7.6,946.2,25,233,78
2011-10-23 09:00:00,6.4,956.4,5,177,63
2011-10-23 10:00:00,8,948.7,8,184,68
2011-10-23 11:00:00,6,951.9,14,216,79
2011-10-23 12:00:00,5.8,951.8,6,128,73
2011-10-23 13:00:00,6.7,949.8,18,132,80
2011-10-23 14:00:00,1.9,950.9,10,128,58
2011-10-23 15:00:00,4.4,952.3,6,119,70
2011-10-23 16:00:00,5.5,952.6,8,108,82
2011-10-23 17:00:00,1.5,954,12,91,88
2011-10-23 18:00:00,2.6,948.8,10,112,72
2011-10-23 19:00:00,0.6,952.9,2,86,76
2011-10-23 20:00:00,0.9,951.3,11,109,84
2011-10-23 21:00:00,3.6,946.1,17,128,83
2011-10-23 22:00:00,-0.8,951.2,3,188,75
2011-10-23 23:00:00,6.2,947.2,22,167,76
2011-10-24 00:00:00,4.1,949.3,2,204,79
2011-10-24 01:00:00,6.1,946.7,3,162,73
2011-10-24 02:00:00,7.6,947.2,11,279,76
2011-10-24 03:00:00,8.4,956,15,249,81
2011-10-24 04:00:00,9.9,947.3,11,276,66
2011-10-24 05:00:00,7.6,943.3,6,254,80
2011-10-24 06:00:00,7.7,950.1,8,221,78
2011-10-24 07:00:00,11.4,953.6,0,273,82
2011-10-24 08:00:00,9.9,954.5,6,238,82
2011-10-24 09:00:00,5.2,953.2,14,193,74
2011-10-24 10:00:00,6.5,952.2,6,215,77
2011-10-24 11:00:00,5.1,951,11,198,79
2011-10-24 12:00:00,7.1,951.2,8,178,67
2011-10-24 13:00:00,4.8,953.4,10,113,64
2011-10-24 14:00:00,3.7,951,6,129,89
2011-10-24 15:00:00,2.6,951.9,8,80,67
2011-10-24 16:00:00,1.3,960.9,11,57,75
2011-10-24 17:00:00,-2,954.3,13,35,75
2011-10-24 18:00:00,2.5,948.1,17,84,80
2011-10-24 19:00:00,3.7,950.8,20,93,63
2011-10-24 20:00:00,0.8,954.3,8,145,76
2011-10-24 21:00:00,3.1,951.9,19,117,83
2011-10-24 22:00:00,3.4,954.2,13,107,72
2011-10-24 23:00:00,2.3,950.7,8,188,67
2011-10-25 00:00:00,6.8,956,17,239,86
2011-10-25 01:00:00,6.2,954.4,6,250,63
2011-10-25 02:00:00,7.4,952.4,7,260,86
2011-10-25 03:00:00,8.3,954.1,7,257,79
2011-10-25 04:00:00,9.2,953.3,9,258,77
2011-10-25 05:00:00,11.2,953.4,13,267,67
2011-10-25 06:00:00,7.5,951.9,16,254,80
2011-10-25 07:00:00,8.4,946.9,8,205,70
2011-10-25 08:00:00,9.5,950.7,12,239,66
2011-10-25 09:00:00,8.6,953.2,10,225,62
2011-10-25 10:00:00,8,950.8,19,193,83
2011-10-25 11:00:00,4.8,951.9,7,187,81
2011-10-25 12:00:00,4.3,951.3,22,85,62
2011-10-25 13:00:00,5.5,948.2,17,149,80
2011-10-25 14:00:00,3.8,948.3,10,69,75
2011-10-25 15:00:00,5.2,949,7,177,66
2011-10-25 16:00:00,1.9,949.1,3,62,64
2011-10-25 17:00:00,-0.7,948.1,15,88,79
2011-10-25 18:00:00,0.6,949,10,72,91
2011-10-25 19:00:00,-0.5,948.2,13,81,83
2011-10-25 20:00:00,-0.7,951.5,14,117,75
2011-10-25 21:00:00,1.5,947.1,12,124,86
2011-10-25 22:00:00,0.2,951.7,7,137,79
2011-10-25 23:00:00,4.3,954,4,211,79
2011-10-26 00:00:00,4.8,952.3,8,253,76
2011-10-26 01:00:00,6.8,950.8,13,208,77
2011-10-26 02:00:00,7.4,951.1,7,264,70
2011-10-26 03:00:00,8.7,951.6,12,296,64
2011-10-26 04:00:00,9.7,951.9,16,247,72
2011-10-26 05:00:00,9.3,950.4,11,336,77
2011-10-26 06:00:00,10.4,949.6,11,243,74
2011-10-26 07:00:00,6.6,952,11,201,65
2011-10-26 08:00:00,10.1,951.8,13,227,68
2011-10-26 09:00:00,8.9,958.7,25,232,78
2011-10-26 10:00:00,4.7,949.4,12,225,79
2011-10-26 11:00:00,5.5,949.7,11,142,64
2011-10-26 12:00:00,7.2,951.4,1,208,76
2011-10-26 13:00:00,2.6,952.3,3,46,77
2011-10-26 14:00:00,1.7,949.7,10,82,65
2011-10-26 15:00:00,1.9,954.3,13,92,84
2011-10-26 16:00:00,0.3,952.1,5,116,67
2011-10-26 17:00:00,-0.6,949.7,12,136,74
2011-10-26 18:00:00,1,948,12,110,73
2011-10-26 19:00:00,0.6,953.4,17,118,66
2011-10-26 20:00:00,1.6,953.1,12,148,87
2011-10-26 21:00:00,2.3,951.2,16,109,72
2011-10-26 22:00:00,2.6,949,10,204,72
2011-10-26 23:00:00,6,950.5,14,194,73
2011-10-27 00:00:00,1.9,953.5,11,164,81
2011-10-27 01:00:00,7.9,952.1,10,242,88
2011-10-27 02:00:00,3.7,953.9,6,320,78
2011-10-27 03:00:00,7,953.3,15,233,82
2011-10-27 04:00:00,11.3,957.7,8,300,74
2011-10-27 05:00:00,4.2,948.4,10,255,65
2011-10-27 06:00:00,9,951.8,2,283,74
2011-10-27 07:00:00,7.3,953,20,245,78
2011-10-27 08:00:00,6.4,952,16,211,55
2011-10-27 09:00:00,8,951.3,12,222,90
2011-10-27 10:00:00,8.1,953,16,194,73
2011-10-27 11:00:00,7.7,949.5,5,179,65
2011-10-27 12:00:00,4,953.1,10,171,72
2011-10-27 13:00:00,2.7,950.7,22,110,80
2011-10-27 14:00:00,1.2,951.3,11,104,65
2011-10-27 15:00:00,3.8,948.8,17,46,75
2011-10-27 16:00:00,0.4,948.2,12,108,85
2011-10-27 17:00:00,1.5,953.1,8,97,87
2011-10-27 18:00:00,0.3,951.5,10,178,78
2011-10-27 19:00:00,3.3,947.7,7,162,70
2011-10-27 20:00:00,3.7,945.8,4,111,84
2011-10-27 21:00:00,-1.3,954.8,13,141,82
2011-10-27 22:00:00,2.4,945.1,6,132,71
2011-10-27 23:00:00,4.6,949,13,221,91
2011-10-28 00:00:00,4.1,946.1,12,209,83
2011-10-28 01:00:00,7.1,951.1,11,225,65
2011-10-28 02:00:00,4.9,954.2,16,207,89
2011-10-28 03:00:00,7.4,951,14,248,80
2011-10-28 04:00:00,8.8,952,13,242,74
2011-10-28 05:00:00,8.5,949.7,9,244,79
2011-10-28 06:00:00,10.8,950.5,4,241,70
2011-10-28 07:00:00,7.2,955,13,246,64
2011-10-28 08:00:00,7,949.8,12,261,77
2011-10-28 09:00:00,7.4,952.4,20,228,68
2011-10-28 10:00:00,7.1,949,15,249,81
2011-10-28 11:00:00,10.3,952.5,18,127,83
2011-10-28 12:00:00,3.4,947.9,13,145,85
2011-10-28 14:00:00,1.5,950.3,11,113,72
2011-10-28 15:00:00,5.2,952.6,5,133,83
2011-10-28 16:00:00,1.3,953.4,6,101,86
2011-10-28 17:00:00,1,951.3,10,141,73
2011-10-28 18:00:00,-0.5,952.3,11,119,82
2011-10-28 19:00:00,-0.2,953.2,6,157,77
2011-10-28 20:00:00,3.4,952.9,8,165,64
2011-10-28 21:00:00,3.6,954.3,6,158,74
2011-10-28 22:00:00,7,951.2,12,197,82
2011-10-28 23:00:00,3.9,952.4,13,185,96
2011-10-29 00:00:00,6.1,956.4,4,202,70
2011-10-29 01:00:00,5.7,957.9,1,242,65
2011-10-29 02:00:00,7,954,13,232,80
2011-10-29 03:00:00,5.4,955.2,13,274,64
2011-10-29 04:00:00,6.9,946.2,18,281,72
2011-10-29 05:00:00,5,955.2,15,253,85
2011-10-29 07:00:00,7,953,8,292,81
2011-10-29 08:00:00,6.6,947,3,236,79
2011-10-29 09:00:00,4.6,950,10,185,64
2011-10-29 10:00:00,2.1,959.6,10,214,85
2011-10-29 11:00:00,6.2,951,9,191,90
2011-10-29 12:00:00,2.1,947.6,11,145,77
2011-10-29 13:00:00,4.7,958.8,7,125,85
2011-10-29 14:00:00,3,949.5,7,97,67
2011-10-29 15:00:00,1.7,948.6,15,81,84
2011-10-29 17:00:00,1.9,951.7,11,87,65
2011-10-29 18:00:00,-0.8,947.3,10,44,91
2011-10-29 19:00:00,-1.3,948.9,13,115,67
2011-10-29 20:00:00,1.8,954.5,9,98,70
2011-10-29 21:00:00,1.2,957.7,10,134,80
2011-10-29 22:00:00,0.8,951,13,160,76
2011-10-29 23:00:00,1.5,950.9,15,247,84
2011-10-30 00:00:00,4.5,949.3,1,171,72
2011-10-30 01:00:00,7,948.4,8,224,74
2011-10-30 02:00:00,7.9,946.5,20,265,76
2011-10-30 03:00:00,7.6,950.8,9,286,80
2011-10-30 04:00:00,5.7,947.8,9,281,78
2011-10-30 05:00:00,6.6,957.3,12,285,80
2011-10-30 06:00:00,11.7,946,7,277,65
2011-10-30 07:00:00,7.7,949.9,6,239,70
2011-10-30 08:00:00,7.2,951.7,17,246,62
2011-10-30 09:00:00,10.2,953.7,12,204,68
2011-10-30 10:00:00,7.9,950.7,11,186,60
2011-10-30 11:00:00,4.7,953.1,7,124,75
2011-10-30 12:00:00,6.7,954.5,9,171,81
2011-10-30 13:00:00,3.6,950.2,13,91,68
2011-10-30 14:00:00,3.6,955.1,6,153,70
2011-10-30 15:00:00,0.9,952.5,5,110,75
2011-10-30 16:00:00,-0.7,954.8,11,60,66
2011-10-30 17:00:00,-0.7,951.8,12,74,69
2011-10-30 18:00:00,0.3,955.8,9,112,69
2011-10-30 19:00:00,1,949.5,17,113,81
2011-10-30 20:00:00,4.5,945,17,148,81
2011-10-30 21:00:00,2.2,953.2,20,170,63
2011-10-30 22:00:00,5.5,954,4,120,98
2011-10-30 23:00:00,2.1,948.9,17,122,73
2011-10-31 00:00:00,3.5,946.7,19,202,83
2011-10-31 01:00:00,5,948.8,14,204,78
2011-10-31 02:00:00,6.2,954.7,14,228,74
2011-10-31 03:00:00,7.3,947,11,235,83
2011-10-31 04:00:00,11.1,950.5,13,286,91
2011-10-31 05:00:00,8.7,953,19,291,71
2011-10-31 06:00:00,5.9,955.8,11,279,75
2011-10-31 07:00:00,6.9,949.5,13,213,83
2011-10-31 08:00:00,6,953.9,11,232,57
2011-10-31 09:00:00,7,948.9,20,257,75
2011-10-31 10:00:00,3.5,953,16,178,100
2011-10-31 11:00:00,3.9,949.9,14,152,68
2011-10-31 12:00:00,4.7,951.8,9,210,64
2011-10-31 13:00:00,4,946.7,7,156,85
2011-10-31 14:00:00,2.5,951.4,14,63,83
2011-10-31 15:00:00,-0.1,954.6,18,88,57
2011-10-31 16:00:00,2.4,947.2,22,139,78
2011-10-31 17:00:00,-1.3,947.5,3,98,77
2011-10-31 18:00:00,-1,950.3,19,119,71
2011-10-31 19:00:00,-0.9,954.1,13,107,89
2011-10-31 20:00:00,-1.4,953.6,7,123,71
2011-10-31 21:00:00,1.6,953.5,10,176,83
2011-10-31 22:00:00,6.8,955.8,15,168,64
2011-10-31 23:00:00,1.3,957,1,182,84
2011-11-01 00:00:00,3.4,957.3,8,164,54
2011-11-01 01:00:00,4.5,950.5,15,221,65
2011-11-01 02:00:00,7.3,954,0,212,82
2011-11-01 03:00:00,6.9,950.2,3,271,70
2011-11-01 04:00:00,7.1,949.6,11,300,73
2011-11-01 05:00:00,9.1,951.9,12,297,83
2011-11-01 06:00:00,6.8,952.1,16,270,67
2011-11-01 07:00:00,7.2,951.3,14,217,77
2011-11-01 08:00:00,8.1,955,17,295,87
2011-11-01 09:00:00,5.8,953.2,14,241,62
2011-11-01 10:00:00,6,952.9,15,198,85
2011-11-01 11:00:00,3.7,953.6,0,160,84
2011-11-01 12:00:00,4.5,949.2,22,154,70
2011-11-01 13:00:00,5,955.3,11,151,69
2011-11-01 14:00:00,1.7,950.6,15,117,78
2011-11-01 15:00:00,-1.4,961,12,48,77
2011-11-01 16:00:00,-3.1,951.7,14,79,74
2011-11-01 17:00:00,-1.1,951.2,10,98,77
2011-11-01 18:00:00,2.1,951.9,13,104,78
2011-11-01 19:00:00,-0.7,955.1,7,100,70
2011-11-01 20:00:00,-1.1,951.9,14,117,72
2011-11-01 21:00:00,3.9,952.4,5,153,70
2011-11-01 22:00:00,1.8,950.9,14,117,86
2011-11-01 23:00:00,3.7,949.9,14,217,76
2011-11-02 00:00:00,4.1,952.4,15,219,91
2011-11-02 01:00:00,7,950.2,7,254,59
2011-11-02 02:00:00,7.2,954.5,14,200,70
2011-11-02 03:00:00,5.2,950,6,255,84
2011-11-02 04:00:00,9.4,948.4,6,224,79
2011-11-02 05:00:00,5.4,947.6,16,328,74
2011-11-02 06:00:00,9.6,948.4,18,226,75
2011-11-02 07:00:00,7.9,952.8,6,282,75
2011-11-02 08:00:00,7.2,955.4,12,231,70
2011-11-02 09:00:00,3.2,951,6,213,70
2011-11-02 10:00:00,8.3,952.7,5,132,74
2011-11-02 11:00:00,3.7,954.9,13,169,86
2011-11-02 12:00:00,3.8,953.3,7,126,66
2011-11-02 13:00:00,1.4,951.6,17,147,77
2011-11-02 14:00:00,-0.3,950.8,8,84,74
2011-11-02 15:00:00,0.8,952.7,9,114,82
2011-11-02 16:00:00,1.8,948.7,8,84,77
2011-11-02 17:00:00,-3.2,953.8,17,67,66
2011-11-02 18:00:00,-1.6,951.4,14,14,80
2011-11-02 19:00:00,4.2,954.8,5,73,79
2011-11-02 20:00:00,1.3,946.3,14,96,77
2011-11-02 21:00:00,3.2,953.1,8,152,71
2011-11-02 22:00:00,-0.6,954.8,13,150,78
2011-11-02 23:00:00,3.6,948.8,15,202,64
2011-11-03 00:00:00,3.2,949.3,11,215,89
2011-11-03 01:00:00,3.1,953,8,199,73
2011-11-03 02:00:00,6.9,953.9,18,262,79
2011-11-03 03:00:00,4.5,954.5,7,278,82
2011-11-03 04:00:00,6.7,958,9,305,76
2011-11-03 05:00:00,9.3,953.7,9,267,76
2011-11-03 06:00:00,9.6,953.2,18,293,97
2011-11-03 07:00:00,9.6,949.3,1,282,70
2011-11-03 08:00:00,5.8,951.6,18,210,58
2011-11-03 10:00:00,3.6,950.6,7,196,81
2011-11-03 11:00:00,5,952.1,17,173,74
2011-11-03 12:00:00,5.3,951.3,6,176,63
2011-11-03 13:00:00,1.9,955.4,19,169,87
2011-11-03 14:00:00,-0.1,957.2,12,147,73
2011-11-03 15:00:00,1.1,952,2,85,69
2011-11-03 16:00:00,0.5,953,6,67,100
2011-11-03 17:00:00,-0.5,952.2,17,94,85
2011-11-03 18:00:00,-1,956.7,12,82,80
2011-11-03 19:00:00,-0.7,953.8,7,146,73
2011-11-03 20:00:00,-0.9,950.1,6,102,76
2011-11-03 21:00:00,-0.5,953.8,15,210,72
2011-11-03 22:00:00,-0.7,948.5,11,144,68
2011-11-03 23:00:00,0.7,952.1,15,177,78
2011-11-04 00:00:00,2.1,951.2,12,277,77
2011-11-04 01:00:00,7.2,952.4,9,176,85
2011-11-04 02:00:00,4,958.4,2,229,81
2011-11-04 03:00:00,6,952.7,13,314,77
2011-11-04 04:00:00,6.7,950.8,12,275,71
2011-11-04 05:00:00,7.1,953.3,3,272,77
2011-11-04 06:00:00,6.8,954.6,4,299,76
2011-11-04 07:00:00,7.5,954.9,13,250,79
2011-11-04 08:00:00,9.1,950.5,20,238,77
2011-11-04 09:00:00,7.7,950.4,3,172,97
2011-11-04 10:00:00,5.7,952.3,5,254,62
2011-11-04 11:00:00,7.7,950.6,12,126,74
2011-11-04 12:00:00,5.9,956.3,16,135,90
2011-11-04 13:00:00,3.1,950,7,190,92
2011-11-04 14:00:00,0.7,951.9,10,131,66
2011-11-04 15:00:00,-0.4,956.1,10,123,68
2011-11-04 16:00:00,1,951.7,12,77,79
2011-11-04 17:00:00,1.4,954.9,11,125,68
2011-11-04 18:00:00,0.8,959,8,91,88
2011-11-04 19:00:00,-3,957.2,1,98,87
2011-11-04 20:00:00,0.1,952.3,13,111,70
2011-11-04 21:00:00,2.1,951.3,11,129,77
2011-11-04 22:00:00,1.4,953.7,12,154,77
2011-11-04 23:00:00,0.9,953.4,2,190,89
2011-11-05 00:00:00,4.9,953.6,13,149,85
2011-11-05 01:00:00,5.4,951.8,5,236,73
2011-11-05 02:00:00,4.4,951.3,17,273,80
2011-11-05 03:00:00,7.3,952.3,15,298,67
2011-11-05 04:00:00,7.3,957.2,16,282,75
2011-11-05 05:00:00,4.7,950.6,8,255,77
2011-11-05 06:00:00,6.6,955.5,16,239,78
2011-11-05 07:00:00,5.3,952.5,6,279,59
2011-11-05 08:00:00,10.7,953.1,11,255,80
2011-11-05 09:00:00,7.1,952.4,7,220,70
2011-11-05 10:00:00,2.1,955.3,10,206,80
2011-11-05 11:00:00,5,959.2,2,155,82
2011-11-05 12:00:00,3.1,955.3,14,153,70
2011-11-05 13:00:00,0.3,952.4,5,125,78
2011-11-05 14:00:00,0.2,954.9,23,97,70
2011-11-05 15:00:00,-0.9,958.8,15,65,71
2011-11-05 16:00:00,0.6,949,16,98,81
2011-11-05 17:00:00,-0.4,953.2,16,44,81
2011-11-05 18:00:00,0,957.3,13,93,69
2011-11-05 19:00:00,-1.2,955.2,12,107,86
2011-11-05 20:00:00,1.7,957.4,14,112,74
2011-11-05 21:00:00,0.7,954.1,10,82,71
2011-11-05 22:00:00,2.2,955.8,19,195,73
2011-11-05 23:00:00,4.5,953.8,6,131,64
2011-11-06 00:00:00,5.7,949.2,15,205,70
2011-11-06 01:00:00,5.9,947.7,12,210,79
2011-11-06 02:00:00,6.1,953.7,15,214,77
2011-11-06 03:00:00,4.9,954.9,15,297,69
2011-11-06 04:00:00,4.9,954.4,10,289,91
2011-11-06 05:00:00,6.5,953.8,2,228,74
2011-11-06 06:00:00,8.7,950.3,0,245,61
2011-11-06 07:00:00,8.8,952.8,5,267,82
2011-11-06 08:00:00,5.8,956.3,13,287,80
2011-11-06 09:00:00,6.3,948,8,209,87
2011-11-06 10:00:00,5.2,954.5,6,224,81
2011-11-06 11:00:00,3.6,954.3,15,172,92
2011-11-06 12:00:00,6.4,953.6,16,161,87
2011-11-06 13:00:00,5.4,954,14,104,88
2011-11-06 14:00:00,-0.7,953.1,9,81,67
2011-11-06 15:00:00,-0.7,953.7,9,129,64
2011-11-06 16:00:00,4.7,949.5,6,107,65
2011-11-06 17:00:00,-3.5,950.9,11,17,76
2011-11-06 18:00:00,-2.6,958.5,17,130,83
2011-11-06 19:00:00,1.9,953.4,9,136,80
2011-11-06 20:00:00,-1.8,951.7,19,108,75
2011-11-06 21:00:00,3.7,951.3,4,159,80
2011-11-06 22:00:00,0.8,953,6,142,85
2011-11-06 23:00:00,3.1,955.4,10,103,85
2011-11-07 00:00:00,3.7,958.5,18,237,79
2011-11-07 01:00:00,4,952.5,22,222,57
2011-11-07 02:00:00,6.5,956.1,11,174,76
2011-11-07 03:00:00,6.5,952.6,5,288,72
2011-11-07 04:00:00,8.2,955.2,12,268,88
2011-11-07 05:00:00,5.1,951.3,14,272,55
2011-11-07 06:00:00,6.1,955,10,268,73
2011-11-07 07:00:00,7.3,954.7,10,250,79
2011-11-07 08:00:00,6.9,956.1,16,271,78
2011-11-07 09:00:00,3.5,955.8,11,244,77
2011-11-07 10:00:00,4.5,953.1,22,189,77
2011-11-07 11:00:00,3.5,955,7,143,75
2011-11-07 12:00:00,2.8,957.4,16,128,78
2011-11-07 13:00:00,1.1,949.7,17,91,79
2011-11-07 14:00:00,0.7,957.2,3,139,82
2011-11-07 15:00:00,0.3,952.3,14,64,73
2011-11-07 16:00:00,-1.3,951.6,10,83,72
2011-11-07 17:00:00,-2.2,953.2,4,93,67
2011-11-07 18:00:00,0.4,955,10,143,81
2011-11-07 19:00:00,1.5,952.3,7,141,76
2011-11-07 20:00:00,-1.3,950.1,7,101,85
2011-11-07 21:00:00,-1.3,951.2,18,121,80
2011-11-07 22:00:00,0.2,955.9,9,136,86
2011-11-07 23:00:00,1.4,955.4,15,148,71
2011-11-08 00:00:00,3.4,948.5,12,217,71
2011-11-08 01:00:00,2.9,956.2,14,230,88
2011-11-08 03:00:00,4.2,950.2,14,287,69
2011-11-08 04:00:00,6.6,957.7,11,271,81
2011-11-08 05:00:00,6.3,949.8,12,207,80
2011-11-08 06:00:00,6.9,955.8,18,272,82
2011-11-08 07:00:00,6.7,952.4,16,299,86
2011-11-08 08:00:00,6.3,952.8,9,228,73
2011-11-08 10:00:00,6.2,950.7,19,216,62
2011-11-08 11:00:00,2,954.2,10,180,86
2011-11-08 12:00:00,5.1,955.3,9,178,85
2011-11-08 13:00:00,3.5,954.9,15,131,77
2011-11-08 14:00:00,2,949.5,18,151,71
2011-11-08 15:00:00,1.1,954,21,111,84
2011-11-08 16:00:00,-0.6,950.5,14,101,77
2011-11-08 17:00:00,0.1,946.4,20,61,73
2011-11-08 18:00:00,-2.7,947.5,11,51,85
2011-11-08 19:00:00,-2.4,953.5,13,150,58
2011-11-08 20:00:00,0.6,950.8,7,65,75
2011-11-08 21:00:00,-1.2,950.6,16,105,78
2011-11-08 22:00:00,-1.4,951.2,16,178,88
2011-11-08 23:00:00,1.3,948.8,8,144,77
2011-11-09 00:00:00,3.9,959.1,15,160,85
2011-11-09 01:00:00,4.9,954.4,16,218,82
2011-11-09 02:00:00,5.6,958.4,5,276,78
2011-11-09 03:00:00,7.3,952.7,5,301,66
2011-11-09 04:00:00,6.8,952.8,5,268,67
2011-11-09 05:00:00,5,954.8,17,264,70
2011-11-09 06:00:00,5,951.9,9,265,77
2011-11-09 07:00:00,8.8,948.1,16,216,74
2011-11-09 08:00:00,5.5,960.9,7,194,77
2011-11-09 09:00:00,4.9,954.7,9,200,93
2011-11-09 10:00:00,3.9,950.1,8,266,69
2011-11-09 11:00:00,4.8,953,9,144,69
2011-11-09 12:00:00,1.7,948,13,169,87
2011-11-09 13:00:00,2,948.4,27,124,70
2011-11-09 14:00:00,0.3,956.3,22,123,96
2011-11-09 15:00:00,1.5,955.5,11,101,52
2011-11-09 16:00:00,-1.2,956.6,8,49,69
2011-11-09 17:00:00,-2.8,951.4,5,87,77
2011-11-09 18:00:00,-2.2,952.7,5,103,75
2011-11-09 19:00:00,-0.1,952.8,4,82,65
2011-11-09 20:00:00,-2,955.6,1,119,88
2011-11-09 21:00:00,-2.2,957.6,8,202,78
2011-11-09 22:00:00,-2,949.2,11,149,78
2011-11-09 23:00:00,2,958.8,9,205,81
2011-11-10 00:00:00,3.9,960.7,11,269,71
2011-11-10 01:00:00,3.2,956.8,11,209,86
2011-11-10 02:00:00,2.2,954.9,9,292,94
2011-11-10 03:00:00,4.8,953,17,255,72
2011-11-10 04:00:00,6.7,956.7,12,252,64
2011-11-10 05:00:00,7,953.3,17,231,78
2011-11-10 06:00:00,5.3,959,11,284,84
2011-11-10 07:00:00,3.7,952.6,27,267,76
2011-11-10 08:00:00,4.6,951.7,16,284,64
2011-11-10 09:00:00,4.8,954.4,16,240,81
2011-11-10 10:00:00,3.4,956.4,11,183,75
2011-11-10 11:00:00,1.2,948.1,18,171,75
2011-11-10 12:00:00,0.4,951.9,12,185,81
2011-11-10 13:00:00,1.9,952.4,13,139,76
2011-11-10 14:00:00,1.7,958.5,7,108,73
2011-11-10 15:00:00,2.1,949.9,10,5,86
2011-11-10 16:00:00,-2.7,955.2,12,65,73
2011-11-10 17:00:00,-1.4,953.2,10,128,74
2011-11-10 18:00:00,-2.3,953.3,13,86,89
2011-11-10 19:00:00,-2.3,956.8,13,47,75
2011-11-10 20:00:00,-1.3,953.5,13,146,85
2011-11-10 21:00:00,0.6,954.1,9,170,78
2011-11-10 22:00:00,1.1,951.2,15,198,69
2011-11-10 23:00:00,-1.5,950.1,12,189,83
2011-11-11 00:00:00,5.3,954.5,12,225,90
2011-11-11 01:00:00,4.7,950.5,22,201,71
2011-11-11 02:00:00,2.2,950.5,10,305,78
2011-11-11 03:00:00,4.4,956.2,15,280,78
2011-11-11 04:00:00,7.1,958.6,16,279,71
2011-11-11 05:00:00,4.9,956.7,4,302,62
2011-11-11 06:00:00,7.7,955.9,13,250,81
2011-11-11 07:00:00,5.7,954.6,2,281,76
2011-11-11 08:00:00,6,956,12,231,71
2011-11-11 09:00:00,4.1,952.8,10,178,66
2011-11-11 10:00:00,3.3,955.1,6,196,83
2011-11-11 11:00:00,3.3,955.2,15,193,73
2011-11-11 12:00:00,1.5,954.7,6,229,83
2011-11-11 13:00:00,2.8,955,13,150,77
2011-11-11 14:00:00,0.2,953.1,17,76,58
2011-11-11 15:00:00,-1.2,957.3,11,67,79
2011-11-11 16:00:00,0.6,954.8,14,90,68
2011-11-11 17:00:00,-1.6,955.9,8,175,77
2011-11-11 18:00:00,-2.7,957.8,10,43,77
2011-11-11 19:00:00,-1.5,953.2,6,129,65
2011-11-11 20:00:00,0,950.8,14,121,83
2011-11-11 21:00:00,-2.8,953.4,4,148,77
2011-11-11 22:00:00,0.1,955.8,12,148,80
2011-11-11 23:00:00,1.9,956.1,6,177,84
2011-11-12 00:00:00,2.6,955.1,16,236,81
2011-11-12 01:00:00,3.4,956.9,5,260,77
2011-11-12 03:00:00,6,955.7,10,276,75
2011-11-12 04:00:00,7.5,953.6,10,233,77
2011-11-12 05:00:00,6.3,955.2,18,268,82
2011-11-12 06:00:00,6.6,954.6,12,268,92
2011-11-12 07:00:00,6.3,952.2,8,239,76
2011-11-12 08:00:00,3.9,956.8,17,245,90
2011-11-12 09:00:00,3.8,945.2,18,227,72
2011-11-12 10:00:00,3.8,947.4,15,213,78
2011-11-12 12:00:00,3,953.9,8,176,85
2011-11-12 13:00:00,2.9,959,15,170,82
2011-11-12 14:00:00,0.1,954,22,104,66
2011-11-12 15:00:00,-4.3,952.7,9,109,75
2011-11-12 16:00:00,0.1,958.9,17,111,77
2011-11-12 17:00:00,-1.3,955,5,148,78
2011-11-12 18:00:00,-2.9,953.6,8,65,70
2011-11-12 19:00:00,-1.3,956.7,8,102,70
2011-11-12 20:00:00,-0.9,952.2,16,87,79
2011-11-12 21:00:00,0.9,954.9,15,94,69
2011-11-12 22:00:00,-2.1,958.7,10,162,75
2011-11-12 23:00:00,2.6,949.8,8,176,81
2011-11-13 00:00:00,-0.7,955,17,201,67
2011-11-13 01:00:00,2.9,953.3,14,140,92
2011-11-13 02:00:00,5.8,953.7,12,204,71
2011-11-13 03:00:00,4.6,957.2,10,296,94
2011-11-13 04:00:00,3.5,955.1,9,308,71
2011-11-13 05:00:00,4,955.7,14,264,76
2011-11-13 06:00:00,5.1,957.6,7,358,73
2011-11-13 07:00:00,7.2,951.9,15,244,77
2011-11-13 08:00:00,3.3,956.3,14,246,69
2011-11-13 09:00:00,5.3,956.3,19,246,75
2011-11-13 10:00:00,5.7,953.8,8,158,83
2011-11-13 11:00:00,2.3,956.7,8,153,74
2011-11-13 12:00:00,2.7,950.3,9,181,91
2011-11-13 13:00:00,0,953.7,14,69,77
2011-11-13 14:00:00,-3.7,953.1,11,98,84
2011-11-13 15:00:00,-1.4,956.3,19,96,78
2011-11-13 16:00:00,-1.4,953.4,18,82,78
2011-11-13 17:00:00,-0.6,950.3,13,109,56
2011-11-13 18:00:00,-1.4,954.8,16,120,77
2011-11-13 19:00:00,-2.5,954.4,20,86,64
2011-11-13 20:00:00,-2.9,952.7,4,119,90
2011-11-13 21:00:00,1.2,955.8,17,79,72
2011-11-13 22:00:00,-2.2,954.2,16,144,72
2011-11-13 23:00:00,0.9,956.1,5,185,66
2011-11-14 00:00:00,3.5,951.3,8,239,75
2011-11-14 01:00:00,1.5,953.3,16,204,75
2011-11-14 02:00:00,2.7,951.5,14,226,87
2011-11-14 03:00:00,2.4,951.1,11,210,66
2011-11-14 04:00:00,4.2,964.7,19,328,75
2011-11-14 05:00:00,4.1,952,2,243,83
2011-11-14 06:00:00,3.1,952.4,14,327,77
2011-11-14 07:00:00,5.4,954.2,15,273,82
2011-11-14 09:00:00,3,952.9,11,294,75
2011-11-14 10:00:00,3.9,959.7,9,216,92
2011-11-14 11:00:00,-1.3,959.4,18,164,84
2011-11-14 12:00:00,1.7,953.3,26,200,65
2011-11-14 13:00:00,-0.1,954.8,21,116,77
2011-11-14 14:00:00,-0.6,955.2,18,121,80
2011-11-14 15:00:00,1.4,956.8,16,91,77
2011-11-14 16:00:00,-1.6,959.2,8,113,81
2011-11-14 17:00:00,-3.3,952.9,19,50,88
2011-11-14 18:00:00,-1,951.6,17,74,83
2011-11-14 19:00:00,0.2,955.6,1,92,77
2011-11-14 20:00:00,-2.9,960.8,13,145,75
2011-11-14 21:00:00,-2.4,957.8,16,166,84
2011-11-14 22:00:00,1.7,956.8,19,149,66
2011-11-14 23:00:00,3.3,956.1,16,209,94
2011-11-15 00:00:00,1.3,957.9,11,220,74
2011-11-15 02:00:00,4.4,959.7,11,276,88
2011-11-15 03:00:00,3.1,956.9,26,268,86
2011-11-15 04:00:00,7.3,957.5,14,290,90
2011-11-15 05:00:00,6.1,957.8,24,269,75
2011-11-15 06:00:00,7.1,954.2,24,292,87
2011-11-15 07:00:00,3.6,956.5,19,262,68
2011-11-15 08:00:00,4.4,956.3,9,254,87
2011-11-15 09:00:00,7.3,956.9,12,263,95
2011-11-15 10:00:00,4.7,957.5,18,203,73
2011-11-15 11:00:00,1.6,953,14,201,62
2011-11-15 12:00:00,1.9,955.1,6,126,77
2011-11-15 13:00:00,-0.2,953.6,16,89,77
2011-11-15 14:00:00,0.9,954.1,13,122,94
2011-11-15 15:00:00,-0.2,955.9,2,114,80
2011-11-15 16:00:00,-6.3,952.2,8,128,71
2011-11-15 17:00:00,-3,952.8,12,76,87
2011-11-15 18:00:00,-1.9,953.2,10,57,78
2011-11-15 19:00:00,-1.8,955.6,19,60,70
2011-11-15 20:00:00,-3.7,958.5,18,135,75
2011-11-15 21:00:00,-0.4,951,14,205,86
2011-11-15 22:00:00,-1.9,954.4,20,140,77
2011-11-15 23:00:00,-0.9,959.9,11,200,81
2011-11-16 00:00:00,2.3,953.9,14,229,70
2011-11-16 01:00:00,0.8,946.8,13,231,80
2011-11-16 02:00:00,4.5,958.5,10,249,75
2011-11-16 03:00:00,3.2,954.2,8,281,79
2011-11-16 04:00:00,4.6,954.3,9,294,79
2011-11-16 05:00:00,6.9,956.6,20,261,71
2011-11-16 06:00:00,6.8,960.1,7,255,85
2011-11-16 07:00:00,3.4,954.7,18,213,80
2011-11-16 08:00:00,7.2,957,6,244,76
2011-11-16 09:00:00,5.1,957.8,13,218,76
2011-11-16 10:00:00,3.5,954.3,4,153,92
2011-11-16 11:00:00,3.4,957.2,18,175,69
2011-11-16 12:00:00,3.7,954.8,18,131,73
2011-11-16 13:00:00,-1.8,953.8,8,98,84
2011-11-16 14:00:00,1.1,954.8,15,61,93
2011-11-16 15:00:00,-1.4,958.3,10,111,83
2011-11-16 16:00:00,-0.6,956.1,15,104,79
2011-11-16 17:00:00,-1.4,949.9,8,89,80
2011-11-16 18:00:00,-0.5,956.5,16,72,66
2011-11-16 19:00:00,-2.7,959.3,16,93,74
2011-11-16 20:00:00,-1,956.1,9,110,78
2011-11-16 21:00:00,-2.8,955.9,8,177,85
2011-11-16 22:00:00,-0.9,952.8,11,196,65
2011-11-16 23:00:00,3.5,959.4,11,166,82
2011-11-17 00:00:00,3.2,957.9,17,164,85
2011-11-17 01:00:00,2.2,956.8,18,273,70
2011-11-17 02:00:00,2.4,957.7,14,253,74
2011-11-17 03:00:00,3.1,951.6,14,255,75
2011-11-17 04:00:00,5.1,958.5,18,242,82
2011-11-17 05:00:00,3.1,957.2,8,296,81
2011-11-17 06:00:00,4.5,953.4,18,246,63
2011-11-17 08:00:00,6.5,952.5,11,225,91
2011-11-17 09:00:00,1.5,952.6,6,238,82
2011-11-17 10:00:00,2.6,954,19,175,76
2011-11-17 11:00:00,0.9,948.1,16,135,81
2011-11-17 12:00:00,1.7,962.9,13,145,75
2011-11-17 13:00:00,1.1,959.8,19,146,73
2011-11-17 14:00:00,0.3,958.3,16,126,77
2011-11-17 15:00:00,-1.9,955,17,154,83
2011-11-17 16:00:00,-5.6,959.8,18,107,77
2011-11-17 17:00:00,-4.9,952.7,15,69,78
2011-11-17 18:00:00,-3.5,960.1,19,79,66
2011-11-17 19:00:00,-3.6,958.6,16,108,74
2011-11-17 20:00:00,-1.8,961.6,5,97,80
2011-11-17 21:00:00,-1.7,950,10,167,65
2011-11-17 22:00:00,0.8,956.1,20,152,90
2011-11-17 23:00:00,2,954.8,19,226,80
2011-11-18 00:00:00,2.2,958.1,18,236,81
2011-11-18 01:00:00,-0.2,956,8,227,89
2011-11-18 02:00:00,5.3,955.3,8,250,97
2011-11-18 03:00:00,2.5,953.6,16,258,79
2011-11-18 04:00:00,4.6,954.7,13,291,87
2011-11-18 05:00:00,3.8,953.1,13,213,82
2011-11-18 06:00:00,5.5,956.8,21,334,68
2011-11-18 07:00:00,7.2,956.3,16,249,82
2011-11-18 08:00:00,2.4,951.4,17,288,72
2011-11-18 09:00:00,4.6,957.9,16,289,84
2011-11-18 11:00:00,0.5,957,7,139,74
2011-11-18 12:00:00,-0.1,956,14,126,84
2011-11-18 13:00:00,0.7,963.5,9,97,81
2011-11-18 14:00:00,-0.7,952.6,17,26,84
2011-11-18 15:00:00,-2.1,956,10,79,71
2011-11-18 16:00:00,-1.7,952.7,7,84,75
2011-11-18 17:00:00,-1.5,954.8,17,159,86
2011-11-18 18:00:00,-3,957.6,18,130,79
2011-11-18 20:00:00,-4.4,954.3,8,95,80
2011-11-18 21:00:00,-1.2,949.1,14,145,81
2011-11-18 22:00:00,-1.3,957.7,18,138,81
2011-11-18 23:00:00,-0.8,957.5,17,135,91
2011-11-19 00:00:00,1.3,954.4,16,216,79
2011-11-19 01:00:00,4,956.5,23,253,60
2011-11-19 02:00:00,2.4,961.9,13,270,94
2011-11-19 03:00:00,2.1,956.3,11,283,74
2011-11-19 04:00:00,5,961.4,14,295,64
2011-11-19 05:00:00,4.7,957.2,16,326,69
2011-11-19 06:00:00,8.6,960,19,216,91
2011-11-19 07:00:00,6.2,953.1,16,279,75
2011-11-19 08:00:00,3.4,955.9,23,209,77
2011-11-19 09:00:00,4,959.8,23,215,71
2011-11-19 10:00:00,2.9,948,8,175,88
2011-11-19 11:00:00,3.8,957.8,13,227,66
2011-11-19 12:00:00,2.3,956.7,18,141,71
2011-11-19 13:00:00,-0.9,961.7,11,117,82
2011-11-19 14:00:00,-1.3,954.3,11,123,84
2011-11-19 15:00:00,-3.4,960.4,15,98,97
2011-11-19 16:00:00,-2.3,954.4,9,63,69
2011-11-19 17:00:00,-2,957.4,23,40,68
2011-11-19 18:00:00,-3.8,957.5,24,109,72
2011-11-19 19:00:00,-3,956.6,17,143,89
2011-11-19 20:00:00,-3.4,959.6,14,118,79
2011-11-19 21:00:00,-4.3,954.5,18,150,81
2011-11-19 22:00:00,-3.3,956.4,11,189,75
2011-11-19 23:00:00,0.4,956.8,19,181,80
2011-11-20 00:00:00,3,957.1,14,224,86
2011-11-20 01:00:00,2.9,953.2,16,242,73
2011-11-20 02:00:00,2.1,954.7,16,236,76
2011-11-20 03:00:00,4.2,955.4,20,311,72
2011-11-20 04:00:00,4.1,956.2,19,235,89
2011-11-20 05:00:00,4.9,958.7,5,211,70
2011-11-20 06:00:00,5.9,958.3,5,232,88
2011-11-20 07:00:00,3.7,956.2,25,274,70
2011-11-20 08:00:00,2.9,951.8,8,242,77
2011-11-20 09:00:00,1.1,951.9,12,238,74
2011-11-20 10:00:00,5.3,958.4,18,224,70
2011-11-20 11:00:00,1.2,964.4,16,148,64
2011-11-20 12:00:00,1.9,957.9,19,176,84
2011-11-20 13:00:00,-1.9,955.5,10,114,80
2011-11-20 14:00:00,-1.4,949.2,15,176,81
2011-11-20 15:00:00,0.4,955.3,7,51,68
2011-11-20 16:00:00,-2.8,957.7,17,104,81
2011-11-20 17:00:00,-2,954.7,6,61,99
2011-11-20 18:00:00,-2.1,954.9,16,161,81
2011-11-20 19:00:00,-1.8,953.5,14,135,92
2011-11-20 20:00:00,-3.7,958,21,74,67
2011-11-20 21:00:00,-4.1,956.7,17,137,61
2011-11-20 22:00:00,-2.3,959,13,180,98
2011-11-20 23:00:00,0.3,956.3,14,188,75
2011-11-21 00:00:00,0.3,955,12,249,71
2011-11-21 01:00:00,-0.5,960.7,21,209,78
2011-11-21 02:00:00,1.5,960.5,13,248,84
2011-11-21 03:00:00,4.4,961.9,9,218,80
2011-11-21 04:00:00,5.2,958.2,13,226,78
2011-11-21 05:00:00,5.6,960.2,16,260,66
2011-11-21 06:00:00,5,962,6,301,82
2011-11-21 07:00:00,4.7,955.7,14,284,87
2011-11-21 08:00:00,2.2,958.1,26,255,77
2011-11-21 09:00:00,4,960.7,15,201,82
2011-11-21 10:00:00,-0.1,957.7,14,191,92
2011-11-21 11:00:00,2.8,958.6,19,156,89
2011-11-21 12:00:00,0.5,955,9,171,72
2011-11-21 13:00:00,-0.9,957.9,12,103,57
2011-11-21 14:00:00,2,950.8,20,164,88
2011-11-21 15:00:00,-2.2,953.9,22,56,68
2011-11-21 16:00:00,-2.9,955.7,10,49,65
2011-11-21 17:00:00,-3.1,959,2,54,90
2011-11-21 18:00:00,-3.6,962.2,16,85,72
2011-11-21 19:00:00,-4.3,956.2,22,85,78
2011-11-21 20:00:00,-0.4,954.2,10,91,71
2011-11-21 21:00:00,-1.3,960.2,8,165,77
2011-11-21 22:00:00,-1.3,958.9,18,210,79
2011-11-21 23:00:00,-0.7,954,19,168,95
2011-11-22 00:00:00,1.2,956,10,280,80
2011-11-22 01:00:00,2.6,960.5,9,214,78
2011-11-22 02:00:00,2.2,958.9,8,250,81
2011-11-22 03:00:00,2.3,956.9,11,244,87
2011-11-22 04:00:00,2.5,958.5,12,268,90
2011-11-22 05:00:00,5.6,957.4,13,269,71
2011-11-22 06:00:00,5.3,952.2,14,276,93
2011-11-22 07:00:00,3.5,960.3,7,281,82
2011-11-22 08:00:00,6,954.2,14,256,89
2011-11-22 09:00:00,3.7,958.4,24,223,66
2011-11-22 10:00:00,2.3,958.1,0,241,82
2011-11-22 11:00:00,0.3,957.7,14,186,92
2011-11-22 12:00:00,0.2,957.5,23,133,63
2011-11-22 13:00:00,1.4,957,11,139,84
2011-11-22 14:00:00,-3.6,962.5,15,105,92
2011-11-22 15:00:00,-1.3,953.2,8,98,70
2011-11-22 16:00:00,-4.5,953.9,14,70,87
2011-11-22 17:00:00,-3.5,958.4,15,99,74
2011-11-22 18:00:00,-6.6,957,6,113,75
2011-11-22 19:00:00,-3.4,961.3,10,85,82
2011-11-22 20:00:00,-2.4,954,4,99,100
2011-11-22 21:00:00,-4.5,957.2,10,89,80
2011-11-22 22:00:00,-3.3,957,18,156,81
2011-11-22 23:00:00,-2.8,954.1,16,212,91
2011-11-23 00:00:00,-3.4,959.9,8,190,66
2011-11-23 01:00:00,0.2,954.5,11,232,81
2011-11-23 02:00:00,2,953.4,15,240,70
2011-11-23 03:00:00,5.1,954,12,279,93
2011-11-23 04:00:00,3.3,962,12,270,87
2011-11-23 05:00:00,2.8,963.2,14,262,64
2011-11-23 06:00:00,6.2,950.8,13,266,87
2011-11-23 07:00:00,4.9,962.5,21,261,82
2011-11-23 08:00:00,5.5,956.2,11,213,82
2011-11-23 09:00:00,3.2,954.5,23,251,80
2011-11-23 10:00:00,2.2,962.9,17,225,86
2011-11-23 11:00:00,1.4,953.8,12,161,75
2011-11-23 12:00:00,-0.2,958.1,14,235,88
2011-11-23 13:00:00,0.3,960.1,7,122,89
2011-11-23 14:00:00,-2.9,956,10,150,99
2011-11-23 15:00:00,-2.1,958.5,3,119,86
2011-11-23 16:00:00,-3.5,955.1,11,22,78
2011-11-23 17:00:00,-6.1,956.4,18,77,72
2011-11-23 18:00:00,-2.9,956,5,106,90
2011-11-23 19:00:00,-4.1,957.8,21,148,81
2011-11-23 20:00:00,-3.4,958.5,9,103,82
2011-11-23 21:00:00,0,963.4,33,162,55
2011-11-23 22:00:00,-1.4,959.3,11,105,87
2011-11-23 23:00:00,-3,957.5,13,194,74
2011-11-24 00:00:00,-0.4,959.5,9,149,83
2011-11-24 01:00:00,4.6,960.3,11,230,77
2011-11-24 02:00:00,2.1,952.7,15,278,81
2011-11-24 03:00:00,3,959.3,7,194,87
2011-11-24 04:00:00,5.6,955.6,15,326,77
2011-11-24 05:00:00,3.3,960.3,11,250,83
2011-11-24 06:00:00,4.6,959.9,18,244,74
2011-11-24 07:00:00,5.6,954.9,12,219,72
2011-11-24 08:00:00,3.8,957.3,23,184,75
2011-11-24 09:00:00,0,958,6,242,80
2011-11-24 10:00:00,2.6,958.5,4,226,74
2011-11-24 11:00:00,0.4,957.9,14,203,84
2011-11-24 12:00:00,-0.2,952.1,11,123,78
2011-11-24 13:00:00,-1.5,959.1,12,102,68
2011-11-24 14:00:00,-1.3,959.3,17,110,83
2011-11-24 15:00:00,-0.3,956.4,20,127,74
2011-11-24 16:00:00,-3.3,955.8,15,43,84
2011-11-24 17:00:00,-2.5,959.1,13,60,77
2011-11-24 18:00:00,-2.5,956.2,18,129,76
2011-11-24 19:00:00,-4.4,960.2,18,50,84
2011-11-24 20:00:00,-3.8,956,3,98,93
2011-11-24 21:00:00,0.8,960.9,21,132,71
2011-11-24 22:00:00,-0.4,957.4,7,118,68
2011-11-24 23:00:00,-0.6,958.6,17,160,89
2011-11-25 00:00:00,-2.2,961.9,15,205,92
2011-11-25 01:00:00,0.7,956.7,28,279,88
2011-11-25 02:00:00,4.4,957.1,13,257,63
2011-11-25 03:00:00,4.5,956,17,299,66
2011-11-25 04:00:00,3.7,951.9,14,265,74
2011-11-25 05:00:00,4.2,957.4,19,273,68
2011-11-25 06:00:00,1.5,953.3,22,292,81
2011-11-25 07:00:00,4,960.5,13,233,60
2011-11-25 08:00:00,5.5,957.7,17,281,88
2011-11-25 09:00:00,4.4,960.9,13,209,85
2011-11-25 10:00:00,3.6,957.7,19,243,79
2011-11-25 11:00:00,2.3,957.2,25,166,82
2011-11-25 12:00:00,1,959.3,17,158,87
2011-11-25 14:00:00,-1.8,962.4,22,112,88
2011-11-25 15:00:00,-6.7,960,14,105,69
2011-11-25 16:00:00,-4.7,959.5,10,104,64
2011-11-25 18:00:00,-2.2,960.1,16,122,76
2011-11-25 19:00:00,-4.6,957,22,84,74
2011-11-25 20:00:00,-3.7,957.8,6,120,72
2011-11-25 21:00:00,-0.4,962.5,10,149,81
2011-11-25 22:00:00,-2.7,958.6,16,183,78
2011-11-25 23:00:00,0,958.3,21,160,85
2011-11-26 00:00:00,-0.8,961.9,7,216,79
2011-11-26 01:00:00,0.4,960,17,192,83
2011-11-26 02:00:00,1.8,954.6,13,266,76
2011-11-26 03:00:00,1.7,960,21,238,85
2011-11-26 04:00:00,2.7,958.1,17,269,69
2011-11-26 05:00:00,3.4,957.8,15,248,82
2011-11-26 06:00:00,6.1,959.5,21,334,78
2011-11-26 07:00:00,3,958.2,10,321,74
2011-11-26 08:00:00,2.3,956.2,11,211,75
2011-11-26 09:00:00,4.6,955.9,12,219,83
2011-11-26 10:00:00,1.4,961.3,14,135,71
2011-11-26 11:00:00,2.2,960.7,15,166,80
2011-11-26 12:00:00,-1.5,961.6,15,149,77
2011-11-26 13:00:00,-2.3,954.3,17,121,79
2011-11-26 14:00:00,-0.6,960.1,16,147,81
2011-11-26 15:00:00,-4.5,959.8,14,54,78
2011-11-26 16:00:00,-2,958.9,8,88,79
2011-11-26 17:00:00,-4,955.3,17,80,76
2011-11-26 18:00:00,-2.8,960.7,12,120,85
2011-11-26 19:00:00,-1.8,962.3,6,71,74
2011-11-26 20:00:00,-6.5,962.6,20,129,83
2011-11-26 21:00:00,-2,962.2,21,139,71
2011-11-26 22:00:00,-3.4,962.3,22,150,77
2011-11-26 23:00:00,0,956.7,14,138,91
2011-11-27 00:00:00,-0.7,957.3,21,158,76
2011-11-27 01:00:00,-0.8,957.7,18,233,84
2011-11-27 02:00:00,1.6,954,11,242,86
2011-11-27 03:00:00,2.2,958.8,11,246,80
2011-11-27 04:00:00,3.2,960.2,17,258,84
2011-11-27 05:00:00,3.8,957.4,17,289,95
2011-11-27 06:00:00,2.9,957.2,24,247,72
2011-11-27 07:00:00,3.9,955.6,17,262,66
2011-11-27 08:00:00,0.6,955,12,257,82
2011-11-27 09:00:00,3.1,957.6,11,237,68
2011-11-27 10:00:00,2.3,954.7,16,215,97
2011-11-27 11:00:00,0.7,955.1,12,144,92
2011-11-27 12:00:00,-0.3,956.2,10,162,83
2011-11-27 13:00:00,-0.4,962.7,13,155,80
2011-11-27 14:00:00,-3.3,959.3,0,133,57
2011-11-27 15:00:00,-1.1,961.4,19,87,80
2011-11-27 16:00:00,-5.6,962.5,22,126,76
2011-11-27 17:00:00,-5.7,958.8,11,79,82
2011-11-27 18:00:00,-4.3,958.5,7,125,85
2011-11-27 19:00:00,-3.3,964.4,17,116,83
2011-11-27 20:00:00,-4.9,958.3,22,77,76
2011-11-27 21:00:00,-3.4,959.1,12,118,76
2011-11-27 22:00:00,-1.3,951.9,10,241,93
2011-11-27 23:00:00,0.7,957.2,8,183,78
2011-11-28 00:00:00,-0.3,961,16,168,81
2011-11-28 01:00:00,-0.7,960.7,19,241,72
2011-11-28 02:00:00,1.4,954,11,329,80
2011-11-28 03:00:00,2.7,959.7,10,289,71
2011-11-28 04:00:00,3.2,957.4,26,277,82
2011-11-28 05:00:00,4,963,16,285,71
2011-11-28 06:00:00,3.7,957,16,220,88
2011-11-28 07:00:00,0.8,958.5,16,285,81
2011-11-28 08:00:00,4.8,957.7,16,270,89
2011-11-28 09:00:00,2.4,959.6,9,213,70
2011-11-28 10:00:00,-0.2,954.8,16,226,88
2011-11-28 11:00:00,0.4,955.3,7,127,74
2011-11-28 12:00:00,-2.6,960,13,156,76
2011-11-28 13:00:00,-1.5,955.8,12,87,80
2011-11-28 14:00:00,-2.5,960.5,16,133,72
2011-11-28 15:00:00,-3.9,960.8,15,80,79
2011-11-28 16:00:00,-2.7,963.8,14,89,89
2011-11-28 17:00:00,-1.3,954.8,22,77,84
2011-11-28 18:00:00,-2.6,959.7,21,68,88
2011-11-28 19:00:00,-3.4,959.7,11,78,81
2011-11-28 20:00:00,-1.7,959.4,13,98,71
2011-11-28 21:00:00,-4.4,956.9,4,125,92
2011-11-28 22:00:00,0.2,959.9,13,167,78
2011-11-28 23:00:00,-1.9,959.9,22,185,87
2011-11-29 00:00:00,-0.8,958.6,21,193,82
2011-11-29 01:00:00,2.6,956.3,19,237,78
2011-11-29 02:00:00,3.5,963.3,6,310,85
2011-11-29 03:00:00,3.6,959.6,17,271,73
2011-11-29 04:00:00,4.1,953.2,26,258,84
2011-11-29 05:00:00,3.6,957.7,19,275,73
2011-11-29 06:00:00,3.3,958.6,17,260,72
2011-11-29 07:00:00,1.7,960.4,13,246,66
2011-11-29 08:00:00,7.1,957.8,18,235,81
2011-11-29 09:00:00,2.6,960.8,24,170,83
2011-11-29 10:00:00,-1,961.6,26,191,67
2011-11-29 11:00:00,-0.7,958.4,11,175,80
2011-11-29 12:00:00,-4.8,957.7,18,175,82
2011-11-29 13:00:00,-1.8,955.4,8,101,96
2011-11-29 14:00:00,-1.8,960.2,15,108,73
2011-11-29 15:00:00,-6.1,958.9,11,112,76
2011-11-29 16:00:00,-3.2,956.4,10,135,79
2011-11-29 17:00:00,-4.4,965,9,27,85
2011-11-29 18:00:00,-4,960.8,6,63,87
2011-11-29 19:00:00,-3.1,953.3,9,57,78
2011-11-29 20:00:00,-0.9,961.7,21,81,69
2011-11-29 21:00:00,-3.5,958.1,17,97,74
2011-11-29 22:00:00,-3,958.3,16,190,82
2011-11-29 23:00:00,-0.3,961.8,14,194,81
2011-11-30 00:00:00,0.2,961.7,15,165,77
2011-11-30 01:00:00,4.3,956.9,11,191,87
2011-11-30 02:00:00,2.1,957.9,13,216,77
2011-11-30 03:00:00,1.6,958.2,24,251,79
2011-11-30 04:00:00,3.1,961.6,17,345,86
2011-11-30 05:00:00,5.5,963,18,285,91
2011-11-30 06:00:00,4.4,960.8,16,240,71
2011-11-30 07:00:00,5.8,957.7,18,238,94
2011-11-30 08:00:00,2.2,958.7,21,205,79
2011-11-30 09:00:00,3.9,958.3,20,257,82
2011-11-30 10:00:00,2.1,963,21,176,77
2011-11-30 11:00:00,-2,963.4,18,204,72
2011-11-30 12:00:00,1,957.4,7,202,75
2011-11-30 13:00:00,-2.6,960.7,15,141,98
2011-11-30 14:00:00,-0.1,958.3,18,70,72
2011-11-30 15:00:00,-2.9,961.3,14,81,88
2011-11-30 16:00:00,-2.3,960.6,14,108,87
2011-11-30 17:00:00,-6.2,960,9,109,71
2011-11-30 18:00:00,-5.7,957.2,18,94,78
2011-11-30 19:00:00,-4.1,959.6,13,114,86
2011-11-30 20:00:00,-6.9,962.1,11,118,75
2011-11-30 21:00:00,-3,956.2,21,130,79
2011-11-30 22:00:00,-4.5,959.3,15,100,72
2011-11-30 23:00:00,-0.7,964.6,16,121,82
2011-12-01 00:00:00,1.7,958.8,23,214,73
2011-12-01 01:00:00,2.5,960.4,21,226,85
2011-12-01 02:00:00,3.4,960.8,17,226,73
2011-12-01 03:00:00,3,953.1,17,247,89
2011-12-01 04:00:00,4.1,959,11,245,84
2011-12-01 05:00:00,3,951,22,262,70
2011-12-01 06:00:00,2.8,952,12,318,87
2011-12-01 07:00:00,2.6,963.3,20,235,64
2011-12-01 08:00:00,5.5,960.3,11,237,81
2011-12-01 09:00:00,3.2,961.7,9,217,62
2011-12-01 10:00:00,1.8,959.5,18,232,81
2011-12-01 11:00:00,-1.2,963.1,13,185,84
2011-12-01 12:00:00,0.2,959.2,24,136,84
2011-12-01 13:00:00,-1.5,959.8,18,75,77
2011-12-01 14:00:00,-0.6,964,13,124,85
2011-12-01 15:00:00,-1.7,956.6,19,123,82
2011-12-01 16:00:00,-1.1,960.7,12,132,87
2011-12-01 17:00:00,-4.6,960.3,16,85,64
2011-12-01 18:00:00,-4.6,951.2,15,42,87
2011-12-01 19:00:00,-4.1,958.9,20,142,68
2011-12-01 20:00:00,-2.4,961.8,10,138,72
2011-12-01 21:00:00,-2.2,956.8,16,128,77
2011-12-01 22:00:00,-3.1,956,17,166,89
2011-12-01 23:00:00,-1.1,963.5,16,206,79
2011-12-02 00:00:00,1.6,956,20,224,65
2011-12-02 01:00:00,0.9,959.1,11,200,83
2011-12-02 02:00:00,1.7,964.8,18,280,90
2011-12-02 03:00:00,2,962,16,314,75
2011-12-02 04:00:00,2.5,962,11,243,70
2011-12-02 05:00:00,2,958.9,20,295,73
2011-12-02 06:00:00,4.8,958,18,262,81
2011-12-02 07:00:00,3.9,956,8,239,88
2011-12-02 08:00:00,1.6,963.5,12,209,71
2011-12-02 09:00:00,3.2,962.8,8,230,79
2011-12-02 10:00:00,0.7,962.9,15,217,81
2011-12-02 11:00:00,-1.6,960,13,208,84
2011-12-02 12:00:00,-0.1,963.5,8,188,76
2011-12-02 13:00:00,-3.6,963,20,140,68
2011-12-02 14:00:00,-1.8,961.5,21,129,82
2011-12-02 15:00:00,-0.5,959.7,6,99,84
2011-12-02 16:00:00,-3.4,957.9,21,74,90
2011-12-02 17:00:00,-5.7,960.6,19,54,76
2011-12-02 18:00:00,-3.3,958.2,12,77,73
2011-12-02 19:00:00,-0.3,962.4,11,81,91
2011-12-02 20:00:00,-5.2,960.5,14,77,87
2011-12-02 21:00:00,-2.1,956.2,7,140,76
2011-12-02 22:00:00,-2,963.5,9,175,83
2011-12-02 23:00:00,-2.1,962.9,14,185,79
2011-12-03 00:00:00,-1.8,962.9,26,211,81
2011-12-03 01:00:00,1.6,960.2,16,298,88
2011-12-03 02:00:00,-1.1,964.8,17,228,71
2011-12-03 03:00:00,0.5,964.1,13,199,70
2011-12-03 04:00:00,1,962.8,15,241,86
2011-12-03 05:00:00,3.4,961.9,21,246,86
2011-12-03 06:00:00,4.6,961.4,10,295,86
2011-12-03 07:00:00,1.8,960,17,270,81
2011-12-03 08:00:00,1.2,966.7,11,311,64
2011-12-03 09:00:00,0.1,959.3,12,285,76
2011-12-03 10:00:00,-0.4,956.6,20,194,70
2011-12-03 11:00:00,3.9,958.5,21,166,75
2011-12-03 12:00:00,1.1,957.8,11,140,82
2011-12-03 13:00:00,0.2,966.6,16,167,82
2011-12-03 14:00:00,-0.1,962,13,110,70
2011-12-03 15:00:00,0,961.1,20,74,81
2011-12-03 16:00:00,-3.6,963.5,22,118,74
2011-12-03 17:00:00,-6.8,958.4,15,138,80
2011-12-03 18:00:00,-4.6,960.4,22,143,84
2011-12-03 19:00:00,-6,959.5,16,108,92
2011-12-03 20:00:00,-4.6,956,17,110,66
2011-12-03 21:00:00,-4.4,959,15,197,62
2011-12-03 22:00:00,-2.8,963.6,9,120,82
2011-12-03 23:00:00,-2.8,957.3,24,140,79
2011-12-04 00:00:00,-1.1,964.1,12,210,95
2011-12-04 01:00:00,-0.1,962.5,19,237,67
2011-12-04 02:00:00,-0.1,962,12,202,74
2011-12-04 03:00:00,2.7,961.3,20,283,81
2011-12-04 04:00:00,2,962.8,10,280,66
2011-12-04 05:00:00,5.4,957.6,11,312,76
2011-12-04 06:00:00,5.6,958.7,18,214,86
2011-12-04 07:00:00,2.5,958.5,11,217,73
2011-12-04 08:00:00,2.6,956.7,21,295,74
2011-12-04 09:00:00,5.9,960.2,8,253,88
2011-12-04 10:00:00,3.4,960.6,21,199,78
2011-12-04 11:00:00,1.3,957,18,166,93
2011-12-04 12:00:00,1.9,960.3,23,135,63
2011-12-04 13:00:00,-1.4,954.2,10,151,91
2011-12-04 14:00:00,-4.4,961.4,14,132,83
2011-12-04 15:00:00,-6.3,959.7,17,112,88
2011-12-04 16:00:00,-6.5,954.5,14,81,67
2011-12-04 17:00:00,-5.6,954.4,16,73,83
2011-12-04 18:00:00,-4.5,963.5,19,79,75
2011-12-04 19:00:00,-2.9,964.1,20,100,70
2011-12-04 20:00:00,-0.1,957,13,159,79
2011-12-04 21:00:00,-0.9,964.8,16,84,75
2011-12-04 22:00:00,-2.4,961.9,17,156,78
2011-12-04 23:00:00,-5.2,959.5,18,209,76
2011-12-05 00:00:00,0,955.2,18,229,60
2011-12-05 01:00:00,2,961.1,15,201,92
2011-12-05 02:00:00,0.3,960,15,205,68
2011-12-05 03:00:00,1.8,964.5,13,296,83
2011-12-05 04:00:00,1.7,954,14,259,82
2011-12-05 05:00:00,4.4,961.4,14,228,85
2011-12-05 06:00:00,3.1,958.5,12,260,82
2011-12-05 07:00:00,3,962.8,6,244,78
2011-12-05 08:00:00,2.3,958.6,16,211,82
2011-12-05 09:00:00,3.5,953.4,17,232,82
2011-12-05 10:00:00,2.6,964,24,182,71
2011-12-05 11:00:00,2,961.1,9,189,90
2011-12-05 12:00:00,-1.6,959.8,14,127,64
2011-12-05 13:00:00,-1,956.7,17,83,85
2011-12-05 14:00:00,-3.8,963.3,8,146,92
2011-12-05 15:00:00,-6,956.6,20,132,66
2011-12-05 16:00:00,-2.5,956.5,18,68,74
2011-12-05 18:00:00,-5.4,959.1,7,45,77
2011-12-05 19:00:00,-5.3,963.1,15,150,74
2011-12-05 20:00:00,-5,957,10,178,81
2011-12-05 21:00:00,-4.5,959.1,16,135,73
2011-12-05 22:00:00,-2.5,962.6,16,155,80
2011-12-05 23:00:00,-2.7,959.9,23,146,71
2011-12-06 00:00:00,-0.4,957.8,22,160,83
2011-12-06 01:00:00,-0.3,962.1,8,237,80
2011-12-06 02:00:00,2.7,960.8,17,261,73
2011-12-06 03:00:00,-0.4,961,14,327,90
2011-12-06 04:00:00,3.5,964.1,8,250,79
2011-12-06 06:00:00,0.6,961.5,7,312,86
2011-12-06 07:00:00,1.9,961.5,24,229,84
2011-12-06 08:00:00,0.4,963.6,19,243,96
2011-12-06 09:00:00,-0.3,955.8,5,216,80
2011-12-06 10:00:00,1.7,962.4,19,269,73
2011-12-06 11:00:00,-0.7,959,15,117,73
2011-12-06 12:00:00,-1,960.6,10,122,77
2011-12-06 13:00:00,-1,962.1,24,115,91
2011-12-06 14:00:00,-0.7,958.1,15,74,84
2011-12-06 15:00:00,-3,958.8,19,65,76
2011-12-06 16:00:00,-2.8,958.7,12,94,94
2011-12-06 17:00:00,-4,964.4,12,79,90
2011-12-06 18:00:00,-3.8,960.2,15,76,63
2011-12-06 19:00:00,-5.1,960,21,74,76
2011-12-06 20:00:00,-3.1,960.3,13,107,81
2011-12-06 22:00:00,-1.6,960,6,132,81
2011-12-06 23:00:00,-3.4,964.3,15,202,62
2011-12-07 00:00:00,1.1,958,25,156,68
2011-12-07 01:00:00,1.3,963.2,18,252,78
2011-12-07 02:00:00,0.3,958.3,11,246,80
2011-12-07 03:00:00,0.5,961.5,21,324,80
2011-12-07 04:00:00,0.1,961.5,14,311,77
2011-12-07 05:00:00,4.1,968.4,16,248,88
2011-12-07 06:00:00,4.1,962.8,9,295,93
2011-12-07 07:00:00,0.5,957.9,19,251,75
2011-12-07 09:00:00,1.6,965.4,15,202,90
2011-12-07 10:00:00,4,962.2,11,228,87
2011-12-07 11:00:00,-2,963.7,14,154,77
2011-12-07 12:00:00,0.1,960.2,14,144,76
2011-12-07 13:00:00,-1.7,957.1,16,137,87
2011-12-07 14:00:00,-4,960.8,17,151,72
2011-12-07 15:00:00,-2.3,956.8,16,42,80
2011-12-07 16:00:00,-4.4,961,24,99,89
2011-12-07 17:00:00,-6,958.5,20,73,77
2011-12-07 18:00:00,-5.3,960,16,98,93
2011-12-07 19:00:00,-3.4,959,16,64,79
2011-12-07 20:00:00,-4.9,967.5,16,113,94
2011-12-07 21:00:00,-1.8,953.6,14,146,73
2011-12-07 22:00:00,-0.1,962,19,161,73
2011-12-07 23:00:00,-2.1,962.2,12,205,68
2011-12-08 00:00:00,-0.2,958.9,8,185,82
2011-12-08 01:00:00,-1.6,959.4,13,260,75
2011-12-08 02:00:00,2.6,961.6,13,236,75
2011-12-08 03:00:00,1.4,963.6,17,260,87
2011-12-08 04:00:00,5,961.4,7,331,93
2011-12-08 05:00:00,0.5,962.8,24,316,80
2011-12-08 06:00:00,2,959.3,21,310,75
2011-12-08 07:00:00,1.7,961.8,24,244,92
2011-12-08 08:00:00,2.9,962.6,17,294,82
2011-12-08 09:00:00,1.9,962.8,18,198,75
2011-12-08 10:00:00,0.3,961.3,24,220,68
2011-12-08 11:00:00,-0.7,961.7,11,177,78
2011-12-08 12:00:00,-0.8,963.4,19,161,85
2011-12-08 13:00:00,-4.3,963.5,22,130,77
2011-12-08 14:00:00,-2.8,959.1,19,102,73
2011-12-08 15:00:00,-4.6,966.4,15,92,85
2011-12-08 16:00:00,-5.4,959,4,106,77
2011-12-08 17:00:00,-5.6,961.5,18,91,86
2011-12-08 18:00:00,-4.6,963.9,14,105,71
2011-12-08 19:00:00,-2.6,962.4,18,71,76
2011-12-08 20:00:00,-3.9,960,15,104,80
2011-12-08 21:00:00,-2.1,960.6,14,117,73
2011-12-08 22:00:00,-3.6,966.8,26,108,84
2011-12-08 23:00:00,-3,963,13,188,79
2011-12-09 00:00:00,-3.1,965.8,13,204,100
2011-12-09 01:00:00,1.5,966.3,17,161,68
2011-12-09 02:00:00,1.2,961,25,268,83
2011-12-09 03:00:00,5.5,962.7,11,262,86
2011-12-09 04:00:00,6.5,958.6,12,326,71
2011-12-09 05:00:00,4.3,961.4,10,257,67
2011-12-09 06:00:00,4,959.5,17,288,80
2011-12-09 07:00:00,3,965.2,23,222,85
2011-12-09 08:00:00,2.5,963.5,8,246,82
2011-12-09 09:00:00,1.1,965,7,180,86
2011-12-09 10:00:00,0.6,959.6,22,180,77
2011-12-09 11:00:00,-0.8,961.1,22,167,84
2011-12-09 12:00:00,0.1,962,7,209,81
2011-12-09 13:00:00,-2.6,963.5,19,155,74
2011-12-09 14:00:00,-3.1,964.2,9,66,77
2011-12-09 15:00:00,-4.1,956.6,12,136,85
2011-12-09 16:00:00,-6.8,962.3,18,98,74
2011-12-09 17:00:00,-4.7,965.4,21,96,70
2011-12-09 18:00:00,-3.7,961.8,15,109,68
2011-12-09 19:00:00,-5.5,963.9,19,149,82
2011-12-09 20:00:00,-2.9,966.7,27,124,99
2011-12-09 21:00:00,-3.8,962.9,28,151,85
2011-12-09 22:00:00,-1.3,961.9,19,167,63
2011-12-09 23:00:00,-0.9,964.4,9,171,88
2011-12-10 00:00:00,-1.6,957.2,19,233,76
2011-12-10 01:00:00,-0.1,961.9,23,273,67
2011-12-10 02:00:00,-0.3,962.5,14,252,83
2011-12-10 03:00:00,0.4,966.7,10,249,75
2011-12-10 04:00:00,1.7,964.6,17,264,93
2011-12-10 05:00:00,1.5,959.1,18,260,85
2011-12-10 06:00:00,4.9,965.5,10,238,61
2011-12-10 07:00:00,3.9,962.3,10,247,79
2011-12-10 08:00:00,3.4,960.6,15,236,95
2011-12-10 09:00:00,3.3,963.2,11,267,91
2011-12-10 10:00:00,0.3,960.6,13,202,74
2011-12-10 11:00:00,0.1,964.7,22,198,87
2011-12-10 12:00:00,-1.1,961.5,18,109,72
2011-12-10 13:00:00,-2.4,960.8,27,102,68
2011-12-10 14:00:00,-2.4,964.2,25,122,65
2011-12-10 15:00:00,-1.5,962.8,6,87,69
2011-12-10 16:00:00,-5.6,960.1,19,40,75
2011-12-10 17:00:00,-4.5,956.4,16,83,69
2011-12-10 18:00:00,-5,961.8,18,47,76
2011-12-10 19:00:00,-4.4,967.2,16,97,74
2011-12-10 20:00:00,-1.4,958.9,15,94,73
2011-12-10 21:00:00,-3.3,965.9,24,151,79
2011-12-10 22:00:00,-2.6,957.7,22,133,89
2011-12-10 23:00:00,-0.5,958.3,22,209,77
2011-12-11 00:00:00,1.3,961.3,12,239,70
2011-12-11 01:00:00,-0.8,963.5,16,210,71
2011-12-11 02:00:00,-0.9,961.7,17,230,81
2011-12-11 03:00:00,3.4,963.7,10,268,87
2011-12-11 04:00:00,3.1,959.7,14,303,85
2011-12-11 05:00:00,2.3,963.1,11,202,80
2011-12-11 06:00:00,1.2,961.3,14,237,62
2011-12-11 07:00:00,3.1,961.8,9,246,87
2011-12-11 08:00:00,-0.3,967.8,27,268,76
2011-12-11 09:00:00,1.7,958.1,22,211,90
2011-12-11 10:00:00,1.1,965.5,16,181,85
2011-12-11 11:00:00,-2.7,959.5,9,174,76
2011-12-11 12:00:00,2.8,959.8,11,150,83
2011-12-11 13:00:00,-1.5,967.8,17,109,89
2011-12-11 14:00:00,-4.2,961.9,17,132,76
2011-12-11 15:00:00,-3.7,965.5,10,64,77
2011-12-11 16:00:00,-4.8,965.4,26,109,73
2011-12-11 17:00:00,-3.6,960.2,15,138,82
2011-12-11 18:00:00,-4.7,964.1,18,42,70
2011-12-11 19:00:00,-4.6,961.5,21,124,81
2011-12-11 20:00:00,-7.4,960,14,145,77
2011-12-11 21:00:00,-6.2,965.9,15,104,80
2011-12-11 22:00:00,-4.2,966,14,161,78
2011-12-11 23:00:00,-3,963.7,13,134,83
2011-12-12 00:00:00,-3.1,963.4,24,210,83
2011-12-12 01:00:00,0.3,963.9,19,250,75
2011-12-12 02:00:00,0.3,963.3,24,218,81
2011-12-12 03:00:00,0.7,960.4,15,222,78
2011-12-12 04:00:00,2.4,961.2,14,259,83
2011-12-12 05:00:00,2.1,956.1,21,252,89
2011-12-12 06:00:00,-1.7,961.3,19,272,80
2011-12-12 07:00:00,-0.3,961.7,10,287,68
2011-12-12 08:00:00,2.9,961.2,19,244,82
2011-12-12 09:00:00,-0.2,960.9,14,189,73
2011-12-12 10:00:00,0.8,960.2,11,231,77
2011-12-12 11:00:00,-0.5,963.3,13,214,77
2011-12-12 12:00:00,-3,962.7,6,152,87
2011-12-12 13:00:00,-1.5,961.9,18,153,81
2011-12-12 14:00:00,-3.3,965.8,16,109,82
2011-12-12 15:00:00,-1.9,966.7,15,67,80
2011-12-12 16:00:00,-4.2,959.1,3,71,78
2011-12-12 17:00:00,-5.5,963.7,16,119,78
2011-12-12 18:00:00,-4.6,964.1,21,90,84
2011-12-12 19:00:00,-3.4,958.1,24,84,70
2011-12-12 20:00:00,-5.3,963.2,10,170,87
2011-12-12 21:00:00,-5.3,965.6,23,150,69
2011-12-12 22:00:00,-3.1,959.6,31,146,75
2011-12-12 23:00:00,-2.1,964.9,22,238,74
2011-12-13 00:00:00,-1,961.5,17,180,82
2011-12-13 01:00:00,-2,964.1,17,222,96
2011-12-13 02:00:00,-0.3,961.8,20,275,86
2011-12-13 03:00:00,2.6,961.3,20,334,75
2011-12-13 04:00:00,0,965.1,8,248,74
2011-12-13 05:00:00,2,964.9,26,242,83
2011-12-13 06:00:00,2.6,962.7,16,271,77
2011-12-13 07:00:00,1.4,959.3,7,278,96
2011-12-13 08:00:00,3,960.5,23,322,66
2011-12-13 09:00:00,2.7,961.9,15,203,80
2011-12-13 10:00:00,-1,960.9,15,177,81
2011-12-13 11:00:00,-0.8,966.8,12,183,89
2011-12-13 12:00:00,-0.5,961.1,15,156,89
2011-12-13 13:00:00,-2.1,958.1,14,156,84
2011-12-13 14:00:00,-2.5,965,21,109,66
2011-12-13 15:00:00,-2.8,960.9,10,88,79
2011-12-13 16:00:00,-3.9,966.4,12,114,79
2011-12-13 17:00:00,-2.7,958.4,19,81,75
2011-12-13 18:00:00,-7,959.5,16,152,84
2011-12-13 19:00:00,-4.3,960.4,17,140,79
2011-12-13 20:00:00,-4.6,966.6,19,120,94
2011-12-13 21:00:00,-4.3,960.4,12,128,83
2011-12-13 22:00:00,-3,968.9,13,154,87
2011-12-13 23:00:00,0.9,960.4,15,180,86
2011-12-14 00:00:00,-2.2,962.1,15,238,77
2011-12-14 01:00:00,-1,969.3,11,175,76
2011-12-14 02:00:00,2.2,962.5,11,247,68
2011-12-14 03:00:00,-1,962.6,10,295,70
2011-12-14 04:00:00,1.1,962,19,293,90
2011-12-14 05:00:00,4.2,968.6,9,246,77
2011-12-14 06:00:00,2.4,967.3,5,282,81
2011-12-14 07:00:00,5.4,958.2,13,224,74
2011-12-14 08:00:00,3.1,966.8,9,254,83
2011-12-14 09:00:00,0.6,957.9,15,247,84
2011-12-14 10:00:00,1.5,962.5,19,190,94
2011-12-14 11:00:00,0.3,957.3,16,195,73
2011-12-14 12:00:00,-1.8,957,18,151,70
2011-12-14 13:00:00,-4.8,961,14,158,83
2011-12-14 14:00:00,-2,962.1,17,121,98
2011-12-14 15:00:00,-5.9,967.4,26,99,80
2011-12-14 16:00:00,-5.5,963.8,17,118,67
2011-12-14 17:00:00,-3.9,964.8,19,82,79
2011-12-14 18:00:00,-5.3,963.5,11,21,81
2011-12-14 20:00:00,-5.3,961.7,14,61,67
2011-12-14 21:00:00,-4.6,967.2,4,136,74
2011-12-14 22:00:00,-4,970.4,24,141,87
2011-12-14 23:00:00,-0.9,961.1,16,172,83
2011-12-15 00:00:00,-2.9,958.2,20,177,70
2011-12-15 01:00:00,-0.4,970.4,14,177,72
2011-12-15 02:00:00,1.4,959.4,15,212,78
2011-12-15 03:00:00,1.4,962.3,15,226,87
2011-12-15 04:00:00,3.8,963.9,15,305,79
2011-12-15 05:00:00,4.5,964.6,29,233,77
2011-12-15 06:00:00,4.2,962,20,187,82
2011-12-15 07:00:00,1.7,965.3,16,260,84
2011-12-15 08:00:00,3.8,965.4,9,267,86
2011-12-15 09:00:00,2.2,961.1,18,216,79
2011-12-15 10:00:00,0.1,964.9,16,176,77
2011-12-15 11:00:00,-0.1,963.9,15,99,83
2011-12-15 12:00:00,-0.2,959.8,10,199,92
2011-12-15 13:00:00,-2.1,964.7,20,151,75
2011-12-15 14:00:00,-2.2,966,24,121,74
2011-12-15 15:00:00,-3.4,961.1,6,102,84
2011-12-15 16:00:00,-3.6,962.2,23,69,75
2011-12-15 17:00:00,-5.7,962.3,13,78,79
2011-12-15 18:00:00,-5.5,958.2,23,78,74
2011-12-15 19:00:00,-5.5,960.4,9,111,71
2011-12-15 20:00:00,-5.7,966.4,21,72,74
2011-12-15 21:00:00,-4.7,967,12,155,75
2011-12-15 22:00:00,-3.3,960,11,120,85
2011-12-15 23:00:00,-4.2,970.6,19,222,79
2011-12-16 00:00:00,-4.3,963.9,15,194,84
2011-12-16 01:00:00,0.7,962.6,17,197,87
2011-12-16 02:00:00,1.7,957.9,20,227,92
2011-12-16 03:00:00,0.5,962.1,18,280,72
2011-12-16 04:00:00,1.7,962.9,23,256,70
2011-12-16 05:00:00,2.5,963,19,274,86
2011-12-16 06:00:00,3.7,960.4,19,296,80
2011-12-16 07:00:00,5.7,967.1,23,215,71
2011-12-16 08:00:00,1.4,965.1,18,199,87
2011-12-16 09:00:00,0.1,961.6,14,245,87
2011-12-16 10:00:00,0.4,964.6,16,241,79
2011-12-16 11:00:00,-1.4,964.7,29,232,72
2011-12-16 12:00:00,0.2,960.4,15,136,88
2011-12-16 13:00:00,1.8,968.3,15,199,78
2011-12-16 14:00:00,-3.7,966.9,23,90,76
2011-12-16 15:00:00,-6.1,960.9,8,79,82
2011-12-16 16:00:00,-5.9,970,18,78,83
2011-12-16 17:00:00,-4.3,966.7,12,108,85
2011-12-16 18:00:00,-2.7,961.1,21,94,78
2011-12-16 19:00:00,-6.2,960,18,101,70
2011-12-16 20:00:00,-4.7,961.5,19,107,90
2011-12-16 21:00:00,-3.7,959.4,21,124,80
2011-12-16 22:00:00,-2.8,962.9,16,166,69
2011-12-16 23:00:00,-3.9,961.9,28,169,67
2011-12-17 00:00:00,-0.9,960.3,25,210,76
2011-12-17 01:00:00,0.6,963.7,7,189,76
2011-12-17 02:00:00,2.2,965.4,24,231,94
2011-12-17 03:00:00,0.5,964.1,10,302,88
2011-12-17 04:00:00,1,958.7,10,275,88
2011-12-17 05:00:00,3.3,959.6,14,269,79
2011-12-17 06:00:00,2.7,963.1,14,261,68
2011-12-17 07:00:00,3.3,961.2,12,254,78
2011-12-17 08:00:00,1.6,962.9,13,220,97
2011-12-17 09:00:00,1.3,966.5,19,210,79
2011-12-17 10:00:00,2,957.6,19,214,93
2011-12-17 11:00:00,-2.7,968.7,18,172,87
2011-12-17 12:00:00,-1.5,962.7,24,214,79
2011-12-17 13:00:00,-1.7,963.4,23,119,80
2011-12-17 14:00:00,-2.6,964.2,12,140,79
2011-12-17 15:00:00,-6,964.8,13,61,69
2011-12-17 16:00:00,-2.4,963.4,18,67,64
2011-12-17 17:00:00,-6,960.6,5,115,88
2011-12-17 18:00:00,-4.6,958.2,18,65,67
2011-12-17 19:00:00,-9.1,963.8,17,102,93
2011-12-17 20:00:00,-5.4,963.1,5,122,87
2011-12-17 21:00:00,-8,960.5,15,67,79
2011-12-17 23:00:00,-5.3,962.2,15,175,85
2011-12-18 00:00:00,-0.5,971.6,21,185,86
2011-12-18 01:00:00,-0.1,965.4,10,280,76
2011-12-18 02:00:00,-0.6,958.9,19,210,77
2011-12-18 03:00:00,2,961.4,12,247,76
2011-12-18 04:00:00,0,962.2,27,249,87
2011-12-18 05:00:00,2.1,962.6,22,265,83
2011-12-18 06:00:00,1.4,958.4,18,238,81
2011-12-18 07:00:00,-0.3,966.6,12,248,75
2011-12-18 08:00:00,-0.9,965.7,22,234,81
2011-12-18 09:00:00,2.6,965.8,22,178,69
2011-12-18 10:00:00,1.4,958.7,19,199,85
2011-12-18 11:00:00,-2.3,967.9,14,170,93
2011-12-18 12:00:00,-4.7,958.8,15,138,84
2011-12-18 13:00:00,-2.8,959.7,16,116,84
2011-12-18 14:00:00,-2.6,967,20,143,88
2011-12-18 15:00:00,-4.4,962.4,16,132,72
2011-12-18 16:00:00,-7.3,966.7,11,71,73
2011-12-18 17:00:00,-7.1,961.9,14,106,64
2011-12-18 18:00:00,-6.6,957.4,11,60,84
2011-12-18 19:00:00,-7.6,965.6,8,103,71
2011-12-18 20:00:00,-4.5,968.8,7,113,76
2011-12-18 21:00:00,-2.2,964.2,15,181,91
2011-12-18 22:00:00,-4,962.3,16,97,95
2011-12-18 23:00:00,-2.4,962.1,7,161,68
2011-12-19 00:00:00,-2.3,966.9,14,224,93
2011-12-19 01:00:00,0.2,964.9,12,194,87
2011-12-19 02:00:00,1.7,955.5,11,249,75
2011-12-19 03:00:00,2.8,967,11,294,81
2011-12-19 04:00:00,2.3,972.2,17,278,82
2011-12-19 05:00:00,1.3,964.5,18,252,72
2011-12-19 06:00:00,4.7,961.6,13,206,80
2011-12-19 07:00:00,1.4,961.2,16,251,94
2011-12-19 08:00:00,0,967.7,12,251,85
2011-12-19 09:00:00,1.6,966,17,245,92
2011-12-19 10:00:00,1.3,963.2,12,217,75
2011-12-19 11:00:00,-0.9,958.4,14,179,97
2011-12-19 12:00:00,-4.3,965,21,202,95
2011-12-19 13:00:00,-2.9,965.6,13,138,74
2011-12-19 14:00:00,-4.5,966.6,19,125,84
2011-12-19 15:00:00,-5.5,968.3,25,69,72
2011-12-19 16:00:00,-4.5,965.8,14,88,82
2011-12-19 17:00:00,-11,962.4,19,107,74
2011-12-19 18:00:00,-5.7,968.2,19,113,81
2011-12-19 19:00:00,-7.6,966.9,27,122,80
2011-12-19 20:00:00,-2.7,966.1,12,149,80
2011-12-19 21:00:00,-3,964.1,24,164,69
2011-12-19 22:00:00,-4.3,959.9,12,147,85
2011-12-19 23:00:00,-4.2,965,19,230,78
2011-12-20 00:00:00,-2.1,967.2,17,211,82
2011-12-20 01:00:00,1.4,963.2,19,246,94
2011-12-20 02:00:00,0,960.4,15,245,73
2011-12-20 03:00:00,2.2,962,12,239,75
2011-12-20 04:00:00,-0.3,967.5,25,238,96
2011-12-20 05:00:00,0.8,962.3,26,253,77
2011-12-20 06:00:00,1.7,967,16,271,78
2011-12-20 07:00:00,1.8,962.7,16,244,82
2011-12-20 08:00:00,2.4,967.3,15,271,85
2011-12-20 09:00:00,0.4,965.5,15,243,69
2011-12-20 10:00:00,-0.2,964.1,11,223,72
2011-12-20 11:00:00,-1.1,966.7,11,193,88
2011-12-20 12:00:00,-1.3,970.2,15,149,82
2011-12-20 13:00:00,-1,960.9,19,150,84
2011-12-20 14:00:00,-4.6,966.4,11,162,75
2011-12-20 15:00:00,-6.5,963.3,14,88,67
2011-12-20 16:00:00,-6,961.4,13,101,86
2011-12-20 17:00:00,-7.1,961.3,16,16,70
2011-12-20 18:00:00,-5.3,960.1,14,132,76
2011-12-20 19:00:00,-7,964.3,10,89,84
2011-12-20 20:00:00,-2.3,969.5,19,85,85
2011-12-20 21:00:00,-5.6,963.2,14,119,83
2011-12-20 22:00:00,-3.7,965.4,23,179,94
2011-12-20 23:00:00,-3.3,963.7,20,206,99
2011-12-21 00:00:00,-1,962.8,26,218,88
2011-12-21 01:00:00,-0.6,963,21,220,77
2011-12-21 02:00:00,1.3,967.4,17,247,69
2011-12-21 03:00:00,1.6,965,10,224,85
2011-12-21 04:00:00,-0.2,969.1,25,297,79
2011-12-21 05:00:00,1.2,968.9,16,272,83
2011-12-21 07:00:00,0.4,964.5,15,288,89
2011-12-21 08:00:00,0.4,964.1,13,289,85
2011-12-21 09:00:00,1.1,963.6,21,249,71
2011-12-21 10:00:00,1.4,961,26,182,76
2011-12-21 11:00:00,-1.4,962.2,17,174,73
2011-12-21 12:00:00,-1.7,969.6,9,155,82
2011-12-21 13:00:00,-3.9,973.2,8,107,80
2011-12-21 14:00:00,-3.3,963.3,21,133,74
2011-12-21 15:00:00,-6,961.2,19,51,90
2011-12-21 16:00:00,-4.5,963.7,9,129,72
2011-12-21 17:00:00,-4.1,962.8,17,109,77
2011-12-21 18:00:00,-4.1,965.9,16,101,79
2011-12-21 19:00:00,-6.9,968.1,12,108,83
2011-12-21 20:00:00,-4.2,964.3,16,120,75
2011-12-21 21:00:00,-6.3,964.4,26,98,81
2011-12-21 22:00:00,-4.6,960,20,129,81
2011-12-21 23:00:00,-1.3,962.6,10,205,82
2011-12-22 00:00:00,-3.7,962.4,13,214,71
2011-12-22 01:00:00,-1.4,966.3,25,216,85
2011-12-22 02:00:00,1.2,965.5,21,265,82
2011-12-22 03:00:00,-2.9,962.2,7,263,88
2011-12-22 04:00:00,3.7,963.9,22,272,78
2011-12-22 05:00:00,2,963.3,14,281,87
2011-12-22 06:00:00,-0.6,961.8,20,286,82
2011-12-22 07:00:00,1.1,964.3,18,205,78
2011-12-22 08:00:00,-0.6,966.6,17,230,68
2011-12-22 09:00:00,1.8,964.8,10,170,77
2011-12-22 10:00:00,0.7,964.8,19,219,86
2011-12-22 11:00:00,-0.8,961.4,6,141,71
2011-12-22 12:00:00,-3.4,969.3,22,169,85
2011-12-22 13:00:00,-4.6,960.1,5,146,72
2011-12-22 14:00:00,-5.3,968.1,20,122,89
2011-12-22 15:00:00,-2.6,966.8,16,115,79
2011-12-22 16:00:00,-6.7,968.7,19,75,70
2011-12-22 17:00:00,-5.1,960.2,16,113,75
2011-12-22 18:00:00,-4.1,963.4,15,127,78
2011-12-22 19:00:00,-5.3,963.2,15,36,70
2011-12-22 20:00:00,-6,962.9,19,133,75
2011-12-22 21:00:00,-6.1,960.8,19,190,76
2011-12-22 22:00:00,-4.9,963.8,17,174,84
2011-12-22 23:00:00,-4.2,963.2,12,158,74
2011-12-23 00:00:00,-1.8,963.1,24,212,80
2011-12-23 01:00:00,-1.8,959.1,21,204,85
2011-12-23 02:00:00,0.6,964,13,267,82
2011-12-23 03:00:00,0.7,958.9,12,293,83
2011-12-23 04:00:00,1.3,967.8,14,265,85
2011-12-23 05:00:00,2.8,963.4,14,312,91
2011-12-23 06:00:00,3.9,965.1,21,261,66
2011-12-23 07:00:00,0.8,964.6,22,268,79
2011-12-23 08:00:00,2.3,965.6,12,275,84
2011-12-23 09:00:00,0.2,971.9,14,194,70
2011-12-23 10:00:00,0.1,970.9,7,160,74
2011-12-23 11:00:00,-2.9,963.3,15,155,75
2011-12-23 12:00:00,-1.3,964.6,8,134,71
2011-12-23 13:00:00,-1.9,963.7,17,142,67
2011-12-23 14:00:00,-3.9,965.9,19,108,77
2011-12-23 15:00:00,-7.3,968.3,15,129,79
2011-12-23 16:00:00,-7.6,966.2,14,127,69
2011-12-23 17:00:00,-3.3,967.6,6,126,86
2011-12-23 18:00:00,-7.5,962.2,17,47,72
2011-12-23 19:00:00,-6.7,966,14,64,87
2011-12-23 20:00:00,-6.7,964.5,14,80,86
2011-12-23 21:00:00,-5.2,965.1,17,155,77
2011-12-23 22:00:00,-2.6,965.4,16,136,74
2011-12-23 23:00:00,-2.5,964.4,15,149,79
2011-12-24 00:00:00,-2.4,964.7,16,235,71
2011-12-24 01:00:00,0.9,970.5,21,239,80
2011-12-24 02:00:00,-1.2,967.5,16,286,75
2011-12-24 03:00:00,2.6,969.7,18,268,81
2011-12-24 04:00:00,2,963,24,230,89
2011-12-24 05:00:00,0.1,961.3,14,313,79
2011-12-24 06:00:00,1.7,964,16,299,100
2011-12-24 07:00:00,1.3,967.9,16,220,79
2011-12-24 08:00:00,1.1,959.7,9,224,81
2011-12-24 09:00:00,0.2,966.3,8,214,74
2011-12-24 10:00:00,-1.1,968.1,24,179,87
2011-12-24 11:00:00,0,961,19,145,64
2011-12-24 12:00:00,-2.6,965.2,27,153,80
2011-12-24 13:00:00,-2.7,966.8,16,180,92
2011-12-24 14:00:00,-0.5,970,15,125,64
2011-12-24 15:00:00,-6.5,964.8,23,118,90
2011-12-24 17:00:00,-3.2,962.1,18,104,81
2011-12-24 18:00:00,-7.6,970.9,18,105,75
2011-12-24 19:00:00,-2.7,964.9,16,128,90
2011-12-24 20:00:00,-6.2,964.5,17,121,84
2011-12-24 21:00:00,-5,963.1,6,137,82
2011-12-24 22:00:00,-2.8,955.3,8,125,84
2011-12-24 23:00:00,-5.7,966.1,23,219,70
2011-12-25 00:00:00,-5,965.9,10,194,73
2011-12-25 01:00:00,-0.4,959.9,9,231,79
2011-12-25 02:00:00,-2.4,961.7,20,204,83
2011-12-25 03:00:00,0.3,962.2,20,243,67
2011-12-25 04:00:00,1.9,972,14,289,79
2011-12-25 05:00:00,3.6,961.8,8,261,77
2011-12-25 06:00:00,-0.2,962,18,245,83
2011-12-25 07:00:00,1,967.4,23,292,77
2011-12-25 08:00:00,3.9,966.4,16,230,84
2011-12-25 09:00:00,0.1,968.1,8,211,92
2011-12-25 10:00:00,1.7,962.1,18,183,93
2011-12-25 11:00:00,1.7,960.6,21,183,66
2011-12-25 12:00:00,1.7,961.3,11,141,93
2011-12-25 13:00:00,-4.4,966.8,12,71,77
2011-12-25 14:00:00,-1.6,963.5,19,172,83
2011-12-25 15:00:00,-5.3,963.8,19,74,87
2011-12-25 16:00:00,-2.8,963,16,80,81
2011-12-25 17:00:00,-9.2,962.5,10,72,71
2011-12-25 18:00:00,-6.9,964.8,18,152,72
2011-12-25 19:00:00,-3.6,963.3,22,99,80
2011-12-25 20:00:00,-4.4,965.6,24,180,82
2011-12-25 21:00:00,-8.5,971,11,156,81
2011-12-25 22:00:00,-2.1,965,18,123,70
2011-12-25 23:00:00,-3.2,969.9,19,161,78
2011-12-26 00:00:00,0.6,965.5,17,182,79
2011-12-26 01:00:00,-1.7,968.4,13,174,63
2011-12-26 02:00:00,0.4,969.3,21,278,68
2011-12-26 03:00:00,1.5,966.6,20,263,74
2011-12-26 04:00:00,1.8,969.3,23,232,85
2011-12-26 05:00:00,4.2,968.1,22,278,72
2011-12-26 06:00:00,3.6,965.7,14,287,76
2011-12-26 07:00:00,3.5,969,13,192,75
2011-12-26 08:00:00,-0.5,963.1,19,271,83
2011-12-26 09:00:00,-0.7,964.8,14,196,89
2011-12-26 10:00:00,-0.5,967.4,15,156,81
2011-12-26 11:00:00,-3.8,964.3,15,198,78
2011-12-26 12:00:00,0.8,965.6,16,223,70
2011-12-26 13:00:00,0.8,965.9,16,141,76
2011-12-26 14:00:00,-4,968.4,16,151,97
2011-12-26 16:00:00,-4.7,968.2,13,104,75
2011-12-26 17:00:00,-5.7,961.8,15,71,75
2011-12-26 18:00:00,-6.6,967.5,9,107,85
2011-12-26 19:00:00,-4.9,965.2,23,104,77
2011-12-26 20:00:00,-5.7,969.4,16,97,65
2011-12-26 21:00:00,-4.2,968.3,10,174,80
2011-12-26 22:00:00,-2.5,968,16,145,69
2011-12-26 23:00:00,-2,962.3,22,188,77
2011-12-27 00:00:00,-2.5,961.6,23,251,86
2011-12-27 01:00:00,-3.1,968.7,11,232,93
2011-12-27 02:00:00,-3,966.4,14,193,74
2011-12-27 03:00:00,0.3,960.9,19,204,69
2011-12-27 04:00:00,2.4,964.4,21,240,85
2011-12-27 05:00:00,3.4,967.4,19,291,74
2011-12-27 06:00:00,2.9,969.6,22,278,82
2011-12-27 07:00:00,1.6,969.2,17,244,60
2011-12-27 08:00:00,2.2,966,18,207,81
2011-12-27 09:00:00,0.3,963.1,25,217,74
2011-12-27 10:00:00,-1.4,969,16,169,90
2011-12-27 11:00:00,-1,968,11,206,89
2011-12-27 12:00:00,-2.3,967.8,18,146,69
2011-12-27 13:00:00,-0.5,969.2,29,110,87
2011-12-27 14:00:00,-4.9,966.6,12,108,81
2011-12-27 15:00:00,0.4,962.4,20,63,85
2011-12-27 16:00:00,-6.1,969.9,23,61,80
2011-12-27 17:00:00,-4.3,964.5,5,60,77
2011-12-27 18:00:00,-6.9,965.5,9,95,87
2011-12-27 19:00:00,-3.7,968.5,15,96,83
2011-12-27 20:00:00,-5.1,969.3,22,161,67
2011-12-27 21:00:00,-5.5,966.9,17,163,73
2011-12-27 22:00:00,-3.9,969.4,19,163,83
2011-12-27 23:00:00,-2.4,962.7,16,169,72
2011-12-28 00:00:00,-3.6,963.9,14,173,80
2011-12-28 01:00:00,-0.2,966,18,210,73
2011-12-28 02:00:00,1.5,968,12,197,76
2011-12-28 03:00:00,-1.3,968.7,16,282,73
2011-12-28 04:00:00,-0.3,966.8,22,293,82
2011-12-28 05:00:00,3.7,966.9,21,251,82
2011-12-28 06:00:00,1.9,965.4,17,263,77
2011-12-28 07:00:00,1,964.8,12,247,70
2011-12-28 08:00:00,-1,962.8,14,235,82
2011-12-28 09:00:00,1.3,969,23,203,79
2011-12-28 10:00:00,1.2,968.8,12,185,86
2011-12-28 11:00:00,-0.3,969.3,14,192,76
2011-12-28 12:00:00,0.3,966.1,19,172,64
2011-12-28 13:00:00,-0.3,972.2,15,130,76
2011-12-28 14:00:00,-5.8,964.5,16,110,87
2011-12-28 15:00:00,-8,965.8,22,114,74
2011-12-28 16:00:00,-6.8,971.2,15,93,87
2011-12-28 17:00:00,-2.8,965.6,22,106,75
2011-12-28 18:00:00,-4.8,963.5,18,114,73
2011-12-28 19:00:00,-6,965.5,16,116,81
2011-12-28 20:00:00,-3.8,962.2,15,91,72
2011-12-28 21:00:00,-7.5,966,27,151,86
2011-12-28 22:00:00,-3.3,969,11,153,79
2011-12-28 23:00:00,-4.9,967.4,24,179,83
2011-12-29 00:00:00,-3.4,968.3,25,199,76
2011-12-29 01:00:00,1,968.1,22,294,82
2011-12-29 02:00:00,0.8,973.2,14,260,71
2011-12-29 03:00:00,2.2,965.2,13,209,84
2011-12-29 04:00:00,0.8,964.8,17,215,78
2011-12-29 05:00:00,2.8,972.7,17,263,69
2011-12-29 06:00:00,4.1,968.8,7,240,94
2011-12-29 07:00:00,-0.7,969.5,24,247,92
2011-12-29 08:00:00,2,964.1,12,233,78
2011-12-29 09:00:00,1.8,962.5,16,211,76
2011-12-29 10:00:00,-0.1,964,16,223,81
2011-12-29 11:00:00,-2.8,965.3,21,172,89
2011-12-29 12:00:00,-0.8,966.7,11,194,82
2011-12-29 13:00:00,-2.2,963.7,11,118,74
2011-12-29 14:00:00,-3.9,967.6,21,67,77
2011-12-29 15:00:00,-9,971.3,15,100,86
2011-12-29 16:00:00,-4.4,964.1,15,94,85
2011-12-29 17:00:00,-6.5,969.2,13,93,92
2011-12-29 18:00:00,-9.1,964.8,22,100,72
2011-12-29 19:00:00,-7.3,964,21,89,67
2011-12-29 20:00:00,-5.2,966.2,18,92,87
2011-12-29 21:00:00,-4.4,967.4,12,168,95
2011-12-29 23:00:00,-3.8,968.2,8,193,82
2011-12-30 00:00:00,-1.4,961.2,18,242,78
2011-12-30 01:00:00,-2.5,966,13,216,75
2011-12-30 02:00:00,1,968.3,18,256,64
2011-12-30 03:00:00,0.8,966.3,19,243,73
2011-12-30 04:00:00,0,965.3,21,333,88
2011-12-30 05:00:00,0.8,970.7,20,249,62
2011-12-30 06:00:00,0.5,975,15,255,63
2011-12-30 07:00:00,1.7,970.6,14,221,82
2011-12-30 08:00:00,3.3,963.7,13,276,80
2011-12-30 09:00:00,4.2,970.3,15,224,66
2011-12-30 10:00:00,2.3,965,24,220,59
2011-12-30 11:00:00,-2.4,971.5,21,136,90
2011-12-30 12:00:00,-3.8,972.1,19,179,88
2011-12-30 13:00:00,-2.8,969.2,10,112,90
2011-12-30 14:00:00,-6.2,968.3,22,159,76
2011-12-30 15:00:00,-5.2,967,14,80,89
2011-12-30 16:00:00,-4.5,971.7,17,111,77
2011-12-30 17:00:00,-8,968.9,9,117,80
2011-12-30 18:00:00,-7.9,964.5,23,121,88
2011-12-30 19:00:00,-8.6,969.5,10,112,69
2011-12-30 20:00:00,-4.5,965.9,11,134,73
2011-12-30 21:00:00,-3.1,976.2,24,142,87
2011-12-30 22:00:00,-2.7,969.6,18,154,83
2011-12-30 23:00:00,-4.1,965.6,17,163,81
2011-12-31 00:00:00,-3.2,965.1,14,232,69
2011-12-31 01:00:00,-2.5,967.4,21,202,86
2011-12-31 02:00:00,-0.6,969.6,22,291,79
2011-12-31 03:00:00,-0.4,971.1,16,262,77
2011-12-31 04:00:00,0.7,964.4,25,289,71
2011-12-31 05:00:00,0.4,963.9,15,240,81
2011-12-31 06:00:00,2.5,965.9,18,211,71
2011-12-31 07:00:00,0.2,968.2,23,229,76
2011-12-31 08:00:00,-0.7,970.3,9,263,79
2011-12-31 09:00:00,0.4,967.4,10,218,73
2011-12-31 10:00:00,-2.7,965.9,20,218,82
2011-12-31 11:00:00,-1.8,966.8,17,176,81
2011-12-31 12:00:00,-0.4,966.9,22,133,78
2011-12-31 13:00:00,-1.9,969,14,152,78
2011-12-31 14:00:00,-4.7,971.4,29,86,60
2011-12-31 15:00:00,-6,968.1,16,146,80
2011-12-31 16:00:00,-5.4,964.1,22,98,78
2011-12-31 17:00:00,-7.1,971.3,16,91,73
2011-12-31 18:00:00,-5.4,973.1,18,105,83
2011-12-31 19:00:00,-5.6,967,8,141,72
2011-12-31 20:00:00,-7,963.4,14,101,99
2011-12-31 21:00:00,-4,966.1,10,98,73
2011-12-31 22:00:00,-3.6,970.2,22,153,77
2011-12-31 23:00:00,-1.8,962.8,12,186,75
